ISO-10303-21;
HEADER;
FILE_DESCRIPTION (( 'STEP AP214' ),
    '1' );
FILE_NAME ('1752434124255.step',
    '2025-07-13T19:10:17',
    ( 'EC2' ),
    ( 'Amazon.com' ),
    'FaSTEP 2.0',
    'Forface 3D 2020',
    '' );
FILE_SCHEMA (( 'AUTOMOTIVE_DESIGN' ));
ENDSEC;

DATA;
#1 = APPLICATION_CONTEXT ( 'automotive_design' ) ;
#2 = CARTESIAN_POINT ( 'NONE',  ( 2.781152024881147877, 8.559509365782265178, 42.95548825381625591 ) ) ;
#3 = CARTESIAN_POINT ( 'NONE',  ( -9.000000398245260769, 1.102182168003596278E-15, 65.00000000000001421 ) ) ;
#4 = ORIENTED_EDGE ( 'NONE', *, *, #7110, .F. ) ;
#5 = CARTESIAN_POINT ( 'NONE',  ( 0.0000000000000000000, 0.0000000000000000000, 0.0000000000000000000 ) ) ;
#6 = EDGE_CURVE ( 'NONE', #5026, #6114, #6423, .T. ) ;
#7 = CARTESIAN_POINT ( 'NONE',  ( 4.500000178944231877, -1.462138082314248244, 40.07520161619800092 ) ) ;
#8 = ORIENTED_EDGE ( 'NONE', *, *, #6649, .T. ) ;
#9 = FILL_AREA_STYLE ('',( #6191 ) ) ;
#10 = DIRECTION ( 'NONE',  ( 1.000000000000000000, 0.0000000000000000000, 0.0000000000000000000 ) ) ;
#11 = EDGE_LOOP ( 'NONE', ( #2178, #5810, #5030, #5985 ) ) ;
#12 = CARTESIAN_POINT ( 'NONE',  ( 7.281152624135242668, 5.290068395820918923, 45.02929463290139012 ) ) ;
#13 = EDGE_CURVE ( 'NONE', #4599, #2058, #2895, .T. ) ;
#14 = DIRECTION ( 'NONE',  ( 1.000000000000000000, 0.0000000000000000000, 0.0000000000000000000 ) ) ;
#15 = CARTESIAN_POINT ( 'NONE',  ( -4.500000000000001776, 3.497138751903461675E-17, 55.43510324382710763 ) ) ;
#16 = VERTEX_POINT ( 'NONE', #2499 ) ;
#17 = CARTESIAN_POINT ( 'NONE',  ( 5.562305207913777139, 7.655858294680395915, 17.49375437727096028 ) ) ;
#18 = VECTOR ( 'NONE', #6606, 1000.000000000000000 ) ;
#19 = ADVANCED_FACE ( 'NONE', ( #4082 ), #6395, .F. ) ;
#20 = FACE_OUTER_BOUND ( 'NONE', #4593, .T. ) ;
#21 = ORIENTED_EDGE ( 'NONE', *, *, #5157, .T. ) ;
#22 = ORIENTED_EDGE ( 'NONE', *, *, #1700, .T. ) ;
#23 = CARTESIAN_POINT ( 'NONE',  ( 0.0000000000000000000, 0.0000000000000000000, 0.0000000000000000000 ) ) ;
#24 = CARTESIAN_POINT ( 'NONE',  ( 4.499999821055709504, 1.462139183781860474, 61.04368833805882844 ) ) ;
#25 = DIRECTION ( 'NONE',  ( 0.0000000000000000000, 0.0000000000000000000, 1.000000000000000000 ) ) ;
#26 = EDGE_CURVE ( 'NONE', #2652, #7150, #3888, .T. ) ;
#27 = EDGE_LOOP ( 'NONE', ( #6168, #6180, #200, #4309 ) ) ;
#28 = CARTESIAN_POINT ( 'NONE',  ( 9.000000398245260769, 0.0000000000000000000, 0.0000000000000000000 ) ) ;
#29 = DIRECTION ( 'NONE',  ( 1.000000000000000000, 0.0000000000000000000, 0.0000000000000000000 ) ) ;
#30 = CARTESIAN_POINT ( 'NONE',  ( -9.000000040356647801, -2.924278496961536966, 4.857269930646623379 ) ) ;
#31 = AXIS2_PLACEMENT_3D ( 'NONE', #4741, #663, #1210 ) ;
#32 = CARTESIAN_POINT ( 'NONE',  ( 9.000000398245257216, -4.447680963534829263E-15, 8.198402386887869042 ) ) ;
#33 = EDGE_CURVE ( 'NONE', #3335, #6379, #4009, .T. ) ;
#34 = ORIENTED_EDGE ( 'NONE', *, *, #3731, .T. ) ;
#35 = CARTESIAN_POINT ( 'NONE',  ( -9.000000756133681890, 2.924276294026358247, 61.96538006209667770 ) ) ;
#36 = DIRECTION ( 'NONE',  ( 0.0000000000000000000, 0.0000000000000000000, 1.000000000000000000 ) ) ;
#37 = ADVANCED_FACE ( 'NONE', ( #3912 ), #6369, .T. ) ;
#38 = ORIENTED_EDGE ( 'NONE', *, *, #7277, .T. ) ;
#39 = CARTESIAN_POINT ( 'NONE',  ( 2.781152024881063500, 8.559509365782293600, 17.87616553268109598 ) ) ;
#40 =( BOUNDED_CURVE ( )  B_SPLINE_CURVE ( 2, ( #4578, #6868, #6969, #4524, #7016, #1216, #1772, #620, #4638, #773, #6920 ),
 .UNSPECIFIED., .F., .F. ) 
 B_SPLINE_CURVE_WITH_KNOTS ( ( 3, 2, 2, 2, 2, 3 ),
 ( 0.6964285707213444532, 0.6999999999999999556, 0.7035714285714286254, 0.7071428571428571841, 0.7107142857142857428, 0.7142857135784873579 ),
 .UNSPECIFIED. ) 
 CURVE ( )  GEOMETRIC_REPRESENTATION_ITEM ( )  RATIONAL_B_SPLINE_CURVE ( ( 1.000000000000000000, 0.9510565162951535312, 1.000000000000000000, 0.9510565162951535312, 1.000000000000000000, 0.9510565162951535312, 1.000000000000000000, 0.9510565162951535312, 1.000000000000000000, 0.9510565162951535312, 1.000000000000000000 ) ) 
 REPRESENTATION_ITEM ( '' )  );
#41 = ORIENTED_EDGE ( 'NONE', *, *, #2475, .T. ) ;
#42 = CARTESIAN_POINT ( 'NONE',  ( 4.500000000000001776, 2.201424196925436925E-14, 42.76184203830683117 ) ) ;
#43 = VECTOR ( 'NONE', #4041, 1000.000000000000000 ) ;
#44 = VECTOR ( 'NONE', #5819, 1000.000000000000000 ) ;
#45 = DIRECTION ( 'NONE',  ( -0.0000000000000000000, 0.0000000000000000000, 1.000000000000000000 ) ) ;
#46 =( BOUNDED_CURVE ( )  B_SPLINE_CURVE ( 2, ( #3105, #5916, #5444, #236, #877, #2008, #826, #6006, #1358, #3716, #5497 ),
 .UNSPECIFIED., .F., .F. ) 
 B_SPLINE_CURVE_WITH_KNOTS ( ( 3, 2, 2, 2, 2, 3 ),
 ( 0.4482758613861256292, 0.4517241379310344973, 0.4551724137931034697, 0.4586206896551723866, 0.4620689655172413590, 0.4655172406964704912 ),
 .UNSPECIFIED. ) 
 CURVE ( )  GEOMETRIC_REPRESENTATION_ITEM ( )  RATIONAL_B_SPLINE_CURVE ( ( 1.000000000000000000, 0.9510565162951535312, 1.000000000000000000, 0.9510565162951535312, 1.000000000000000000, 0.9510565162951535312, 1.000000000000000000, 0.9510565162951535312, 1.000000000000000000, 0.9510565162951535312, 1.000000000000000000 ) ) 
 REPRESENTATION_ITEM ( '' )  );
#47 = CARTESIAN_POINT ( 'NONE',  ( 1.390576998466231284, -4.279754153142052431, 33.08407897930543839 ) ) ;
#48 = FACE_OUTER_BOUND ( 'NONE', #5103, .T. ) ;
#49 = CARTESIAN_POINT ( 'NONE',  ( -4.500000000000000888, 1.672744002475890153E-15, 6.779088041935164455 ) ) ;
#50 = ORIENTED_EDGE ( 'NONE', *, *, #3519, .F. ) ;
#51 = ORIENTED_EDGE ( 'NONE', *, *, #4452, .F. ) ;
#52 = CARTESIAN_POINT ( 'NONE',  ( 2.781153417856640164, -3.827928297211957709, 49.32889561547234081 ) ) ;
#53 = CARTESIAN_POINT ( 'NONE',  ( 2.781154119997093943, -8.559508685037830134, 42.30099621968381740 ) ) ;
#54 = CARTESIAN_POINT ( 'NONE',  ( 4.500000000000000000, 2.121051914931829523E-16, 26.36503717773924294 ) ) ;
#55 = CARTESIAN_POINT ( 'NONE',  ( -3.640576150974021541, -2.645034080869125948, 18.79785725671893459 ) ) ;
#56 = EDGE_LOOP ( 'NONE', ( #3370, #3297, #5657, #5495 ) ) ;
#57 = DIRECTION ( 'NONE',  ( 0.0000000000000000000, 0.0000000000000000000, 1.000000000000000000 ) ) ;
#58 = VECTOR ( 'NONE', #57, 1000.000000000000000 ) ;
#59 = DIRECTION ( 'NONE',  ( 0.0000000000000000000, 0.0000000000000000000, 1.000000000000000000 ) ) ;
#60 = LINE ( 'NONE', #7356, #5072 ) ;
#61 = AXIS2_PLACEMENT_3D ( 'NONE', #7285, #5837, #6939 ) ;
#62 = ORIENTED_EDGE ( 'NONE', *, *, #3416, .T. ) ;
#63 = CARTESIAN_POINT ( 'NONE',  ( -9.000000398245262545, -6.217974015648454797E-14, 62.34779117411090255 ) ) ;
#64 = CARTESIAN_POINT ( 'NONE',  ( 9.000000398245262545, 3.571632292188978650E-14, 56.32001820896900313 ) ) ;
#65 = ORIENTED_EDGE ( 'NONE', *, *, #3169, .F. ) ;
#66 = ADVANCED_FACE ( 'NONE', ( #1414 ), #1491, .F. ) ;
#67 = AXIS2_PLACEMENT_3D ( 'NONE', #4033, #1139, #1272 ) ;
#68 = CARTESIAN_POINT ( 'NONE',  ( 2.781152024881088813, 8.559509365782284718, 45.25971756391084710 ) ) ;
#69 = CARTESIAN_POINT ( 'NONE',  ( 4.500000000000001776, 1.760551340680881641E-14, 51.97875927868521728 ) ) ;
#70 = DIRECTION ( 'NONE',  ( 0.0000000000000000000, 0.0000000000000000000, 1.000000000000000000 ) ) ;
#72 = ORIENTED_EDGE ( 'NONE', *, *, #4444, .T. ) ;
#71 = CARTESIAN_POINT ( 'NONE',  ( 9.000000398245260769, -5.781553898576993545E-14, 40.19041303830680789 ) ) ;
#73 = CARTESIAN_POINT ( 'NONE',  ( -9.000000756133735180, 2.924276294026187273, 18.18502317029933479 ) ) ;
#74 = ORIENTED_EDGE ( 'NONE', *, *, #7198, .T. ) ;
#75 = EDGE_LOOP ( 'NONE', ( #3245, #788, #3598, #3273 ) ) ;
#76 = EDGE_CURVE ( 'NONE', #210, #3624, #3834, .T. ) ;
#77 = CARTESIAN_POINT ( 'NONE',  ( 3.640576150974067726, 2.645034080869062443, 61.15889980356356403 ) ) ;
#78 = EDGE_LOOP ( 'NONE', ( #319, #1788, #2241, #2632 ) ) ;
#79 = CARTESIAN_POINT ( 'NONE',  ( 2.781152024881051510, 8.559509365782298929, 4.050789672113515039 ) ) ;
#80 = VECTOR ( 'NONE', #2456, 1000.000000000000000 ) ;
#81 = CARTESIAN_POINT ( 'NONE',  ( 9.000000040356702868, 2.924278496961375318, 56.70242940777504259 ) ) ;
#82 = DIRECTION ( 'NONE',  ( 0.0000000000000000000, 0.0000000000000000000, 1.000000000000000000 ) ) ;
#83 = DIRECTION ( 'NONE',  ( 1.000000000000000000, 0.0000000000000000000, 0.0000000000000000000 ) ) ;
#84 = ADVANCED_FACE ( 'NONE', ( #1538 ), #1573, .F. ) ;
#85 = CARTESIAN_POINT ( 'NONE',  ( 0.0000000000000000000, 0.0000000000000000000, 0.0000000000000000000 ) ) ;
#86 = VECTOR ( 'NONE', #4474, 1000.000000000000000 ) ;
#87 = ORIENTED_EDGE ( 'NONE', *, *, #5431, .T. ) ;
#88 = CARTESIAN_POINT ( 'NONE',  ( -3.640576150974075720, -2.645034080869051341, 55.39832652832707538 ) ) ;
#89 = CARTESIAN_POINT ( 'NONE',  ( 0.0000000000000000000, 0.0000000000000000000, 0.0000000000000000000 ) ) ;
#90 = ORIENTED_EDGE ( 'NONE', *, *, #94, .F. ) ;
#91 = EDGE_CURVE ( 'NONE', #626, #7245, #6447, .T. ) ;
#92 = DIRECTION ( 'NONE',  ( 0.0000000000000000000, 0.0000000000000000000, 1.000000000000000000 ) ) ;
#93 = CARTESIAN_POINT ( 'NONE',  ( -2.781152024881097251, -8.559509365782282941, 21.06530980791758267 ) ) ;
#94 = EDGE_CURVE ( 'NONE', #4326, #676, #658, .T. ) ;
#95 = ORIENTED_EDGE ( 'NONE', *, *, #4509, .F. ) ;
#96 = CARTESIAN_POINT ( 'NONE',  ( -2.781154119997063745, 8.559508685037840792, 8.622471533406763200 ) ) ;
#97 = CYLINDRICAL_SURFACE ( 'NONE', #512, 4.500000000000000888 ) ;
#98 = DIRECTION ( 'NONE',  ( 1.000000000000000000, 0.0000000000000000000, 0.0000000000000000000 ) ) ;
#99 = CARTESIAN_POINT ( 'NONE',  ( 3.640576798400456671, -2.645033189763085435, 33.31450191031489538 ) ) ;
#100 = LINE ( 'NONE', #4068, #2532 ) ;
#101 = DIRECTION ( 'NONE',  ( 0.0000000000000000000, 0.0000000000000000000, 1.000000000000000000 ) ) ;
#102 = CARTESIAN_POINT ( 'NONE',  ( -4.500000178944231877, 1.462138082314252019, 36.88605734096152133 ) ) ;
#103 = ADVANCED_FACE ( 'NONE', ( #1552 ), #3996, .F. ) ;
#104 = VERTEX_POINT ( 'NONE', #5292 ) ;
#105 = CARTESIAN_POINT ( 'NONE',  ( 5.790758204216049839E-07, -4.731580009072167137, 35.27309682389530110 ) ) ;
#106 = CARTESIAN_POINT ( 'NONE',  ( 9.000000398245260769, 0.0000000000000000000, 0.0000000000000000000 ) ) ;
#107 = DIRECTION ( 'NONE',  ( 0.0000000000000000000, 0.0000000000000000000, 1.000000000000000000 ) ) ;
#108 = EDGE_CURVE ( 'NONE', #1060, #6307, #3840, .T. ) ;
#109 = ORIENTED_EDGE ( 'NONE', *, *, #5095, .F. ) ;
#110 = CARTESIAN_POINT ( 'NONE',  ( 1.390576998466240610, -4.279754153142049766, 12.34601518845406254 ) ) ;
#111 = DIRECTION ( 'NONE',  ( 0.0000000000000000000, 0.0000000000000000000, 1.000000000000000000 ) ) ;
#112 = EDGE_CURVE ( 'NONE', #5517, #4751, #776, .T. ) ;
#113 = CARTESIAN_POINT ( 'NONE',  ( 3.640576150974017988, 2.645034080869130833, 40.68803570261760427 ) ) ;
#114 = CARTESIAN_POINT ( 'NONE',  ( 1.146522415570156106, 4.351492427960225839, 66.28571449999999743 ) ) ;
#115 = CARTESIAN_POINT ( 'NONE',  ( 1.390575950908264691, 4.279754493514269953, 10.96347760239730462 ) ) ;
#116 = CARTESIAN_POINT ( 'NONE',  ( 5.790757960729299250E-07, -4.731580009072167137, 16.83926234313852888 ) ) ;
#117 = EDGE_LOOP ( 'NONE', ( #2326, #1250, #3302, #4569 ) ) ;
#118 = CARTESIAN_POINT ( 'NONE',  ( 5.790757833249982009E-07, -4.731580009072167137, 42.18578475417908891 ) ) ;
#119 = CYLINDRICAL_SURFACE ( 'NONE', #4413, 4.500000000000000888 ) ;
#120 = ORIENTED_EDGE ( 'NONE', *, *, #2338, .T. ) ;
#121 = EDGE_CURVE ( 'NONE', #4201, #2652, #3143, .T. ) ;
#122 = CARTESIAN_POINT ( 'NONE',  ( 0.0000000000000000000, 0.0000000000000000000, 0.0000000000000000000 ) ) ;
#123 = CARTESIAN_POINT ( 'NONE',  ( -3.640576798400458003, 2.645033189763083659, 62.11736828649735287 ) ) ;
#124 = CARTESIAN_POINT ( 'NONE',  ( 9.000000756133715640, -2.924276294026252110, 51.59634816667099244 ) ) ;
#125 = DIRECTION ( 'NONE',  ( 0.0000000000000000000, 0.0000000000000000000, 1.000000000000000000 ) ) ;
#126 =( BOUNDED_CURVE ( )  B_SPLINE_CURVE ( 2, ( #477, #1581, #7171, #6225, #3842, #3937, #5532, #6597, #6091, #7113, #2688 ),
 .UNSPECIFIED., .F., .F. ) 
 B_SPLINE_CURVE_WITH_KNOTS ( ( 3, 2, 2, 2, 2, 3 ),
 ( 0.03571428500705871312, 0.03928571428571428492, 0.04285714285714285754, 0.04642857142857143016, 0.05000000000000000278, 0.05357142786420156927 ),
 .UNSPECIFIED. ) 
 CURVE ( )  GEOMETRIC_REPRESENTATION_ITEM ( )  RATIONAL_B_SPLINE_CURVE ( ( 1.000000000000000000, 0.9510565162951535312, 1.000000000000000000, 0.9510565162951535312, 1.000000000000000000, 0.9510565162951535312, 1.000000000000000000, 0.9510565162951535312, 1.000000000000000000, 0.9510565162951535312, 1.000000000000000000 ) ) 
 REPRESENTATION_ITEM ( '' )  );
#127 = EDGE_CURVE ( 'NONE', #4618, #4813, #2399, .T. ) ;
#128 = ORIENTED_EDGE ( 'NONE', *, *, #1341, .T. ) ;
#129 = CARTESIAN_POINT ( 'NONE',  ( -5.562307081842486234, 7.655856933191494740, 4.396424068627704074 ) ) ;
#130 = DIRECTION ( 'NONE',  ( 0.0000000000000000000, 0.0000000000000000000, 1.000000000000000000 ) ) ;
#131 = CARTESIAN_POINT ( 'NONE',  ( -3.640576150974042857, -2.645034080869097082, 28.01477449709732070 ) ) ;
#132 = CARTESIAN_POINT ( 'NONE',  ( 9.000000756133720969, -2.924276294026239231, 37.77097230610341683 ) ) ;
#133 = FACE_OUTER_BOUND ( 'NONE', #6495, .T. ) ;
#134 =( BOUNDED_CURVE ( )  B_SPLINE_CURVE ( 2, ( #5843, #799, #6378, #6987, #6943, #1334, #744, #5466, #6026, #4045, #2327 ),
 .UNSPECIFIED., .F., .F. ) 
 B_SPLINE_CURVE_WITH_KNOTS ( ( 3, 2, 2, 2, 2, 3 ),
 ( 0.7321428564356301516, 0.7357142857142857650, 0.7392857142857143238, 0.7428571428571428825, 0.7464285714285714413, 0.7499999992927729453 ),
 .UNSPECIFIED. ) 
 CURVE ( )  GEOMETRIC_REPRESENTATION_ITEM ( )  RATIONAL_B_SPLINE_CURVE ( ( 1.000000000000000000, 0.9510565162951535312, 1.000000000000000000, 0.9510565162951535312, 1.000000000000000000, 0.9510565162951535312, 1.000000000000000000, 0.9510565162951535312, 1.000000000000000000, 0.9510565162951535312, 1.000000000000000000 ) ) 
 REPRESENTATION_ITEM ( '' )  );
#135 = CARTESIAN_POINT ( 'NONE',  ( 1.158151583194883649E-06, -9.463160436884182403, 53.70693130465207332 ) ) ;
#136 = CARTESIAN_POINT ( 'NONE',  ( 9.000000398245262545, 4.242103829863659045E-16, 26.36503717773924294 ) ) ;
#137 = AXIS2_PLACEMENT_3D ( 'NONE', #4683, #6957, #3424 ) ;
#138 = ORIENTED_EDGE ( 'NONE', *, *, #934, .F. ) ;
#139 = LINE ( 'NONE', #2626, #187 ) ;
#140 = AXIS2_PLACEMENT_3D ( 'NONE', #2477, #2380, #3552 ) ;
#141 = CARTESIAN_POINT ( 'NONE',  ( 2.781154119997018004, -8.559508685037855003, 58.43060139034599842 ) ) ;
#142 = ADVANCED_FACE ( 'NONE', ( #1585 ), #4148, .F. ) ;
#143 = CARTESIAN_POINT ( 'NONE',  ( 2.781154119996968266, -8.559508685037870990, 46.90945483987301401 ) ) ;
#144 = CARTESIAN_POINT ( 'NONE',  ( -9.000000398245262545, -1.366148964822695970E-14, 46.21818600344872152 ) ) ;
#145 = ORIENTED_EDGE ( 'NONE', *, *, #1574, .F. ) ;
#146 = CARTESIAN_POINT ( 'NONE',  ( -2.781152480892340684, -3.827928977956369216, 35.04267389288584411 ) ) ;
#147 = CARTESIAN_POINT ( 'NONE',  ( 4.500000000000000888, -8.836924303997027300E-15, 21.75657855755004633 ) ) ;
#148 = CARTESIAN_POINT ( 'NONE',  ( -4.500000000000000000, -3.549859729651930302E-14, 52.86367424382710567 ) ) ;
#149 = DIRECTION ( 'NONE',  ( 0.0000000000000000000, 0.0000000000000000000, 1.000000000000000000 ) ) ;
#150 = ORIENTED_EDGE ( 'NONE', *, *, #3605, .F. ) ;
#151 = VECTOR ( 'NONE', #4847, 1000.000000000000000 ) ;
#152 = AXIS2_PLACEMENT_3D ( 'NONE', #3856, #2323, #6284 ) ;
#153 = CARTESIAN_POINT ( 'NONE',  ( -4.500000000000000888, -8.109244147548149357E-15, 11.65474635202976472 ) ) ;
#154 = ORIENTED_EDGE ( 'NONE', *, *, #3998, .T. ) ;
#155 = CARTESIAN_POINT ( 'NONE',  ( 3.640576150974017988, 2.645034080869130833, 6.124596051198652802 ) ) ;
#156 = CARTESIAN_POINT ( 'NONE',  ( 9.000000398245260769, -1.370601729845173416E-14, 60.92847682915817842 ) ) ;
#157 = ADVANCED_FACE ( 'NONE', ( #6347 ), #6827, .T. ) ;
#158 = CARTESIAN_POINT ( 'NONE',  ( 0.0000000000000000000, 0.0000000000000000000, 0.0000000000000000000 ) ) ;
#159 = CARTESIAN_POINT ( 'NONE',  ( 2.781152480892343348, 3.827928977956365664, 10.84826613689257613 ) ) ;
#160 = CARTESIAN_POINT ( 'NONE',  ( -3.640576798400455782, 2.645033189763086767, 4.511635534132434344 ) ) ;
#161 = ORIENTED_EDGE ( 'NONE', *, *, #1101, .T. ) ;
#162 = VECTOR ( 'NONE', #3348, 1000.000000000000000 ) ;
#163 = CARTESIAN_POINT ( 'NONE',  ( 9.000000398245262545, 4.242103829863659045E-16, 26.63223686764464659 ) ) ;
#164 = VECTOR ( 'NONE', #4042, 1000.000000000000000 ) ;
#165 = EDGE_CURVE ( 'NONE', #1203, #6585, #1570, .T. ) ;
#166 = AXIS2_PLACEMENT_3D ( 'NONE', #2156, #7117, #5489 ) ;
#167 = EDGE_LOOP ( 'NONE', ( #120, #7174, #7290, #2443 ) ) ;
#168 = CARTESIAN_POINT ( 'NONE',  ( 3.640576798400435798, -2.645033189763114745, 19.22192635984190545 ) ) ;
#169 = CARTESIAN_POINT ( 'NONE',  ( 0.0000000000000000000, 0.0000000000000000000, 0.0000000000000000000 ) ) ;
#170 = CARTESIAN_POINT ( 'NONE',  ( -4.500000000000000888, 2.008476441581911154E-14, 55.16790355392169687 ) ) ;
#171 = ORIENTED_EDGE ( 'NONE', *, *, #1412, .T. ) ;
#172 = DIRECTION ( 'NONE',  ( 0.0000000000000000000, 0.0000000000000000000, 1.000000000000000000 ) ) ;
#173 = CYLINDRICAL_SURFACE ( 'NONE', #152, 9.000000398245260769 ) ;
#174 = CARTESIAN_POINT ( 'NONE',  ( 4.500000000000000000, 2.121051914931829523E-16, 26.36503717773924294 ) ) ;
#175 = CARTESIAN_POINT ( 'NONE',  ( -4.499999821055723714, -1.462139183781816731, 52.97888575272774858 ) ) ;
#176 = CARTESIAN_POINT ( 'NONE',  ( -9.000000398245260769, 1.102182168003596278E-15, 0.0000000000000000000 ) ) ;
#177 = EDGE_CURVE ( 'NONE', #5296, #2186, #4320, .T. ) ;
#178 = CARTESIAN_POINT ( 'NONE',  ( -2.781152480892363776, -3.827928977956351453, 28.12998596260204920 ) ) ;
#179 = LINE ( 'NONE', #720, #2523 ) ;
#180 = ORIENTED_EDGE ( 'NONE', *, *, #408, .F. ) ;
#181 = DIRECTION ( 'NONE',  ( 0.0000000000000000000, 0.0000000000000000000, 1.000000000000000000 ) ) ;
#182 = ADVANCED_FACE ( 'NONE', ( #6729 ), #1688, .F. ) ;
#183 = EDGE_CURVE ( 'NONE', #3284, #5253, #4264, .T. ) ;
#184 = ORIENTED_EDGE ( 'NONE', *, *, #5247, .T. ) ;
#185 = LINE ( 'NONE', #1391, #224 ) ;
#186 = CARTESIAN_POINT ( 'NONE',  ( 9.000000398245257216, 3.745754176398079381E-14, 30.97349579792842889 ) ) ;
#187 = VECTOR ( 'NONE', #1481, 1000.000000000000000 ) ;
#188 = CARTESIAN_POINT ( 'NONE',  ( -1.390576998466236613, 4.279754153142052431, 31.66476463435272848 ) ) ;
#189 = CARTESIAN_POINT ( 'NONE',  ( -2.781153417856679688, 3.827928297211928399, 27.17151747966827102 ) ) ;
#190 = LINE ( 'NONE', #2693, #2627 ) ;
#191 = DIRECTION ( 'NONE',  ( 1.000000000000000000, 0.0000000000000000000, 0.0000000000000000000 ) ) ;
#192 = CARTESIAN_POINT ( 'NONE',  ( -1.390576998466214409, 4.279754153142058648, 36.54042294444732875 ) ) ;
#193 = EDGE_CURVE ( 'NONE', #7335, #6788, #6837, .T. ) ;
#194 = ORIENTED_EDGE ( 'NONE', *, *, #6366, .T. ) ;
#195 = CARTESIAN_POINT ( 'NONE',  ( -3.640576150974029535, -2.645034080869114401, 48.75283828794869123 ) ) ;
#196 = CARTESIAN_POINT ( 'NONE',  ( -9.000000398245257216, 3.345488625337251553E-15, 6.779088041935164455 ) ) ;
#197 = CARTESIAN_POINT ( 'NONE',  ( -3.640576798400435798, 2.645033189763114745, 52.63325135621355599 ) ) ;
#198 = CARTESIAN_POINT ( 'NONE',  ( -4.500000178944233653, 1.462138082314242027, 59.66115075200207940 ) ) ;
#199 = EDGE_CURVE ( 'NONE', #4460, #1766, #5029, .T. ) ;
#200 = ORIENTED_EDGE ( 'NONE', *, *, #5093, .T. ) ;
#201 = FACE_OUTER_BOUND ( 'NONE', #4879, .T. ) ;
#202 = CARTESIAN_POINT ( 'NONE',  ( -1.158151481176282012E-06, 9.463160436884182403, 54.59184626979396171 ) ) ;
#203 = ADVANCED_FACE ( 'NONE', ( #6790 ), #1863, .T. ) ;
#204 = LINE ( 'NONE', #6047, #241 ) ;
#205 = ORIENTED_EDGE ( 'NONE', *, *, #3246, .F. ) ;
#206 = CARTESIAN_POINT ( 'NONE',  ( -1.390576998466231951, 4.279754153142053319, 8.622471533406763200 ) ) ;
#207 = CARTESIAN_POINT ( 'NONE',  ( -4.500000000000001776, -4.373757278324096556E-15, 46.21818600344873573 ) ) ;
#208 = CARTESIAN_POINT ( 'NONE',  ( -9.000000398245262545, -1.807021815897372425E-14, 41.34252769335412125 ) ) ;
#209 = DIRECTION ( 'NONE',  ( 0.0000000000000000000, 0.0000000000000000000, 1.000000000000000000 ) ) ;
#210 = VERTEX_POINT ( 'NONE', #6522 ) ;
#211 = DIRECTION ( 'NONE',  ( 0.0000000000000000000, 0.0000000000000000000, 1.000000000000000000 ) ) ;
#212 = CARTESIAN_POINT ( 'NONE',  ( -1.390575950908252256, -4.279754493514272617, 16.72405087763379683 ) ) ;
#213 = ORIENTED_EDGE ( 'NONE', *, *, #3589, .T. ) ;
#214 = FACE_OUTER_BOUND ( 'NONE', #6569, .T. ) ;
#215 = CYLINDRICAL_SURFACE ( 'NONE', #6217, 4.500000000000000888 ) ;
#216 = VERTEX_POINT ( 'NONE', #2521 ) ;
#217 = CARTESIAN_POINT ( 'NONE',  ( -9.000000756133747615, 2.924276294026154410, 50.71143320152909695 ) ) ;
#218 = ADVANCED_FACE ( 'NONE', ( #1739 ), #6636, .F. ) ;
#219 = AXIS2_PLACEMENT_3D ( 'NONE', #2072, #2124, #3285 ) ;
#220 = DIRECTION ( 'NONE',  ( 0.0000000000000000000, 0.0000000000000000000, 1.000000000000000000 ) ) ;
#221 = CARTESIAN_POINT ( 'NONE',  ( -5.790758123473310709E-07, 4.731580009072167137, 61.50453420007776373 ) ) ;
#222 = EDGE_LOOP ( 'NONE', ( #2526, #6758, #6844, #5040 ) ) ;
#223 = EDGE_LOOP ( 'NONE', ( #4372, #184, #5288, #6263 ) ) ;
#224 = VECTOR ( 'NONE', #2876, 1000.000000000000000 ) ;
#225 = CARTESIAN_POINT ( 'NONE',  ( -4.500000000000000888, 1.460763094872153347E-14, 32.39281014288113170 ) ) ;
#226 = VECTOR ( 'NONE', #4386, 1000.000000000000000 ) ;
#227 = CARTESIAN_POINT ( 'NONE',  ( 4.500000178944225659, -1.462138082314269782, 17.03290851525204275 ) ) ;
#228 = CARTESIAN_POINT ( 'NONE',  ( -1.390575950908249148, -4.279754493514273506, 53.32452014924194117 ) ) ;
#229 = CARTESIAN_POINT ( 'NONE',  ( -5.790758146212331577E-07, 4.731580009072167137, 13.38291837799663320 ) ) ;
#230 = EDGE_LOOP ( 'NONE', ( #2184, #5378, #4708, #6431 ) ) ;
#231 = CARTESIAN_POINT ( 'NONE',  ( -3.260374056248640073, 8.388680956011834056, 64.21190812091485611 ) ) ;
#232 = DIRECTION ( 'NONE',  ( 1.000000000000000000, 0.0000000000000000000, 0.0000000000000000000 ) ) ;
#233 = VERTEX_POINT ( 'NONE', #3172 ) ;
#234 = CARTESIAN_POINT ( 'NONE',  ( -1.158151573911945072E-06, 9.463160436884182403, 29.24532385875340168 ) ) ;
#235 = ORIENTED_EDGE ( 'NONE', *, *, #2564, .T. ) ;
#236 = CARTESIAN_POINT ( 'NONE',  ( 2.781152480892351342, 3.827928977956360779, 29.28210061764934835 ) ) ;
#237 = LINE ( 'NONE', #5789, #5274 ) ;
#238 = CARTESIAN_POINT ( 'NONE',  ( -2.781152024881049734, -8.559509365782298929, 2.631475327160811784 ) ) ;
#239 = CARTESIAN_POINT ( 'NONE',  ( 7.281152624135193818, 5.290068395820986424, 24.55843053195542680 ) ) ;
#240 = CARTESIAN_POINT ( 'NONE',  ( 5.790758250572162985E-07, -4.731580009072167137, 26.05617958351691144 ) ) ;
#241 = VECTOR ( 'NONE', #7176, 1000.000000000000000 ) ;
#242 = CARTESIAN_POINT ( 'NONE',  ( 9.000000040356679776, 2.924278496961455254, 40.30562454720745791 ) ) ;
#243 = CARTESIAN_POINT ( 'NONE',  ( 4.500000178944226548, -1.462138082314266230, 10.12022058496824783 ) ) ;
#244 = ADVANCED_FACE ( 'NONE', ( #6653 ), #4333, .F. ) ;
#245 = CARTESIAN_POINT ( 'NONE',  ( -4.500000178944230989, 1.462138082314250909, 11.27233524001554876 ) ) ;
#246 = CARTESIAN_POINT ( 'NONE',  ( 7.281153918988109375, -5.290066613608844115, 5.396550499274328061 ) ) ;
#247 = CARTESIAN_POINT ( 'NONE',  ( -3.786068138715679599, -5.288292601289040107, 64.99992128252777945 ) ) ;
#248 = ORIENTED_EDGE ( 'NONE', *, *, #1392, .F. ) ;
#249 = AXIS2_PLACEMENT_3D ( 'NONE', #3707, #3613, #7345 ) ;
#250 = VERTEX_POINT ( 'NONE', #7083 ) ;
#251 = CARTESIAN_POINT ( 'NONE',  ( 5.562305207913698091, 7.655858294680454534, 54.36142333878449051 ) ) ;
#252 = CARTESIAN_POINT ( 'NONE',  ( 0.0000000000000000000, 0.0000000000000000000, 0.0000000000000000000 ) ) ;
#253 = CARTESIAN_POINT ( 'NONE',  ( 2.781153417856681020, -3.827928297211927955, 14.76545596405338756 ) ) ;
#254 = EDGE_CURVE ( 'NONE', #5853, #1454, #6754, .T. ) ;
#255 = ORIENTED_EDGE ( 'NONE', *, *, #6129, .F. ) ;
#256 = CARTESIAN_POINT ( 'NONE',  ( -2.781152024881131002, -8.559509365782272283, 57.93297876943113067 ) ) ;
#257 = DIRECTION ( 'NONE',  ( 0.0000000000000000000, 0.0000000000000000000, 1.000000000000000000 ) ) ;
#258 = ORIENTED_EDGE ( 'NONE', *, *, #7044, .F. ) ;
#259 = CARTESIAN_POINT ( 'NONE',  ( 4.500000000000000888, 5.734905336541041001E-17, 15.11109031717165863 ) ) ;
#260 = VECTOR ( 'NONE', #6330, 1000.000000000000000 ) ;
#261 = DIRECTION ( 'NONE',  ( 0.0000000000000000000, 0.0000000000000000000, 1.000000000000000000 ) ) ;
#262 = ADVANCED_FACE ( 'NONE', ( #6671 ), #1713, .T. ) ;
#263 = CARTESIAN_POINT ( 'NONE',  ( -9.000000398245262545, -7.981470300312869343E-14, 43.64675700344871956 ) ) ;
#264 = CARTESIAN_POINT ( 'NONE',  ( -2.781152024881109686, -8.559509365782277612, 34.89068566848516895 ) ) ;
#265 = CARTESIAN_POINT ( 'NONE',  ( 9.000000040356679776, 2.924278496961455254, 40.57282423711286867 ) ) ;
#266 = ORIENTED_EDGE ( 'NONE', *, *, #6298, .F. ) ;
#267 = EDGE_CURVE ( 'NONE', #4583, #2982, #528, .T. ) ;
#268 = CARTESIAN_POINT ( 'NONE',  ( 4.500000000000000000, -1.742280869639751427E-14, 63.23270613925279093 ) ) ;
#269 = VERTEX_POINT ( 'NONE', #6246 ) ;
#270 = LINE ( 'NONE', #2361, #2719 ) ;
#271 =( BOUNDED_CURVE ( )  B_SPLINE_CURVE ( 2, ( #5047, #3950, #2860, #491, #3806, #4498, #3362, #6241, #6746, #4955, #6192 ),
 .UNSPECIFIED., .F., .F. ) 
 B_SPLINE_CURVE_WITH_KNOTS ( ( 3, 2, 2, 2, 2, 3 ),
 ( 0.4655172406964704912, 0.4689655172413793038, 0.4724137931034482762, 0.4758620689655172487, 0.4793103448275862211, 0.4827586200068153532 ),
 .UNSPECIFIED. ) 
 CURVE ( )  GEOMETRIC_REPRESENTATION_ITEM ( )  RATIONAL_B_SPLINE_CURVE ( ( 1.000000000000000000, 0.9510565162951535312, 1.000000000000000000, 0.9510565162951535312, 1.000000000000000000, 0.9510565162951535312, 1.000000000000000000, 0.9510565162951535312, 1.000000000000000000, 0.9510565162951535312, 1.000000000000000000 ) ) 
 REPRESENTATION_ITEM ( '' )  );
#272 = CARTESIAN_POINT ( 'NONE',  ( 0.0000000000000000000, 0.0000000000000000000, 0.0000000000000000000 ) ) ;
#273 = CARTESIAN_POINT ( 'NONE',  ( -4.500000178944229212, 1.462138082314256460, 6.663876619826354819 ) ) ;
#274 = CARTESIAN_POINT ( 'NONE',  ( -3.640576150974018876, -2.645034080869129500, 53.09409721823247708 ) ) ;
#275 = CARTESIAN_POINT ( 'NONE',  ( -3.640576798400424252, 2.645033189763129844, 48.29199242592977726 ) ) ;
#276 = DIRECTION ( 'NONE',  ( 0.0000000000000000000, 0.0000000000000000000, 1.000000000000000000 ) ) ;
#277 = EDGE_CURVE ( 'NONE', #1766, #4061, #4169, .T. ) ;
#278 =( BOUNDED_CURVE ( )  B_SPLINE_CURVE ( 2, ( #5987, #6635, #3339, #2039, #2684, #6591, #4212, #7221, #1000, #4780, #1991 ),
 .UNSPECIFIED., .F., .F. ) 
 B_SPLINE_CURVE_WITH_KNOTS ( ( 3, 2, 2, 2, 2, 3 ),
 ( 0.9464285707213444532, 0.9499999999999999556, 0.9535714285714286254, 0.9571428571428571841, 0.9607142857142857428, 0.9642857135784873579 ),
 .UNSPECIFIED. ) 
 CURVE ( )  GEOMETRIC_REPRESENTATION_ITEM ( )  RATIONAL_B_SPLINE_CURVE ( ( 1.000000000000000000, 0.9510565162951535312, 1.000000000000000000, 0.9510565162951535312, 1.000000000000000000, 0.9510565162951535312, 1.000000000000000000, 0.9510565162951535312, 1.000000000000000000, 0.9510565162951535312, 1.000000000000000000 ) ) 
 REPRESENTATION_ITEM ( '' )  );
#279 = ORIENTED_EDGE ( 'NONE', *, *, #722, .F. ) ;
#280 = CARTESIAN_POINT ( 'NONE',  ( -4.499999821055703286, -1.462139183781881568, 7.161499240741219907 ) ) ;
#281 = DIRECTION ( 'NONE',  ( 1.000000000000000000, 0.0000000000000000000, 0.0000000000000000000 ) ) ;
#282 = CARTESIAN_POINT ( 'NONE',  ( 0.0000000000000000000, 0.0000000000000000000, 0.0000000000000000000 ) ) ;
#283 = CARTESIAN_POINT ( 'NONE',  ( -9.000000398245262545, -7.099719759156837703E-14, 53.13087393373250933 ) ) ;
#284 = VERTEX_POINT ( 'NONE', #3909 ) ;
#285 =( BOUNDED_CURVE ( )  B_SPLINE_CURVE ( 2, ( #1515, #6624, #945, #6118, #1567, #1034, #6529, #986, #411, #2530, #899 ),
 .UNSPECIFIED., .F., .F. ) 
 B_SPLINE_CURVE_WITH_KNOTS ( ( 3, 2, 2, 2, 2, 3 ),
 ( 0.2857142850070586992, 0.2892857142857143127, 0.2928571428571428714, 0.2964285714285714302, 0.2999999999999999889, 0.3035714278642015485 ),
 .UNSPECIFIED. ) 
 CURVE ( )  GEOMETRIC_REPRESENTATION_ITEM ( )  RATIONAL_B_SPLINE_CURVE ( ( 1.000000000000000000, 0.9510565162951535312, 1.000000000000000000, 0.9510565162951535312, 1.000000000000000000, 0.9510565162951535312, 1.000000000000000000, 0.9510565162951535312, 1.000000000000000000, 0.9510565162951535312, 1.000000000000000000 ) ) 
 REPRESENTATION_ITEM ( '' )  );
#286 = CARTESIAN_POINT ( 'NONE',  ( 9.000000756133724522, -2.924276294026223688, 21.64136713544122870 ) ) ;
#287 =( BOUNDED_CURVE ( )  B_SPLINE_CURVE ( 2, ( #2099, #2591, #1635, #6693, #1011, #3710, #5996, #2048, #2639, #3796, #225 ),
 .UNSPECIFIED., .F., .F. ) 
 B_SPLINE_CURVE_WITH_KNOTS ( ( 3, 2, 2, 2, 2, 3 ),
 ( 0.4827586200068153532, 0.4862068965517241104, 0.4896551724137930828, 0.4931034482758620552, 0.4965517241379310276, 0.4999999993171601043 ),
 .UNSPECIFIED. ) 
 CURVE ( )  GEOMETRIC_REPRESENTATION_ITEM ( )  RATIONAL_B_SPLINE_CURVE ( ( 1.000000000000000000, 0.9510565162951535312, 1.000000000000000000, 0.9510565162951535312, 1.000000000000000000, 0.9510565162951535312, 1.000000000000000000, 0.9510565162951535312, 1.000000000000000000, 0.9510565162951535312, 1.000000000000000000 ) ) 
 REPRESENTATION_ITEM ( '' )  );
#288 = VERTEX_POINT ( 'NONE', #6849 ) ;
#289 = LINE ( 'NONE', #1857, #334 ) ;
#290 = DIRECTION ( 'NONE',  ( 1.000000000000000000, 0.0000000000000000000, 0.0000000000000000000 ) ) ;
#291 = LINE ( 'NONE', #5943, #2662 ) ;
#292 = CARTESIAN_POINT ( 'NONE',  ( 1.390575950908275349, 4.279754493514266400, 34.00577070334328056 ) ) ;
#293 = CARTESIAN_POINT ( 'NONE',  ( -4.500000178944226548, 1.462138082314265786, 43.53154558133989838 ) ) ;
#294 =( BOUNDED_CURVE ( )  B_SPLINE_CURVE ( 2, ( #6143, #7287, #4951, #4355, #5593, #7185, #2007, #6101, #3758, #1547, #1499 ),
 .UNSPECIFIED., .F., .F. ) 
 B_SPLINE_CURVE_WITH_KNOTS ( ( 3, 2, 2, 2, 2, 3 ),
 ( 0.9285714278642015485, 0.9321428571428571619, 0.9357142857142857206, 0.9392857142857142794, 0.9428571428571428381, 0.9464285707213444532 ),
 .UNSPECIFIED. ) 
 CURVE ( )  GEOMETRIC_REPRESENTATION_ITEM ( )  RATIONAL_B_SPLINE_CURVE ( ( 1.000000000000000000, 0.9510565162951535312, 1.000000000000000000, 0.9510565162951535312, 1.000000000000000000, 0.9510565162951535312, 1.000000000000000000, 0.9510565162951535312, 1.000000000000000000, 0.9510565162951535312, 1.000000000000000000 ) ) 
 REPRESENTATION_ITEM ( '' )  );
#295 = CARTESIAN_POINT ( 'NONE',  ( 2.781152024880971130, 8.559509365782322021, 49.86817618410004371 ) ) ;
#296 =( BOUNDED_CURVE ( )  B_SPLINE_CURVE ( 2, ( #6135, #5484, #4486, #4436, #1582, #5632, #3204, #5534, #531, #5031, #2043 ),
 .UNSPECIFIED., .F., .F. ) 
 B_SPLINE_CURVE_WITH_KNOTS ( ( 3, 2, 2, 2, 2, 3 ),
 ( 0.6249999992927730563, 0.6285714285714285587, 0.6321428571428571175, 0.6357142857142856762, 0.6392857142857142350, 0.6428571421499159610 ),
 .UNSPECIFIED. ) 
 CURVE ( )  GEOMETRIC_REPRESENTATION_ITEM ( )  RATIONAL_B_SPLINE_CURVE ( ( 1.000000000000000000, 0.9510565162951535312, 1.000000000000000000, 0.9510565162951535312, 1.000000000000000000, 0.9510565162951535312, 1.000000000000000000, 0.9510565162951535312, 1.000000000000000000, 0.9510565162951535312, 1.000000000000000000 ) ) 
 REPRESENTATION_ITEM ( '' )  );
#297 = DIRECTION ( 'NONE',  ( 1.000000000000000000, 0.0000000000000000000, 0.0000000000000000000 ) ) ;
#298 = EDGE_CURVE ( 'NONE', #765, #6161, #5770, .T. ) ;
#299 = CARTESIAN_POINT ( 'NONE',  ( -4.500000000000001776, 3.497138751903461675E-17, 55.43510324382710763 ) ) ;
#300 = CARTESIAN_POINT ( 'NONE',  ( 4.500000000000000888, 0.0000000000000000000, 0.0000000000000000000 ) ) ;
#301 = EDGE_LOOP ( 'NONE', ( #544, #7324, #4499, #7229 ) ) ;
#302 = ORIENTED_EDGE ( 'NONE', *, *, #1160, .T. ) ;
#303 = CARTESIAN_POINT ( 'NONE',  ( -5.562307081842375212, 7.655856933191573788, 54.82226920080342580 ) ) ;
#304 = CYLINDRICAL_SURFACE ( 'NONE', #3528, 4.500000000000000888 ) ;
#305 = DIRECTION ( 'NONE',  ( 0.0000000000000000000, 0.0000000000000000000, 1.000000000000000000 ) ) ;
#306 = ADVANCED_FACE ( 'NONE', ( #4196 ), #4345, .F. ) ;
#307 = DIRECTION ( 'NONE',  ( 0.0000000000000000000, 0.0000000000000000000, 1.000000000000000000 ) ) ;
#308 = ORIENTED_EDGE ( 'NONE', *, *, #919, .F. ) ;
#309 = CARTESIAN_POINT ( 'NONE',  ( 9.000000398245260769, -1.370601729845173416E-14, 61.19567651906358918 ) ) ;
#310 = AXIS2_PLACEMENT_3D ( 'NONE', #5823, #45, #5229 ) ;
#311 = CARTESIAN_POINT ( 'NONE',  ( 3.640576150974017544, 2.645034080869132165, 3.820366741104056718 ) ) ;
#312 = ORIENTED_EDGE ( 'NONE', *, *, #6767, .T. ) ;
#313 = LINE ( 'NONE', #478, #5146 ) ;
#314 = CARTESIAN_POINT ( 'NONE',  ( -4.500000178944219442, 1.462138082314285104, 39.19028665105611253 ) ) ;
#315 = CARTESIAN_POINT ( 'NONE',  ( -4.500000000000000888, -9.905738352867439391E-15, 15.99600528231355590 ) ) ;
#316 = ORIENTED_EDGE ( 'NONE', *, *, #3824, .F. ) ;
#317 = CARTESIAN_POINT ( 'NONE',  ( 2.781152024880971130, 8.559509365782322021, 50.13537587400544737 ) ) ;
#318 = DIRECTION ( 'NONE',  ( 0.0000000000000000000, 0.0000000000000000000, 1.000000000000000000 ) ) ;
#319 = ORIENTED_EDGE ( 'NONE', *, *, #6825, .F. ) ;
#320 = CARTESIAN_POINT ( 'NONE',  ( -4.500000000000000888, 5.510910596163089556E-16, 0.0000000000000000000 ) ) ;
#321 = ORIENTED_EDGE ( 'NONE', *, *, #5683, .F. ) ;
#322 = CARTESIAN_POINT ( 'NONE',  ( 9.000000040356660236, 2.924278496961507212, 51.82677109768044232 ) ) ;
#323 = AXIS2_PLACEMENT_3D ( 'NONE', #1107, #2756, #1023 ) ;
#324 = CARTESIAN_POINT ( 'NONE',  ( 5.790757706092555287E-07, -4.731580009072167137, 44.22281437436827645 ) ) ;
#325 = CARTESIAN_POINT ( 'NONE',  ( 9.000000756133724522, -2.924276294026223688, 21.90856682534663946 ) ) ;
#326 = ADVANCED_FACE ( 'NONE', ( #6814 ), #1849, .F. ) ;
#327 = ORIENTED_EDGE ( 'NONE', *, *, #6305, .F. ) ;
#328 = CARTESIAN_POINT ( 'NONE',  ( 0.0000000000000000000, 0.0000000000000000000, 64.99971617755278430 ) ) ;
#329 = CARTESIAN_POINT ( 'NONE',  ( 5.562307081842481793, -7.655856933191498293, 26.01940282462096832 ) ) ;
#330 = CARTESIAN_POINT ( 'NONE',  ( 5.790757740537754657E-07, -4.731580009072167137, 60.61961923493586823 ) ) ;
#331 = CARTESIAN_POINT ( 'NONE',  ( -4.500000000000000888, 1.240327548214232523E-14, 27.78435152269194575 ) ) ;
#332 = ORIENTED_EDGE ( 'NONE', *, *, #3012, .T. ) ;
#333 = ORIENTED_EDGE ( 'NONE', *, *, #1067, .F. ) ;
#334 = VECTOR ( 'NONE', #2823, 1000.000000000000000 ) ;
#335 = CARTESIAN_POINT ( 'NONE',  ( -4.500000000000001776, -3.083726963869111284E-14, 57.73933255392170594 ) ) ;
#336 = CYLINDRICAL_SURFACE ( 'NONE', #5848, 9.000000398245260769 ) ;
#337 = DIRECTION ( 'NONE',  ( 0.0000000000000000000, 0.0000000000000000000, 1.000000000000000000 ) ) ;
#338 = CARTESIAN_POINT ( 'NONE',  ( -4.500000000000001776, -4.373757278324096556E-15, 46.21818600344873573 ) ) ;
#339 = CARTESIAN_POINT ( 'NONE',  ( -2.781152024881034190, -8.559509365782304258, 19.02828018772839513 ) ) ;
#340 = ORIENTED_EDGE ( 'NONE', *, *, #127, .T. ) ;
#341 = DIRECTION ( 'NONE',  ( 0.0000000000000000000, 0.0000000000000000000, 1.000000000000000000 ) ) ;
#342 = CARTESIAN_POINT ( 'NONE',  ( 0.0000000000000000000, 0.0000000000000000000, 0.0000000000000000000 ) ) ;
#343 = ORIENTED_EDGE ( 'NONE', *, *, #5450, .F. ) ;
#344 = VERTEX_POINT ( 'NONE', #1159 ) ;
#345 = DIRECTION ( 'NONE',  ( 1.000000000000000000, 0.0000000000000000000, 0.0000000000000000000 ) ) ;
#346 = CYLINDRICAL_SURFACE ( 'NONE', #1282, 9.000000398245260769 ) ;
#347 = EDGE_CURVE ( 'NONE', #5419, #3445, #1837, .T. ) ;
#348 = ORIENTED_EDGE ( 'NONE', *, *, #4818, .T. ) ;
#349 = DIRECTION ( 'NONE',  ( 0.0000000000000000000, 0.0000000000000000000, 1.000000000000000000 ) ) ;
#350 = CARTESIAN_POINT ( 'NONE',  ( 4.499999821055700622, 1.462139183781891338, 19.83476044626149815 ) ) ;
#351 = EDGE_CURVE ( 'NONE', #3979, #3338, #1219, .T. ) ;
#352 = FACE_OUTER_BOUND ( 'NONE', #2336, .T. ) ;
#353 = CARTESIAN_POINT ( 'NONE',  ( -3.640576150974019765, -2.645034080869128168, 14.18939863652974154 ) ) ;
#354 = ORIENTED_EDGE ( 'NONE', *, *, #7025, .F. ) ;
#355 = DIRECTION ( 'NONE',  ( 0.0000000000000000000, 0.0000000000000000000, 1.000000000000000000 ) ) ;
#356 = CARTESIAN_POINT ( 'NONE',  ( 0.0000000000000000000, 0.0000000000000000000, 0.0000000000000000000 ) ) ;
#357 = CARTESIAN_POINT ( 'NONE',  ( -1.158151564640721807E-06, 9.463160436884182403, 38.46224109913178779 ) ) ;
#358 = ORIENTED_EDGE ( 'NONE', *, *, #5537, .T. ) ;
#359 = FACE_OUTER_BOUND ( 'NONE', #1733, .T. ) ;
#360 = CYLINDRICAL_SURFACE ( 'NONE', #6779, 4.500000000000000888 ) ;
#361 = DIRECTION ( 'NONE',  ( 0.0000000000000000000, 0.0000000000000000000, 1.000000000000000000 ) ) ;
#362 = EDGE_CURVE ( 'NONE', #6659, #2362, #2405, .T. ) ;
#363 = EDGE_LOOP ( 'NONE', ( #6697, #1634, #1619, #3759 ) ) ;
#364 = CARTESIAN_POINT ( 'NONE',  ( 0.0000000000000000000, 0.0000000000000000000, 0.0000000000000000000 ) ) ;
#365 =( BOUNDED_CURVE ( )  B_SPLINE_CURVE ( 2, ( #3185, #7154, #113, #1836, #2029, #5516, #4102, #3781, #5304, #6625, #4279 ),
 .UNSPECIFIED., .F., .F. ) 
 B_SPLINE_CURVE_WITH_KNOTS ( ( 3, 2, 2, 2, 2, 3 ),
 ( 0.6206896544895739165, 0.6241379310344827847, 0.6275862068965517571, 0.6310344827586207295, 0.6344827586206897019, 0.6379310337999187785 ),
 .UNSPECIFIED. ) 
 CURVE ( )  GEOMETRIC_REPRESENTATION_ITEM ( )  RATIONAL_B_SPLINE_CURVE ( ( 1.000000000000000000, 0.9510565162951535312, 1.000000000000000000, 0.9510565162951535312, 1.000000000000000000, 0.9510565162951535312, 1.000000000000000000, 0.9510565162951535312, 1.000000000000000000, 0.9510565162951535312, 1.000000000000000000 ) ) 
 REPRESENTATION_ITEM ( '' )  );
#366 = CARTESIAN_POINT ( 'NONE',  ( -9.000000398245262545, -3.570517449157042910E-14, 23.17589290250275624 ) ) ;
#367 = CARTESIAN_POINT ( 'NONE',  ( 9.000000398245262545, -8.393247155495060094E-15, 35.58195441811763260 ) ) ;
#368 = ORIENTED_EDGE ( 'NONE', *, *, #7363, .F. ) ;
#369 = CARTESIAN_POINT ( 'NONE',  ( -3.640576798400450009, 2.645033189763095649, 1.940206534132432825 ) ) ;
#370 = EDGE_CURVE ( 'NONE', #1497, #6161, #1876, .T. ) ;
#371 =( BOUNDED_CURVE ( )  B_SPLINE_CURVE ( 2, ( #5131, #679, #784, #3630, #4588, #4185, #2360, #4756, #3009, #5341, #5182 ),
 .UNSPECIFIED., .F., .F. ) 
 B_SPLINE_CURVE_WITH_KNOTS ( ( 3, 2, 2, 2, 2, 3 ),
 ( 0.08928571357848728851, 0.09285714285714286031, 0.09642857142857143293, 0.1000000000000000056, 0.1035714285714285782, 0.1071428564356301377 ),
 .UNSPECIFIED. ) 
 CURVE ( )  GEOMETRIC_REPRESENTATION_ITEM ( )  RATIONAL_B_SPLINE_CURVE ( ( 1.000000000000000000, 0.9510565162951535312, 1.000000000000000000, 0.9510565162951535312, 1.000000000000000000, 0.9510565162951535312, 1.000000000000000000, 0.9510565162951535312, 1.000000000000000000, 0.9510565162951535312, 1.000000000000000000 ) ) 
 REPRESENTATION_ITEM ( '' )  );
#372 = ORIENTED_EDGE ( 'NONE', *, *, #3736, .T. ) ;
#373 = LINE ( 'NONE', #3251, #2712 ) ;
#374 = CARTESIAN_POINT ( 'NONE',  ( -2.781152480892380652, -3.827928977956338574, 43.99239144335881235 ) ) ;
#375 = CARTESIAN_POINT ( 'NONE',  ( 2.781152024881030194, 8.559509365782304258, 47.56394687400544541 ) ) ;
#376 = CARTESIAN_POINT ( 'NONE',  ( 2.781152480892367329, 3.827928977956348788, 45.14450609840611151 ) ) ;
#377 = CARTESIAN_POINT ( 'NONE',  ( 4.492810140063580704, 0.2542774967272500852, 65.82486863798108345 ) ) ;
#378 = CYLINDRICAL_SURFACE ( 'NONE', #3089, 9.000000398245260769 ) ;
#379 = ORIENTED_EDGE ( 'NONE', *, *, #3120, .F. ) ;
#380 = DIRECTION ( 'NONE',  ( 0.0000000000000000000, 0.0000000000000000000, 1.000000000000000000 ) ) ;
#381 = DIRECTION ( 'NONE',  ( -0.2547827588888984529, -0.9669983168436505627, -3.153582605846749439E-05 ) ) ;
#382 = CARTESIAN_POINT ( 'NONE',  ( 5.562305207913738947, 7.655858294680424336, 38.49901785802773446 ) ) ;
#383 = CARTESIAN_POINT ( 'NONE',  ( 5.562307081842416956, -7.655856933191543590, 37.54054937509394563 ) ) ;
#384 = CYLINDRICAL_SURFACE ( 'NONE', #1146, 9.000000398245260769 ) ;
#385 = DIRECTION ( 'NONE',  ( 0.0000000000000000000, 0.0000000000000000000, 1.000000000000000000 ) ) ;
#386 = ORIENTED_EDGE ( 'NONE', *, *, #1712, .F. ) ;
#387 = VERTEX_POINT ( 'NONE', #163 ) ;
#388 = EDGE_CURVE ( 'NONE', #4865, #5404, #4783, .T. ) ;
#389 = CYLINDRICAL_SURFACE ( 'NONE', #3704, 4.500000000000000888 ) ;
#390 = DIRECTION ( 'NONE',  ( 1.000000000000000000, 0.0000000000000000000, 0.0000000000000000000 ) ) ;
#391 = CARTESIAN_POINT ( 'NONE',  ( -4.500000178944217666, 1.462138082314290655, 27.40194041067772091 ) ) ;
#392 = ADVANCED_FACE ( 'NONE', ( #6850 ), #1670, .F. ) ;
#393 = AXIS2_PLACEMENT_3D ( 'NONE', #6876, #101, #1227 ) ;
#394 = FACE_OUTER_BOUND ( 'NONE', #661, .T. ) ;
#395 = CARTESIAN_POINT ( 'NONE',  ( 3.640576798400446457, -2.645033189763100534, 49.17690739107166564 ) ) ;
#396 = ORIENTED_EDGE ( 'NONE', *, *, #5971, .T. ) ;
#397 = EDGE_CURVE ( 'NONE', #2942, #2231, #6616, .T. ) ;
#398 = CARTESIAN_POINT ( 'NONE',  ( -4.500000000000000888, 1.681199494560097905E-14, 37.00126876307033541 ) ) ;
#399 = CARTESIAN_POINT ( 'NONE',  ( -5.562307081842456036, 7.655856933191515168, 22.56305885947906731 ) ) ;
#400 = ORIENTED_EDGE ( 'NONE', *, *, #6221, .T. ) ;
#401 = ORIENTED_EDGE ( 'NONE', *, *, #3966, .F. ) ;
#402 = CYLINDRICAL_SURFACE ( 'NONE', #67, 4.500000000000000888 ) ;
#403 = DIRECTION ( 'NONE',  ( 1.000000000000000000, 0.0000000000000000000, 0.0000000000000000000 ) ) ;
#404 = LINE ( 'NONE', #1357, #2651 ) ;
#405 = ORIENTED_EDGE ( 'NONE', *, *, #362, .T. ) ;
#406 = CARTESIAN_POINT ( 'NONE',  ( 9.000000756133731628, -2.924276294026209921, 8.083190964779056742 ) ) ;
#407 = FACE_OUTER_BOUND ( 'NONE', #5472, .T. ) ;
#408 = EDGE_CURVE ( 'NONE', #1548, #3318, #6224, .T. ) ;
#409 = DIRECTION ( 'NONE',  ( 0.0000000000000000000, 0.0000000000000000000, 1.000000000000000000 ) ) ;
#410 = ORIENTED_EDGE ( 'NONE', *, *, #1428, .T. ) ;
#411 = CARTESIAN_POINT ( 'NONE',  ( -7.281153918988101381, 5.290066613608854773, 20.64124070479461182 ) ) ;
#412 = ORIENTED_EDGE ( 'NONE', *, *, #6676, .T. ) ;
#413 = LINE ( 'NONE', #4757, #5539 ) ;
#414 = DIRECTION ( 'NONE',  ( 0.0000000000000000000, 0.0000000000000000000, 1.000000000000000000 ) ) ;
#415 = CYLINDRICAL_SURFACE ( 'NONE', #6355, 9.000000398245260769 ) ;
#416 = ORIENTED_EDGE ( 'NONE', *, *, #1822, .T. ) ;
#417 = DIRECTION ( 'NONE',  ( 0.0000000000000000000, 0.0000000000000000000, 1.000000000000000000 ) ) ;
#418 = CARTESIAN_POINT ( 'NONE',  ( -9.000000398245262545, -4.353518856679617788E-16, 59.77636217411090769 ) ) ;
#419 = CYLINDRICAL_SURFACE ( 'NONE', #4426, 4.500000000000000888 ) ;
#420 = ORIENTED_EDGE ( 'NONE', *, *, #4365, .F. ) ;
#421 = AXIS2_PLACEMENT_3D ( 'NONE', #480, #7232, #4850 ) ;
#422 = CARTESIAN_POINT ( 'NONE',  ( 1.390575950908270908, 4.279754493514267288, 1.479360672113513520 ) ) ;
#423 = ORIENTED_EDGE ( 'NONE', *, *, #631, .T. ) ;
#424 = CARTESIAN_POINT ( 'NONE',  ( 9.000000398245260769, 0.0000000000000000000, 0.0000000000000000000 ) ) ;
#425 = CARTESIAN_POINT ( 'NONE',  ( 7.281152624135176055, 5.290068395821011293, 59.12187018337437650 ) ) ;
#426 = CARTESIAN_POINT ( 'NONE',  ( 2.781152024881138995, 8.559509365782268731, 34.00577070334327345 ) ) ;
#427 = CARTESIAN_POINT ( 'NONE',  ( 9.000000398245257216, -1.767384995216257524E-14, 22.02377824745544999 ) ) ;
#428 = FILL_AREA_STYLE_COLOUR ( '', #4871 ) ;
#429 = DIRECTION ( 'NONE',  ( -1.000000000000000000, 0.0000000000000000000, 0.0000000000000000000 ) ) ;
#430 = CARTESIAN_POINT ( 'NONE',  ( 1.146522415570062181, 4.351492427960249820, 63.98148518990539912 ) ) ;
#431 = CARTESIAN_POINT ( 'NONE',  ( -2.618769967061631565, -3.659514156225663672, 65.00000000000001421 ) ) ;
#432 = AXIS2_PLACEMENT_3D ( 'NONE', #169, #1430, #756 ) ;
#433 = CARTESIAN_POINT ( 'NONE',  ( -5.790758030643933406E-07, 4.731580009072167137, 13.11571868809122421 ) ) ;
#434 = ORIENTED_EDGE ( 'NONE', *, *, #2736, .T. ) ;
#435 = CARTESIAN_POINT ( 'NONE',  ( -9.000000040356660236, -2.924278496961507212, 18.41544610130880244 ) ) ;
#436 = AXIS2_PLACEMENT_3D ( 'NONE', #4542, #3798, #5142 ) ;
#437 = ORIENTED_EDGE ( 'NONE', *, *, #6134, .T. ) ;
#438 = VECTOR ( 'NONE', #6800, 1000.000000000000000 ) ;
#439 = CARTESIAN_POINT ( 'NONE',  ( 7.281152624135196483, 5.290068395820982872, 29.16688915214461986 ) ) ;
#440 = DIRECTION ( 'NONE',  ( 0.0000000000000000000, 0.0000000000000000000, 1.000000000000000000 ) ) ;
#441 = CARTESIAN_POINT ( 'NONE',  ( -2.781153417856654375, 3.827928297211947495, 45.87255165033043625 ) ) ;
#442 = CARTESIAN_POINT ( 'NONE',  ( 4.500000000000000888, 0.0000000000000000000, 0.0000000000000000000 ) ) ;
#443 = CARTESIAN_POINT ( 'NONE',  ( -4.500000000000000000, 2.624583652093063533E-14, 48.25521562363792327 ) ) ;
#444 = LINE ( 'NONE', #2789, #5469 ) ;
#445 = DIRECTION ( 'NONE',  ( 0.0000000000000000000, 0.0000000000000000000, 1.000000000000000000 ) ) ;
#446 = CARTESIAN_POINT ( 'NONE',  ( -1.158151648105161814E-06, 9.463160436884182403, 22.33263592846961032 ) ) ;
#447 = ORIENTED_EDGE ( 'NONE', *, *, #2878, .F. ) ;
#448 = EDGE_CURVE ( 'NONE', #6161, #1281, #1750, .T. ) ;
#449 = ORIENTED_EDGE ( 'NONE', *, *, #5471, .F. ) ;
#450 = FACE_OUTER_BOUND ( 'NONE', #2169, .T. ) ;
#451 = CARTESIAN_POINT ( 'NONE',  ( -2.781152480892350898, -3.827928977956361667, 37.07970351307503876 ) ) ;
#452 = LINE ( 'NONE', #3963, #5478 ) ;
#453 = EDGE_CURVE ( 'NONE', #6712, #1545, #4069, .T. ) ;
#454 = ADVANCED_FACE ( 'NONE', ( #4237 ), #1990, .F. ) ;
#455 = ORIENTED_EDGE ( 'NONE', *, *, #2304, .T. ) ;
#456 = CARTESIAN_POINT ( 'NONE',  ( 5.562307081842495116, -7.655856933191485858, 7.852768033769597977 ) ) ;
#457 = CARTESIAN_POINT ( 'NONE',  ( -1.390576998466232395, 4.279754153142053319, 40.88168187473111459 ) ) ;
#458 = VERTEX_POINT ( 'NONE', #5936 ) ;
#459 = CARTESIAN_POINT ( 'NONE',  ( 0.0000000000000000000, 0.0000000000000000000, 0.0000000000000000000 ) ) ;
#460 = CARTESIAN_POINT ( 'NONE',  ( 1.158151622597582630E-06, -9.463160436884182403, 14.26783334313852514 ) ) ;
#461 = VERTEX_POINT ( 'NONE', #7156 ) ;
#462 = EDGE_CURVE ( 'NONE', #2850, #7242, #2103, .T. ) ;
#463 = CARTESIAN_POINT ( 'NONE',  ( -2.781152480892346013, -3.827928977956363887, 27.86278627269663843 ) ) ;
#464 = CARTESIAN_POINT ( 'NONE',  ( -2.781152480892388201, -3.827928977956334577, 62.42622592411559168 ) ) ;
#465 = CARTESIAN_POINT ( 'NONE',  ( 3.640576150974017100, 2.645034080869131721, 15.07431360167163348 ) ) ;
#466 = ORIENTED_EDGE ( 'NONE', *, *, #6144, .T. ) ;
#467 = EDGE_CURVE ( 'NONE', #847, #6928, #4575, .T. ) ;
#468 = CARTESIAN_POINT ( 'NONE',  ( -5.562305207913893490, -7.655858294680313314, 60.12199661402100048 ) ) ;
#469 = LINE ( 'NONE', #424, #2929 ) ;
#470 = EDGE_LOOP ( 'NONE', ( #3541, #2374, #1005, #688 ) ) ;
#471 = DIRECTION ( 'NONE',  ( 0.0000000000000000000, 0.0000000000000000000, 1.000000000000000000 ) ) ;
#472 = ORIENTED_EDGE ( 'NONE', *, *, #4837, .T. ) ;
#473 = FACE_BOUND ( 'NONE', #6393, .T. ) ;
#474 = CARTESIAN_POINT ( 'NONE',  ( 4.500000000000001776, 4.406902597397099846E-14, 63.49990582915819459 ) ) ;
#475 = LINE ( 'NONE', #5554, #5409 ) ;
#476 = CARTESIAN_POINT ( 'NONE',  ( 1.390575950908232272, 4.279754493514278835, 49.86817618410004371 ) ) ;
#477 = CARTESIAN_POINT ( 'NONE',  ( 4.500000000000000888, -1.947090141873158208E-17, 3.322744076793271439 ) ) ;
#478 = CARTESIAN_POINT ( 'NONE',  ( 4.500000000000000888, 0.0000000000000000000, 0.0000000000000000000 ) ) ;
#479 = DIRECTION ( 'NONE',  ( 0.0000000000000000000, 0.0000000000000000000, 1.000000000000000000 ) ) ;
#480 = CARTESIAN_POINT ( 'NONE',  ( 0.0000000000000000000, 0.0000000000000000000, 0.0000000000000000000 ) ) ;
#481 = DIRECTION ( 'NONE',  ( 0.0000000000000000000, 0.0000000000000000000, 1.000000000000000000 ) ) ;
#482 = CARTESIAN_POINT ( 'NONE',  ( 3.640576150974014435, 2.645034080869136162, 26.86265984205002511 ) ) ;
#483 = CARTESIAN_POINT ( 'NONE',  ( 3.640576798400460667, -2.645033189763080106, 19.48912604974731266 ) ) ;
#484 = CARTESIAN_POINT ( 'NONE',  ( 4.500000000000000888, 1.913662847263626960E-14, 22.02377824745545354 ) ) ;
#485 = ORIENTED_EDGE ( 'NONE', *, *, #2928, .T. ) ;
#486 = ORIENTED_EDGE ( 'NONE', *, *, #4519, .T. ) ;
#487 = LINE ( 'NONE', #4364, #5354 ) ;
#488 = CARTESIAN_POINT ( 'NONE',  ( -1.158151573911945072E-06, 9.463160436884182403, 29.51252354865880889 ) ) ;
#489 = EDGE_CURVE ( 'NONE', #2263, #3277, #1683, .T. ) ;
#490 = CARTESIAN_POINT ( 'NONE',  ( 4.500000000000000888, -1.393995251051634810E-14, 24.32800755755004474 ) ) ;
#491 = CARTESIAN_POINT ( 'NONE',  ( -2.781152480892337575, -3.827928977956370549, 30.43421527269665106 ) ) ;
#492 = CARTESIAN_POINT ( 'NONE',  ( -9.000000398245260769, 4.016953110638495178E-14, 55.16790355392169687 ) ) ;
#493 = ORIENTED_EDGE ( 'NONE', *, *, #3356, .T. ) ;
#494 = CARTESIAN_POINT ( 'NONE',  ( 3.640576150974028646, 2.645034080869115733, 56.55044118337437453 ) ) ;
#495 = DIRECTION ( 'NONE',  ( 1.000000000000000000, 0.0000000000000000000, 0.0000000000000000000 ) ) ;
#496 = CARTESIAN_POINT ( 'NONE',  ( -2.781154119997085061, 8.559508685037831910, 17.83938877378514931 ) ) ;
#497 = EDGE_LOOP ( 'NONE', ( #7202, #1858, #2356, #4387 ) ) ;
#498 = ORIENTED_EDGE ( 'NONE', *, *, #6427, .F. ) ;
#499 = LINE ( 'NONE', #6435, #5434 ) ;
#500 = DIRECTION ( 'NONE',  ( 0.0000000000000000000, 0.0000000000000000000, 1.000000000000000000 ) ) ;
#501 = CYLINDRICAL_SURFACE ( 'NONE', #6017, 4.500000000000000888 ) ;
#502 = ORIENTED_EDGE ( 'NONE', *, *, #3300, .T. ) ;
#503 = CARTESIAN_POINT ( 'NONE',  ( -1.390576998466208192, 4.279754153142060424, 50.36579880501491147 ) ) ;
#504 = CARTESIAN_POINT ( 'NONE',  ( 7.281152624135235563, 5.290068395820930469, 31.20391877233380740 ) ) ;
#505 = ORIENTED_EDGE ( 'NONE', *, *, #5290, .T. ) ;
#506 = CARTESIAN_POINT ( 'NONE',  ( 5.562305207913798455, 7.655858294680381704, 45.41170578831152227 ) ) ;
#507 = DIRECTION ( 'NONE',  ( 0.0000000000000000000, 0.0000000000000000000, 1.000000000000000000 ) ) ;
#508 = CARTESIAN_POINT ( 'NONE',  ( -7.281152624135185825, -5.290068395820997083, 43.87717997785409096 ) ) ;
#509 = EDGE_LOOP ( 'NONE', ( #4235, #7275, #6691, #7263 ) ) ;
#510 = FACE_OUTER_BOUND ( 'NONE', #7103, .T. ) ;
#511 = CARTESIAN_POINT ( 'NONE',  ( 2.781153417856638832, -3.827928297211958153, 28.32363213471555952 ) ) ;
#512 = AXIS2_PLACEMENT_3D ( 'NONE', #521, #2407, #1627 ) ;
#513 = CARTESIAN_POINT ( 'NONE',  ( -4.500000000000000888, -3.700520134596046816E-15, 20.87166359240815083 ) ) ;
#514 = DIRECTION ( 'NONE',  ( 0.0000000000000000000, 0.0000000000000000000, 1.000000000000000000 ) ) ;
#515 = ADVANCED_FACE ( 'NONE', ( #2018 ), #4454, .T. ) ;
#516 = ORIENTED_EDGE ( 'NONE', *, *, #6665, .T. ) ;
#517 =( BOUNDED_CURVE ( )  B_SPLINE_CURVE ( 2, ( #1031, #350, #3282, #4921, #1562, #4966, #4466, #943, #3817, #6202, #560 ),
 .UNSPECIFIED., .F., .F. ) 
 B_SPLINE_CURVE_WITH_KNOTS ( ( 3, 2, 2, 2, 2, 3 ),
 ( 0.3103448269033670659, 0.3137931034482758785, 0.3172413793103448509, 0.3206896551724137678, 0.3241379310344827402, 0.3275862062137118724 ),
 .UNSPECIFIED. ) 
 CURVE ( )  GEOMETRIC_REPRESENTATION_ITEM ( )  RATIONAL_B_SPLINE_CURVE ( ( 1.000000000000000000, 0.9510565162951535312, 1.000000000000000000, 0.9510565162951535312, 1.000000000000000000, 0.9510565162951535312, 1.000000000000000000, 0.9510565162951535312, 1.000000000000000000, 0.9510565162951535312, 1.000000000000000000 ) ) 
 REPRESENTATION_ITEM ( '' )  );
#518 = CARTESIAN_POINT ( 'NONE',  ( -9.000000040356665565, -2.924278496961493889, 32.24082196187637095 ) ) ;
#519 = LINE ( 'NONE', #6414, #3022 ) ;
#520 =( BOUNDED_CURVE ( )  B_SPLINE_CURVE ( 2, ( #6864, #5219, #1399, #1958, #5172, #2004, #2883, #383, #1767, #132, #2596 ),
 .UNSPECIFIED., .F., .F. ) 
 B_SPLINE_CURVE_WITH_KNOTS ( ( 3, 2, 2, 2, 2, 3 ),
 ( 0.5535714278642016595, 0.5571428571428571619, 0.5607142857142857206, 0.5642857142857142794, 0.5678571428571428381, 0.5714285707213444532 ),
 .UNSPECIFIED. ) 
 CURVE ( )  GEOMETRIC_REPRESENTATION_ITEM ( )  RATIONAL_B_SPLINE_CURVE ( ( 1.000000000000000000, 0.9510565162951535312, 1.000000000000000000, 0.9510565162951535312, 1.000000000000000000, 0.9510565162951535312, 1.000000000000000000, 0.9510565162951535312, 1.000000000000000000, 0.9510565162951535312, 1.000000000000000000 ) ) 
 REPRESENTATION_ITEM ( '' )  );
#521 = CARTESIAN_POINT ( 'NONE',  ( 0.0000000000000000000, 0.0000000000000000000, 0.0000000000000000000 ) ) ;
#522 = ORIENTED_EDGE ( 'NONE', *, *, #6058, .F. ) ;
#523 = CARTESIAN_POINT ( 'NONE',  ( 3.640576798400464220, -2.645033189763075221, 51.48113670116626395 ) ) ;
#524 = EDGE_LOOP ( 'NONE', ( #710, #4614, #2999, #3392 ) ) ;
#525 = FACE_OUTER_BOUND ( 'NONE', #2696, .T. ) ;
#526 =( BOUNDED_CURVE ( )  B_SPLINE_CURVE ( 2, ( #6262, #1864, #6312, #2890, #39, #3485, #4074, #2452, #2949, #3620, #1815 ),
 .UNSPECIFIED., .F., .F. ) 
 B_SPLINE_CURVE_WITH_KNOTS ( ( 3, 2, 2, 2, 2, 3 ),
 ( 0.2499999992927730008, 0.2535714285714285587, 0.2571428571428571175, 0.2607142857142857317, 0.2642857142857142905, 0.2678571421499159055 ),
 .UNSPECIFIED. ) 
 CURVE ( )  GEOMETRIC_REPRESENTATION_ITEM ( )  RATIONAL_B_SPLINE_CURVE ( ( 1.000000000000000000, 0.9510565162951535312, 1.000000000000000000, 0.9510565162951535312, 1.000000000000000000, 0.9510565162951535312, 1.000000000000000000, 0.9510565162951535312, 1.000000000000000000, 0.9510565162951535312, 1.000000000000000000 ) ) 
 REPRESENTATION_ITEM ( '' )  );
#527 = CARTESIAN_POINT ( 'NONE',  ( 2.781152024881155427, 8.559509365782263401, 52.17240549419464202 ) ) ;
#528 =( BOUNDED_CURVE ( )  B_SPLINE_CURVE ( 2, ( #3770, #4918, #5505, #17, #6342, #6753, #496, #6805, #1066, #73, #3421 ),
 .UNSPECIFIED., .F., .F. ) 
 B_SPLINE_CURVE_WITH_KNOTS ( ( 3, 2, 2, 2, 2, 3 ),
 ( 0.2499999992927730008, 0.2535714285714285587, 0.2571428571428571175, 0.2607142857142857317, 0.2642857142857142905, 0.2678571421499159055 ),
 .UNSPECIFIED. ) 
 CURVE ( )  GEOMETRIC_REPRESENTATION_ITEM ( )  RATIONAL_B_SPLINE_CURVE ( ( 1.000000000000000000, 0.9510565162951535312, 1.000000000000000000, 0.9510565162951535312, 1.000000000000000000, 0.9510565162951535312, 1.000000000000000000, 0.9510565162951535312, 1.000000000000000000, 0.9510565162951535312, 1.000000000000000000 ) ) 
 REPRESENTATION_ITEM ( '' )  );
#529 = CYLINDRICAL_SURFACE ( 'NONE', #6526, 9.000000398245260769 ) ;
#530 = CARTESIAN_POINT ( 'NONE',  ( -2.781154119996997132, 8.559508685037862108, 47.79436980501490240 ) ) ;
#531 = CARTESIAN_POINT ( 'NONE',  ( 3.640576798400429581, -2.645033189763123627, 42.26421946078787073 ) ) ;
#532 = AXIS2_PLACEMENT_3D ( 'NONE', #3561, #1803, #1655 ) ;
#533 = CARTESIAN_POINT ( 'NONE',  ( 4.575429907059062273, -1.205525009214329479, 65.70965717247635496 ) ) ;
#534 =( BOUNDED_CURVE ( )  B_SPLINE_CURVE ( 2, ( #4377, #4925, #6073, #5515, #256, #2722, #848, #2572, #4204, #4772, #2671 ),
 .UNSPECIFIED., .F., .F. ) 
 B_SPLINE_CURVE_WITH_KNOTS ( ( 3, 2, 2, 2, 2, 3 ),
 ( 0.8749999992927730563, 0.8785714285714285587, 0.8821428571428571175, 0.8857142857142856762, 0.8892857142857142350, 0.8928571421499158500 ),
 .UNSPECIFIED. ) 
 CURVE ( )  GEOMETRIC_REPRESENTATION_ITEM ( )  RATIONAL_B_SPLINE_CURVE ( ( 1.000000000000000000, 0.9510565162951535312, 1.000000000000000000, 0.9510565162951535312, 1.000000000000000000, 0.9510565162951535312, 1.000000000000000000, 0.9510565162951535312, 1.000000000000000000, 0.9510565162951535312, 1.000000000000000000 ) ) 
 REPRESENTATION_ITEM ( '' )  );
#535 = CARTESIAN_POINT ( 'NONE',  ( -4.500000000000000888, 5.510910596163089556E-16, 0.0000000000000000000 ) ) ;
#536 =( BOUNDED_CURVE ( )  B_SPLINE_CURVE ( 2, ( #697, #1595, #4500, #5692, #4456, #1704, #1751, #2863, #2278, #5049, #2329 ),
 .UNSPECIFIED., .F., .F. ) 
 B_SPLINE_CURVE_WITH_KNOTS ( ( 3, 2, 2, 2, 2, 3 ),
 ( 0.3793103441447463475, 0.3827586206896551602, 0.3862068965517241326, 0.3896551724137931050, 0.3931034482758620774, 0.3965517234550912096 ),
 .UNSPECIFIED. ) 
 CURVE ( )  GEOMETRIC_REPRESENTATION_ITEM ( )  RATIONAL_B_SPLINE_CURVE ( ( 1.000000000000000000, 0.9510565162951535312, 1.000000000000000000, 0.9510565162951535312, 1.000000000000000000, 0.9510565162951535312, 1.000000000000000000, 0.9510565162951535312, 1.000000000000000000, 0.9510565162951535312, 1.000000000000000000 ) ) 
 REPRESENTATION_ITEM ( '' )  );
#537 = CARTESIAN_POINT ( 'NONE',  ( -7.281153918988088058, 5.290066613608873425, 43.41633411583517699 ) ) ;
#538 = CARTESIAN_POINT ( 'NONE',  ( 2.781152480892323808, 3.827928977956380763, 26.97787130755475360 ) ) ;
#539 = AXIS2_PLACEMENT_3D ( 'NONE', #1276, #2265, #3811 ) ;
#540 = CYLINDRICAL_SURFACE ( 'NONE', #5716, 4.500000000000000888 ) ;
#541 = DIRECTION ( 'NONE',  ( 0.0000000000000000000, 0.0000000000000000000, 1.000000000000000000 ) ) ;
#542 = ORIENTED_EDGE ( 'NONE', *, *, #2382, .T. ) ;
#543 =( BOUNDED_CURVE ( )  B_SPLINE_CURVE ( 2, ( #5374, #7005, #4119, #1302, #3656, #1207, #2543, #2342, #4165, #1854, #4016 ),
 .UNSPECIFIED., .F., .F. ) 
 B_SPLINE_CURVE_WITH_KNOTS ( ( 3, 2, 2, 2, 2, 3 ),
 ( 0.3928571421499159055, 0.3964285714285714080, 0.4000000000000000222, 0.4035714285714285809, 0.4071428571428571397, 0.4107142850070587548 ),
 .UNSPECIFIED. ) 
 CURVE ( )  GEOMETRIC_REPRESENTATION_ITEM ( )  RATIONAL_B_SPLINE_CURVE ( ( 1.000000000000000000, 0.9510565162951535312, 1.000000000000000000, 0.9510565162951535312, 1.000000000000000000, 0.9510565162951535312, 1.000000000000000000, 0.9510565162951535312, 1.000000000000000000, 0.9510565162951535312, 1.000000000000000000 ) ) 
 REPRESENTATION_ITEM ( '' )  );
#544 = ORIENTED_EDGE ( 'NONE', *, *, #370, .F. ) ;
#545 = CARTESIAN_POINT ( 'NONE',  ( 4.500000000000000888, -1.214347924320673299E-14, 28.66926648783383058 ) ) ;
#546 = CARTESIAN_POINT ( 'NONE',  ( -1.390576998466210190, 4.279754153142059536, 45.75734018482571486 ) ) ;
#547 = FACE_OUTER_BOUND ( 'NONE', #5709, .T. ) ;
#548 = EDGE_CURVE ( 'NONE', #3133, #633, #3517, .T. ) ;
#549 = ORIENTED_EDGE ( 'NONE', *, *, #5718, .F. ) ;
#550 = CARTESIAN_POINT ( 'NONE',  ( 1.390575950908261804, 4.279754493514269953, 47.56394687400544541 ) ) ;
#551 = CARTESIAN_POINT ( 'NONE',  ( -2.781154119997068186, 8.559508685037837239, 36.27322325454192509 ) ) ;
#552 = CARTESIAN_POINT ( 'NONE',  ( 0.0000000000000000000, 0.0000000000000000000, 0.0000000000000000000 ) ) ;
#553 = CARTESIAN_POINT ( 'NONE',  ( 9.000000398245260769, 0.0000000000000000000, 0.0000000000000000000 ) ) ;
#554 = ORIENTED_EDGE ( 'NONE', *, *, #7134, .F. ) ;
#555 = EDGE_CURVE ( 'NONE', #2058, #6359, #7043, .T. ) ;
#556 = EDGE_LOOP ( 'NONE', ( #4707, #4673, #50, #6798 ) ) ;
#557 = LINE ( 'NONE', #2172, #654 ) ;
#558 = FACE_OUTER_BOUND ( 'NONE', #5917, .T. ) ;
#559 = ORIENTED_EDGE ( 'NONE', *, *, #3692, .F. ) ;
#560 = CARTESIAN_POINT ( 'NONE',  ( -4.500000000000000888, -3.700520134596046816E-15, 20.87166359240815083 ) ) ;
#561 = LINE ( 'NONE', #2585, #3071 ) ;
#562 = EDGE_CURVE ( 'NONE', #2437, #6484, #4424, .T. ) ;
#563 = CARTESIAN_POINT ( 'NONE',  ( 9.000000398245257216, -1.106077367795619885E-14, 15.11109031717166040 ) ) ;
#564 = CARTESIAN_POINT ( 'NONE',  ( -1.158151638833938338E-06, 9.463160436884182403, 31.54955316884799998 ) ) ;
#565 = ORIENTED_EDGE ( 'NONE', *, *, #5332, .T. ) ;
#566 = DIRECTION ( 'NONE',  ( 1.000000000000000000, 0.0000000000000000000, 0.0000000000000000000 ) ) ;
#567 = CARTESIAN_POINT ( 'NONE',  ( 5.562307081842483569, -7.655856933191496516, 23.98237320443177012 ) ) ;
#568 = DIRECTION ( 'NONE',  ( 1.000000000000000000, 0.0000000000000000000, 0.0000000000000000000 ) ) ;
#569 = ADVANCED_FACE ( 'NONE', ( #7100 ), #7018, .T. ) ;
#570 = ORIENTED_EDGE ( 'NONE', *, *, #2414, .F. ) ;
#571 = CARTESIAN_POINT ( 'NONE',  ( -4.500000000000000888, -5.316199944035498124E-16, 2.170629421745972287 ) ) ;
#572 = EDGE_CURVE ( 'NONE', #5351, #4751, #6896, .T. ) ;
#573 = ORIENTED_EDGE ( 'NONE', *, *, #5886, .T. ) ;
#574 = CARTESIAN_POINT ( 'NONE',  ( 7.281152624135290630, 5.290068395820854974, 61.15889980356356403 ) ) ;
#575 = DIRECTION ( 'NONE',  ( 0.0000000000000000000, 0.0000000000000000000, 1.000000000000000000 ) ) ;
#576 = AXIS2_PLACEMENT_3D ( 'NONE', #2428, #7209, #2973 ) ;
#577 = VERTEX_POINT ( 'NONE', #2129 ) ;
#578 = DIRECTION ( 'NONE',  ( 1.000000000000000000, 0.0000000000000000000, 0.0000000000000000000 ) ) ;
#579 = CARTESIAN_POINT ( 'NONE',  ( -4.499999821055708615, -1.462139183781863139, 23.02390472149799194 ) ) ;
#580 = VECTOR ( 'NONE', #172, 1000.000000000000000 ) ;
#581 = ORIENTED_EDGE ( 'NONE', *, *, #5711, .T. ) ;
#582 = CARTESIAN_POINT ( 'NONE',  ( -7.281153918988057860, 5.290066613608916946, 32.16238725526758913 ) ) ;
#583 = ORIENTED_EDGE ( 'NONE', *, *, #1341, .F. ) ;
#584 = CARTESIAN_POINT ( 'NONE',  ( -9.000000040356628261, -2.924278496961604912, 50.94185613253854683 ) ) ;
#585 = CARTESIAN_POINT ( 'NONE',  ( -34.99955720297688799, -50.00000000000000000, 0.0000000000000000000 ) ) ;
#586 = ADVANCED_FACE ( 'NONE', ( #4461 ), #4535, .T. ) ;
#587 = FILL_AREA_STYLE ('',( #428 ) ) ;
#588 = VECTOR ( 'NONE', #385, 1000.000000000000000 ) ;
#589 = CARTESIAN_POINT ( 'NONE',  ( 7.281153918988072959, -5.290066613608893853, 37.92296053050409199 ) ) ;
#590 = CARTESIAN_POINT ( 'NONE',  ( 9.000000398245257216, -2.869568844472633721E-14, 33.27772510802302719 ) ) ;
#591 = CARTESIAN_POINT ( 'NONE',  ( -3.640576150974010439, -2.645034080869140602, 25.44334549709731874 ) ) ;
#592 = EDGE_CURVE ( 'NONE', #2681, #4715, #7071, .T. ) ;
#593 = CARTESIAN_POINT ( 'NONE',  ( -3.640576798400460667, 2.645033189763080106, 52.90045104611897386 ) ) ;
#594 = VERTEX_POINT ( 'NONE', #2078 ) ;
#595 = VERTEX_POINT ( 'NONE', #3381 ) ;
#596 = CARTESIAN_POINT ( 'NONE',  ( -9.000000398245257216, -1.063239678614364001E-15, 2.437829111651377278 ) ) ;
#597 = CARTESIAN_POINT ( 'NONE',  ( -5.562305207913841087, -7.655858294680351506, 62.69342561402099534 ) ) ;
#598 = CARTESIAN_POINT ( 'NONE',  ( -9.000000398245260769, 1.102182168003596278E-15, 0.0000000000000000000 ) ) ;
#599 = CARTESIAN_POINT ( 'NONE',  ( -9.000000756133704982, 2.924276294026278755, 45.83577489143449668 ) ) ;
#600 = ORIENTED_EDGE ( 'NONE', *, *, #4118, .T. ) ;
#601 = CARTESIAN_POINT ( 'NONE',  ( 1.390576998466283687, -4.279754153142035555, 51.51791346006221062 ) ) ;
#602 = CARTESIAN_POINT ( 'NONE',  ( 9.000000756133731628, -2.924276294026213030, 10.12022058496824783 ) ) ;
#603 = CARTESIAN_POINT ( 'NONE',  ( -9.000000398245262545, -8.422343182406819715E-14, 39.03829838325953006 ) ) ;
#604 = DIRECTION ( 'NONE',  ( 0.0000000000000000000, 0.0000000000000000000, 1.000000000000000000 ) ) ;
#605 = ORIENTED_EDGE ( 'NONE', *, *, #2820, .F. ) ;
#606 = AXIS2_PLACEMENT_3D ( 'NONE', #1376, #5465, #7258 ) ;
#607 = ORIENTED_EDGE ( 'NONE', *, *, #4694, .T. ) ;
#608 = ORIENTED_EDGE ( 'NONE', *, *, #1501, .F. ) ;
#609 = CARTESIAN_POINT ( 'NONE',  ( 2.781152480892346013, 3.827928977956363887, 61.27411126906827832 ) ) ;
#610 = CARTESIAN_POINT ( 'NONE',  ( 4.499999821055714833, 1.462139183781845819, 47.48551216739667069 ) ) ;
#611 =( BOUNDED_CURVE ( )  B_SPLINE_CURVE ( 2, ( #872, #1396, #3666, #382, #4350, #6648, #1957, #4222, #5544, #6097, #7234 ),
 .UNSPECIFIED., .F., .F. ) 
 B_SPLINE_CURVE_WITH_KNOTS ( ( 3, 2, 2, 2, 2, 3 ),
 ( 0.5714285707213444532, 0.5749999999999999556, 0.5785714285714286254, 0.5821428571428571841, 0.5857142857142857428, 0.5892857135784873579 ),
 .UNSPECIFIED. ) 
 CURVE ( )  GEOMETRIC_REPRESENTATION_ITEM ( )  RATIONAL_B_SPLINE_CURVE ( ( 1.000000000000000000, 0.9510565162951535312, 1.000000000000000000, 0.9510565162951535312, 1.000000000000000000, 0.9510565162951535312, 1.000000000000000000, 0.9510565162951535312, 1.000000000000000000, 0.9510565162951535312, 1.000000000000000000 ) ) 
 REPRESENTATION_ITEM ( '' )  );
#612 = DIRECTION ( 'NONE',  ( 1.000000000000000000, 0.0000000000000000000, 0.0000000000000000000 ) ) ;
#613 = ORIENTED_EDGE ( 'NONE', *, *, #5533, .T. ) ;
#614 = DIRECTION ( 'NONE',  ( 0.0000000000000000000, 0.0000000000000000000, 1.000000000000000000 ) ) ;
#615 = ORIENTED_EDGE ( 'NONE', *, *, #4321, .F. ) ;
#616 = DIRECTION ( 'NONE',  ( 0.0000000000000000000, 0.0000000000000000000, 1.000000000000000000 ) ) ;
#617 = DIRECTION ( 'NONE',  ( 1.000000000000000000, 0.0000000000000000000, 0.0000000000000000000 ) ) ;
#618 = CARTESIAN_POINT ( 'NONE',  ( -2.781152480892414847, -3.827928977956315482, 60.12199661402100048 ) ) ;
#619 = ORIENTED_EDGE ( 'NONE', *, *, #4983, .F. ) ;
#620 = CARTESIAN_POINT ( 'NONE',  ( 5.562307081842409850, -7.655856933191550695, 46.75746661547233174 ) ) ;
#621 = CARTESIAN_POINT ( 'NONE',  ( -9.000000040356631814, -2.924278496961595586, 59.89157368301153639 ) ) ;
#622 = CARTESIAN_POINT ( 'NONE',  ( -2.781153417856682797, 3.827928297211926623, 43.56832234023585215 ) ) ;
#623 = ORIENTED_EDGE ( 'NONE', *, *, #1329, .T. ) ;
#624 = EDGE_CURVE ( 'NONE', #4608, #3967, #6448, .T. ) ;
#625 = ADVANCED_FACE ( 'NONE', ( #2115 ), #2051, .F. ) ;
#626 = VERTEX_POINT ( 'NONE', #3480 ) ;
#627 = VECTOR ( 'NONE', #4202, 1000.000000000000000 ) ;
#628 = CARTESIAN_POINT ( 'NONE',  ( 7.281152624135200035, 5.290068395820978431, 1.248937741104053867 ) ) ;
#629 = VECTOR ( 'NONE', #4361, 1000.000000000000000 ) ;
#630 = CARTESIAN_POINT ( 'NONE',  ( 2.781154119997062413, -8.559508685037840792, 10.04178587835946601 ) ) ;
#631 = EDGE_CURVE ( 'NONE', #284, #703, #999, .T. ) ;
#632 = DIRECTION ( 'NONE',  ( 0.0000000000000000000, 0.0000000000000000000, 1.000000000000000000 ) ) ;
#633 = VERTEX_POINT ( 'NONE', #922 ) ;
#634 = CARTESIAN_POINT ( 'NONE',  ( 9.000000398245262545, 5.335118940199071414E-14, 38.15338341811762746 ) ) ;
#635 = CARTESIAN_POINT ( 'NONE',  ( -9.000000756133731628, 2.924276294026204148, 34.31462834096151227 ) ) ;
#636 = CARTESIAN_POINT ( 'NONE',  ( -4.499999821055703286, -1.462139183781875795, 18.68264579121420255 ) ) ;
#637 = CARTESIAN_POINT ( 'NONE',  ( 4.500000000000001776, 1.760551340680881641E-14, 51.97875927868521728 ) ) ;
#638 = ORIENTED_EDGE ( 'NONE', *, *, #2003, .T. ) ;
#639 = VERTEX_POINT ( 'NONE', #3756 ) ;
#640 = LINE ( 'NONE', #5410, #627 ) ;
#641 = EDGE_CURVE ( 'NONE', #5000, #4073, #4497, .T. ) ;
#642 = CARTESIAN_POINT ( 'NONE',  ( -1.390575950908303549, -4.279754493514255742, 39.49914428867435845 ) ) ;
#643 = CYLINDRICAL_SURFACE ( 'NONE', #323, 4.500000000000000888 ) ;
#644 = CARTESIAN_POINT ( 'NONE',  ( 4.500000000000000888, -3.445247984332646484E-14, 40.45761272821222576 ) ) ;
#645 = ADVANCED_FACE ( 'NONE', ( #6950 ), #4616, .F. ) ;
#646 = CARTESIAN_POINT ( 'NONE',  ( 7.281152624135247997, 5.290068395820911817, 54.51341156318518699 ) ) ;
#647 = CARTESIAN_POINT ( 'NONE',  ( -9.000000040356672670, -2.924278496961472573, 55.28311506282233978 ) ) ;
#648 = EDGE_CURVE ( 'NONE', #6659, #3305, #7086, .T. ) ;
#649 = CARTESIAN_POINT ( 'NONE',  ( -4.500000000000000888, -8.109244147548149357E-15, 11.65474635202976472 ) ) ;
#650 = CARTESIAN_POINT ( 'NONE',  ( 4.500000000000000888, 0.0000000000000000000, 0.0000000000000000000 ) ) ;
#651 = DIRECTION ( 'NONE',  ( 1.000000000000000000, 0.0000000000000000000, 0.0000000000000000000 ) ) ;
#652 = ORIENTED_EDGE ( 'NONE', *, *, #1408, .T. ) ;
#653 = EDGE_LOOP ( 'NONE', ( #7014, #5430, #613, #3329 ) ) ;
#654 = VECTOR ( 'NONE', #6749, 1000.000000000000000 ) ;
#655 = LINE ( 'NONE', #3310, #629 ) ;
#656 = CARTESIAN_POINT ( 'NONE',  ( -4.500000000000000000, -2.005694219537652417E-14, 18.30023459240814887 ) ) ;
#657 = CARTESIAN_POINT ( 'NONE',  ( -2.781154119997061080, 8.559508685037840792, 10.92670084350135973 ) ) ;
#658 =( BOUNDED_CURVE ( )  B_SPLINE_CURVE ( 2, ( #6966, #1954, #131, #178, #2546, #4255, #4895, #6046, #6549, #7116, #1259 ),
 .UNSPECIFIED., .F., .F. ) 
 B_SPLINE_CURVE_WITH_KNOTS ( ( 3, 2, 2, 2, 2, 3 ),
 ( 0.4310344820757807671, 0.4344827586206896353, 0.4379310344827586077, 0.4413793103448275801, 0.4448275862068965525, 0.4482758613861256292 ),
 .UNSPECIFIED. ) 
 CURVE ( )  GEOMETRIC_REPRESENTATION_ITEM ( )  RATIONAL_B_SPLINE_CURVE ( ( 1.000000000000000000, 0.9510565162951535312, 1.000000000000000000, 0.9510565162951535312, 1.000000000000000000, 0.9510565162951535312, 1.000000000000000000, 0.9510565162951535312, 1.000000000000000000, 0.9510565162951535312, 1.000000000000000000 ) ) 
 REPRESENTATION_ITEM ( '' )  );
#659 = EDGE_CURVE ( 'NONE', #2263, #7313, #4550, .T. ) ;
#660 = DIRECTION ( 'NONE',  ( 0.0000000000000000000, 0.0000000000000000000, 1.000000000000000000 ) ) ;
#661 = EDGE_LOOP ( 'NONE', ( #4188, #2538, #5931, #2570 ) ) ;
#662 = CARTESIAN_POINT ( 'NONE',  ( 0.0000000000000000000, 0.0000000000000000000, 0.0000000000000000000 ) ) ;
#663 = DIRECTION ( 'NONE',  ( 0.0000000000000000000, 0.0000000000000000000, 1.000000000000000000 ) ) ;
#664 = AXIS2_PLACEMENT_3D ( 'NONE', #4191, #4763, #838 ) ;
#665 = CARTESIAN_POINT ( 'NONE',  ( -3.640576798400439351, 2.645033189763109416, 38.80787549564598038 ) ) ;
#666 = ORIENTED_EDGE ( 'NONE', *, *, #3134, .F. ) ;
#667 = CARTESIAN_POINT ( 'NONE',  ( 2.781153417856662369, -3.827928297211941722, 60.85004216594532522 ) ) ;
#668 = DIRECTION ( 'NONE',  ( 0.0000000000000000000, 0.0000000000000000000, 1.000000000000000000 ) ) ;
#669 = CARTESIAN_POINT ( 'NONE',  ( -4.500000000000000888, 5.510910596163089556E-16, 0.0000000000000000000 ) ) ;
#670 = ORIENTED_EDGE ( 'NONE', *, *, #3769, .F. ) ;
#671 = CARTESIAN_POINT ( 'NONE',  ( 1.158151613326359365E-06, -9.463160436884182403, 23.48475058351690237 ) ) ;
#672 = CARTESIAN_POINT ( 'NONE',  ( 5.562307081842484457, -7.655856933191495628, 21.41094420443177526 ) ) ;
#673 = CARTESIAN_POINT ( 'NONE',  ( -5.562307081842468470, 7.655856933191507174, 8.737682998911493470 ) ) ;
#674 = ORIENTED_EDGE ( 'NONE', *, *, #1652, .F. ) ;
#675 = CARTESIAN_POINT ( 'NONE',  ( 5.562307081842345902, -7.655856933191595992, 58.54581285585071981 ) ) ;
#676 = VERTEX_POINT ( 'NONE', #2504 ) ;
#677 = LINE ( 'NONE', #28, #3266 ) ;
#678 = CARTESIAN_POINT ( 'NONE',  ( -1.390575950908290004, -4.279754493514261071, 32.85365604829598141 ) ) ;
#679 = CARTESIAN_POINT ( 'NONE',  ( -4.499999821055706839, -1.462139183781870466, 6.894299550835815360 ) ) ;
#680 = ORIENTED_EDGE ( 'NONE', *, *, #6698, .F. ) ;
#681 = CARTESIAN_POINT ( 'NONE',  ( -2.781153417856649046, 3.827928297211950603, 34.08420540995205528 ) ) ;
#682 = EDGE_CURVE ( 'NONE', #6748, #7253, #520, .T. ) ;
#683 = ORIENTED_EDGE ( 'NONE', *, *, #3300, .F. ) ;
#684 = CARTESIAN_POINT ( 'NONE',  ( -5.237540165881530818, -7.319028636314558689, 65.00000000000001421 ) ) ;
#685 = CARTESIAN_POINT ( 'NONE',  ( -4.499999821055700622, -1.462139183781894003, 25.32813403159258669 ) ) ;
#686 = CARTESIAN_POINT ( 'NONE',  ( -4.500000000000000000, -2.176759428339808894E-16, 59.77636217411090769 ) ) ;
#687 = DIRECTION ( 'NONE',  ( 1.000000000000000000, 0.0000000000000000000, 0.0000000000000000000 ) ) ;
#688 = ORIENTED_EDGE ( 'NONE', *, *, #6417, .F. ) ;
#689 = ADVANCED_FACE ( 'NONE', ( #2160 ), #2182, .T. ) ;
#690 = EDGE_LOOP ( 'NONE', ( #2226, #809, #5788, #2313, #824, #3390 ) ) ;
#691 = FACE_OUTER_BOUND ( 'NONE', #1918, .T. ) ;
#692 = DIRECTION ( 'NONE',  ( 1.000000000000000000, 0.0000000000000000000, 0.0000000000000000000 ) ) ;
#693 = FACE_OUTER_BOUND ( 'NONE', #6214, .T. ) ;
#694 = AXIS2_PLACEMENT_3D ( 'NONE', #3671, #6562, #2557 ) ;
#695 = CARTESIAN_POINT ( 'NONE',  ( -5.790758053821989450E-07, 4.731580009072167137, 8.507260067902034706 ) ) ;
#696 = CARTESIAN_POINT ( 'NONE',  ( -9.000000398245262545, -3.129640431159949625E-14, 27.51715183278654564 ) ) ;
#697 = CARTESIAN_POINT ( 'NONE',  ( 4.500000000000000888, -1.393995251051634810E-14, 24.32800755755004474 ) ) ;
#698 = ORIENTED_EDGE ( 'NONE', *, *, #2036, .F. ) ;
#699 = CARTESIAN_POINT ( 'NONE',  ( 4.500000000000000888, 0.0000000000000000000, 65.00000000000000000 ) ) ;
#700 = CARTESIAN_POINT ( 'NONE',  ( 4.500000000000000888, -4.428200187647343457E-15, 12.53966131717165666 ) ) ;
#701 = CARTESIAN_POINT ( 'NONE',  ( -2.781154119997061080, 8.559508685037840792, 11.19390053340676516 ) ) ;
#702 = ORIENTED_EDGE ( 'NONE', *, *, #453, .F. ) ;
#703 = VERTEX_POINT ( 'NONE', #4798 ) ;
#704 = FACE_OUTER_BOUND ( 'NONE', #3510, .T. ) ;
#705 = VECTOR ( 'NONE', #3324, 1000.000000000000000 ) ;
#706 = DIRECTION ( 'NONE',  ( 0.0000000000000000000, 0.0000000000000000000, 1.000000000000000000 ) ) ;
#707 = ADVANCED_FACE ( 'NONE', ( #4634 ), #6872, .T. ) ;
#708 = EDGE_CURVE ( 'NONE', #6307, #595, #4650, .T. ) ;
#709 = CARTESIAN_POINT ( 'NONE',  ( 3.640576798400434910, -2.645033189763115633, 44.83564846078787980 ) ) ;
#710 = ORIENTED_EDGE ( 'NONE', *, *, #6834, .F. ) ;
#711 = CARTESIAN_POINT ( 'NONE',  ( -3.640576150974031311, -2.645034080869112181, 32.35603342738110655 ) ) ;
#712 = CARTESIAN_POINT ( 'NONE',  ( 0.0000000000000000000, 0.0000000000000000000, 0.0000000000000000000 ) ) ;
#713 = AXIS2_PLACEMENT_3D ( 'NONE', #4573, #1445, #873 ) ;
#714 = ORIENTED_EDGE ( 'NONE', *, *, #5054, .T. ) ;
#715 = CARTESIAN_POINT ( 'NONE',  ( 4.500000000000000000, -1.301408044414469429E-14, 54.01578889887440482 ) ) ;
#716 = CARTESIAN_POINT ( 'NONE',  ( -4.499999821055703286, -1.462139183781878238, 57.58734437291693098 ) ) ;
#717 = EDGE_LOOP ( 'NONE', ( #4399, #2319, #248, #4354 ) ) ;
#718 = CARTESIAN_POINT ( 'NONE',  ( 5.562307081842424061, -7.655856933191538261, 28.59083182462096673 ) ) ;
#719 = DIRECTION ( 'NONE',  ( 0.0000000000000000000, 0.0000000000000000000, 1.000000000000000000 ) ) ;
#720 = CARTESIAN_POINT ( 'NONE',  ( -9.000000398245260769, 1.102182168003596278E-15, 0.0000000000000000000 ) ) ;
#721 = CARTESIAN_POINT ( 'NONE',  ( 4.500000000000000000, 1.785816063376426808E-14, 56.32001820896900313 ) ) ;
#722 = EDGE_CURVE ( 'NONE', #269, #4460, #2038, .T. ) ;
#723 = ORIENTED_EDGE ( 'NONE', *, *, #26, .F. ) ;
#724 = CARTESIAN_POINT ( 'NONE',  ( -4.500000000000000888, 5.510910596163089556E-16, 0.0000000000000000000 ) ) ;
#725 = EDGE_CURVE ( 'NONE', #2942, #3263, #3389, .T. ) ;
#726 = CARTESIAN_POINT ( 'NONE',  ( -2.781154119997077068, 8.559508685037835463, 27.05630601416353542 ) ) ;
#727 = VERTEX_POINT ( 'NONE', #1495 ) ;
#728 = CARTESIAN_POINT ( 'NONE',  ( -4.500000000000000000, -1.785258647030337451E-14, 22.90869321259734903 ) ) ;
#729 = ORIENTED_EDGE ( 'NONE', *, *, #6165, .T. ) ;
#730 = CARTESIAN_POINT ( 'NONE',  ( 0.0000000000000000000, 0.0000000000000000000, 0.0000000000000000000 ) ) ;
#731 = FACE_OUTER_BOUND ( 'NONE', #7050, .T. ) ;
#732 = CARTESIAN_POINT ( 'NONE',  ( -4.499999821055689964, -1.462139183781921092, 57.85454406282234885 ) ) ;
#733 = CARTESIAN_POINT ( 'NONE',  ( 2.781152480892326473, 3.827928977956378098, 36.19478854793314326 ) ) ;
#734 = EDGE_LOOP ( 'NONE', ( #2233, #7036, #2496, #6934 ) ) ;
#735 = CARTESIAN_POINT ( 'NONE',  ( 2.781153417856645049, -3.827928297211953712, 35.50351975490475098 ) ) ;
#736 = CARTESIAN_POINT ( 'NONE',  ( -3.407697308867431829, -4.759294489419488627, 64.99990077203322869 ) ) ;
#737 = DIRECTION ( 'NONE',  ( 1.000000000000000000, 0.0000000000000000000, 0.0000000000000000000 ) ) ;
#738 = EDGE_CURVE ( 'NONE', #2209, #4108, #2086, .T. ) ;
#739 = ORIENTED_EDGE ( 'NONE', *, *, #5683, .T. ) ;
#740 = ORIENTED_EDGE ( 'NONE', *, *, #7309, .T. ) ;
#741 = EDGE_CURVE ( 'NONE', #1755, #5656, #4294, .T. ) ;
#742 = CARTESIAN_POINT ( 'NONE',  ( -7.281152624135217799, -5.290068395820954450, 32.62323311728651731 ) ) ;
#743 = DIRECTION ( 'NONE',  ( 1.000000000000000000, 0.0000000000000000000, 0.0000000000000000000 ) ) ;
#744 = CARTESIAN_POINT ( 'NONE',  ( 2.781154119997026442, -8.559508685037851450, 49.21368414996760521 ) ) ;
#745 = CARTESIAN_POINT ( 'NONE',  ( 5.562307081842486234, -7.655856933191494740, 3.244309413580404922 ) ) ;
#746 = ORIENTED_EDGE ( 'NONE', *, *, #3488, .F. ) ;
#747 = CARTESIAN_POINT ( 'NONE',  ( -1.390576998466256375, 4.279754153142044437, 11.19390053340676516 ) ) ;
#748 = CARTESIAN_POINT ( 'NONE',  ( -4.500000178944231877, 1.462138082314244691, 4.626846999637166391 ) ) ;
#749 = CARTESIAN_POINT ( 'NONE',  ( -1.390576998466254377, 4.279754153142045325, 15.80235915359595822 ) ) ;
#750 = ORIENTED_EDGE ( 'NONE', *, *, #5890, .T. ) ;
#751 = ADVANCED_FACE ( 'NONE', ( #1925 ), #1944, .F. ) ;
#752 = FACE_OUTER_BOUND ( 'NONE', #3636, .T. ) ;
#753 = CYLINDRICAL_SURFACE ( 'NONE', #4292, 9.000000398245260769 ) ;
#754 = ORIENTED_EDGE ( 'NONE', *, *, #738, .F. ) ;
#755 = EDGE_CURVE ( 'NONE', #3979, #3916, #6885, .T. ) ;
#756 = DIRECTION ( 'NONE',  ( 1.000000000000000000, 0.0000000000000000000, 0.0000000000000000000 ) ) ;
#757 = AXIS2_PLACEMENT_3D ( 'NONE', #7281, #1145, #5732 ) ;
#758 = EDGE_LOOP ( 'NONE', ( #5268, #2889, #5283, #5213 ) ) ;
#759 = CARTESIAN_POINT ( 'NONE',  ( -2.781152480892351342, -3.827928977956360779, 62.69342561402099534 ) ) ;
#760 = EDGE_CURVE ( 'NONE', #5701, #269, #7213, .T. ) ;
#761 = CARTESIAN_POINT ( 'NONE',  ( 9.000000756133738733, -2.924276294026177059, 40.34240130610341168 ) ) ;
#762 = VERTEX_POINT ( 'NONE', #7327 ) ;
#763 = CARTESIAN_POINT ( 'NONE',  ( -3.640576798400449121, 2.645033189763096981, 6.548665154321625437 ) ) ;
#764 = CARTESIAN_POINT ( 'NONE',  ( 9.000000398245257216, -1.987823111304005947E-14, 24.06080786764463753 ) ) ;
#765 = VERTEX_POINT ( 'NONE', #6183 ) ;
#766 = CARTESIAN_POINT ( 'NONE',  ( 2.781154119997043761, -8.559508685037846121, 30.77984966921083654 ) ) ;
#767 =( BOUNDED_CURVE ( )  B_SPLINE_CURVE ( 2, ( #3180, #5512, #5462, #983, #5060, #1513, #503, #6668, #7255, #6022, #2122 ),
 .UNSPECIFIED., .F., .F. ) 
 B_SPLINE_CURVE_WITH_KNOTS ( ( 3, 2, 2, 2, 2, 3 ),
 ( 0.7586206889723325908, 0.7620689655172413479, 0.7655172413793103203, 0.7689655172413792927, 0.7724137931034482651, 0.7758620682826773418 ),
 .UNSPECIFIED. ) 
 CURVE ( )  GEOMETRIC_REPRESENTATION_ITEM ( )  RATIONAL_B_SPLINE_CURVE ( ( 1.000000000000000000, 0.9510565162951535312, 1.000000000000000000, 0.9510565162951535312, 1.000000000000000000, 0.9510565162951535312, 1.000000000000000000, 0.9510565162951535312, 1.000000000000000000, 0.9510565162951535312, 1.000000000000000000 ) ) 
 REPRESENTATION_ITEM ( '' )  );
#768 = CARTESIAN_POINT ( 'NONE',  ( 4.500000000000000888, -4.106554846611202996E-14, 54.28298858877980138 ) ) ;
#769 =( BOUNDED_CURVE ( )  B_SPLINE_CURVE ( 2, ( #2749, #3354, #4443, #5039, #4493, #5682, #6232, #5786, #5883, #198, #686 ),
 .UNSPECIFIED., .F., .F. ) 
 B_SPLINE_CURVE_WITH_KNOTS ( ( 3, 2, 2, 2, 2, 3 ),
 ( 0.8928571421499158500, 0.8964285714285714635, 0.9000000000000000222, 0.9035714285714285809, 0.9071428571428571397, 0.9107142850070587548 ),
 .UNSPECIFIED. ) 
 CURVE ( )  GEOMETRIC_REPRESENTATION_ITEM ( )  RATIONAL_B_SPLINE_CURVE ( ( 1.000000000000000000, 0.9510565162951535312, 1.000000000000000000, 0.9510565162951535312, 1.000000000000000000, 0.9510565162951535312, 1.000000000000000000, 0.9510565162951535312, 1.000000000000000000, 0.9510565162951535312, 1.000000000000000000 ) ) 
 REPRESENTATION_ITEM ( '' )  );
#770 = CARTESIAN_POINT ( 'NONE',  ( 5.562307081842457812, -7.655856933191514280, 53.93735423566152321 ) ) ;
#771 = ADVANCED_FACE ( 'NONE', ( #7366 ), #4706, .F. ) ;
#772 = ORIENTED_EDGE ( 'NONE', *, *, #2391, .F. ) ;
#773 = CARTESIAN_POINT ( 'NONE',  ( 9.000000756133717417, -2.924276294026248113, 46.98788954648178873 ) ) ;
#774 =( BOUNDED_CURVE ( )  B_SPLINE_CURVE ( 2, ( #6373, #1191, #3901, #4446, #5639, #5227, #726, #7361, #6925, #6826, #1267 ),
 .UNSPECIFIED., .F., .F. ) 
 B_SPLINE_CURVE_WITH_KNOTS ( ( 3, 2, 2, 2, 2, 3 ),
 ( 0.3928571421499159055, 0.3964285714285714080, 0.4000000000000000222, 0.4035714285714285809, 0.4071428571428571397, 0.4107142850070587548 ),
 .UNSPECIFIED. ) 
 CURVE ( )  GEOMETRIC_REPRESENTATION_ITEM ( )  RATIONAL_B_SPLINE_CURVE ( ( 1.000000000000000000, 0.9510565162951535312, 1.000000000000000000, 0.9510565162951535312, 1.000000000000000000, 0.9510565162951535312, 1.000000000000000000, 0.9510565162951535312, 1.000000000000000000, 0.9510565162951535312, 1.000000000000000000 ) ) 
 REPRESENTATION_ITEM ( '' )  );
#775 = AXIS2_PLACEMENT_3D ( 'NONE', #2275, #6705, #10 ) ;
#776 =( BOUNDED_CURVE ( )  B_SPLINE_CURVE ( 2, ( #4088, #3940, #1740, #146, #6879, #105, #4654, #735, #3014, #4143, #5088 ),
 .UNSPECIFIED., .F., .F. ) 
 B_SPLINE_CURVE_WITH_KNOTS ( ( 3, 2, 2, 2, 2, 3 ),
 ( 0.5344827579378498283, 0.5379310344827585855, 0.5413793103448275579, 0.5448275862068965303, 0.5482758620689655027, 0.5517241372481945794 ),
 .UNSPECIFIED. ) 
 CURVE ( )  GEOMETRIC_REPRESENTATION_ITEM ( )  RATIONAL_B_SPLINE_CURVE ( ( 1.000000000000000000, 0.9510565162951535312, 1.000000000000000000, 0.9510565162951535312, 1.000000000000000000, 0.9510565162951535312, 1.000000000000000000, 0.9510565162951535312, 1.000000000000000000, 0.9510565162951535312, 1.000000000000000000 ) ) 
 REPRESENTATION_ITEM ( '' )  );
#777 = CARTESIAN_POINT ( 'NONE',  ( -5.790757926020786983E-07, 4.731580009072167137, 57.16327526979397078 ) ) ;
#778 = ORIENTED_EDGE ( 'NONE', *, *, #2820, .T. ) ;
#779 = ORIENTED_EDGE ( 'NONE', *, *, #33, .F. ) ;
#780 =( BOUNDED_CURVE ( )  B_SPLINE_CURVE ( 2, ( #6126, #518, #6683, #1675, #5578, #7360, #7266, #5769, #5720, #2252, #6824 ),
 .UNSPECIFIED., .F., .F. ) 
 B_SPLINE_CURVE_WITH_KNOTS ( ( 3, 2, 2, 2, 2, 3 ),
 ( 0.4821428564356302071, 0.4857142857142857095, 0.4892857142857142683, 0.4928571428571428825, 0.4964285714285714413, 0.4999999992927730008 ),
 .UNSPECIFIED. ) 
 CURVE ( )  GEOMETRIC_REPRESENTATION_ITEM ( )  RATIONAL_B_SPLINE_CURVE ( ( 1.000000000000000000, 0.9510565162951535312, 1.000000000000000000, 0.9510565162951535312, 1.000000000000000000, 0.9510565162951535312, 1.000000000000000000, 0.9510565162951535312, 1.000000000000000000, 0.9510565162951535312, 1.000000000000000000 ) ) 
 REPRESENTATION_ITEM ( '' )  );
#781 = CARTESIAN_POINT ( 'NONE',  ( -4.499999821055697069, -1.462139183781901552, 32.50802165178178882 ) ) ;
#782 =( BOUNDED_CURVE ( )  B_SPLINE_CURVE ( 2, ( #6090, #1183, #6132, #5130, #476, #6688, #5724, #6272, #2739, #1091, #3346 ),
 .UNSPECIFIED., .F., .F. ) 
 B_SPLINE_CURVE_WITH_KNOTS ( ( 3, 2, 2, 2, 2, 3 ),
 ( 0.7499999992927729453, 0.7535714285714285587, 0.7571428571428571175, 0.7607142857142856762, 0.7642857142857142350, 0.7678571421499159610 ),
 .UNSPECIFIED. ) 
 CURVE ( )  GEOMETRIC_REPRESENTATION_ITEM ( )  RATIONAL_B_SPLINE_CURVE ( ( 1.000000000000000000, 0.9510565162951535312, 1.000000000000000000, 0.9510565162951535312, 1.000000000000000000, 0.9510565162951535312, 1.000000000000000000, 0.9510565162951535312, 1.000000000000000000, 0.9510565162951535312, 1.000000000000000000 ) ) 
 REPRESENTATION_ITEM ( '' )  );
#783 = LINE ( 'NONE', #5874, #3269 ) ;
#784 = CARTESIAN_POINT ( 'NONE',  ( -3.640576150974024650, -2.645034080869121951, 7.009511016340544742 ) ) ;
#785 = CARTESIAN_POINT ( 'NONE',  ( 4.500000000000000888, 0.0000000000000000000, 0.0000000000000000000 ) ) ;
#786 = CARTESIAN_POINT ( 'NONE',  ( -3.640576798400447345, 2.645033189763099202, 11.15712377451082027 ) ) ;
#787 =( BOUNDED_CURVE ( )  B_SPLINE_CURVE ( 2, ( #418, #621, #2733, #468, #3833, #1042, #2198, #1179, #1527, #1731, #5669 ),
 .UNSPECIFIED., .F., .F. ) 
 B_SPLINE_CURVE_WITH_KNOTS ( ( 3, 2, 2, 2, 2, 3 ),
 ( 0.9107142850070587548, 0.9142857142857142572, 0.9178571428571428159, 0.9214285714285713746, 0.9250000000000000444, 0.9285714278642015485 ),
 .UNSPECIFIED. ) 
 CURVE ( )  GEOMETRIC_REPRESENTATION_ITEM ( )  RATIONAL_B_SPLINE_CURVE ( ( 1.000000000000000000, 0.9510565162951535312, 1.000000000000000000, 0.9510565162951535312, 1.000000000000000000, 0.9510565162951535312, 1.000000000000000000, 0.9510565162951535312, 1.000000000000000000, 0.9510565162951535312, 1.000000000000000000 ) ) 
 REPRESENTATION_ITEM ( '' )  );
#788 = ORIENTED_EDGE ( 'NONE', *, *, #725, .T. ) ;
#789 =( BOUNDED_CURVE ( )  B_SPLINE_CURVE ( 2, ( #492, #647, #1154, #6148, #6242, #5100, #6892, #3364, #1646, #4002, #5151 ),
 .UNSPECIFIED., .F., .F. ) 
 B_SPLINE_CURVE_WITH_KNOTS ( ( 3, 2, 2, 2, 2, 3 ),
 ( 0.8392857135784872469, 0.8428571428571428603, 0.8464285714285714191, 0.8499999999999999778, 0.8535714285714285365, 0.8571428564356301516 ),
 .UNSPECIFIED. ) 
 CURVE ( )  GEOMETRIC_REPRESENTATION_ITEM ( )  RATIONAL_B_SPLINE_CURVE ( ( 1.000000000000000000, 0.9510565162951535312, 1.000000000000000000, 0.9510565162951535312, 1.000000000000000000, 0.9510565162951535312, 1.000000000000000000, 0.9510565162951535312, 1.000000000000000000, 0.9510565162951535312, 1.000000000000000000 ) ) 
 REPRESENTATION_ITEM ( '' )  );
#790 = DIRECTION ( 'NONE',  ( 0.0000000000000000000, 0.0000000000000000000, 1.000000000000000000 ) ) ;
#791 = CARTESIAN_POINT ( 'NONE',  ( -4.500000178944201679, 1.462138082314334619, 52.74846282171828449 ) ) ;
#792 = DIRECTION ( 'NONE',  ( 1.000000000000000000, 0.0000000000000000000, 0.0000000000000000000 ) ) ;
#793 = CARTESIAN_POINT ( 'NONE',  ( -2.781154119997051755, 8.559508685037842568, 54.70705773529869020 ) ) ;
#794 = EDGE_LOOP ( 'NONE', ( #1992, #3155, #3863, #486 ) ) ;
#795 = VERTEX_POINT ( 'NONE', #2215 ) ;
#796 = LINE ( 'NONE', #6972, #3217 ) ;
#797 = CARTESIAN_POINT ( 'NONE',  ( -2.781152024881046625, -8.559509365782298929, 32.85365604829597430 ) ) ;
#798 = DIRECTION ( 'NONE',  ( 0.0000000000000000000, 0.0000000000000000000, 1.000000000000000000 ) ) ;
#799 = CARTESIAN_POINT ( 'NONE',  ( -9.000000040356647801, -2.924278496961543183, 48.63762682244396274 ) ) ;
#800 = ADVANCED_FACE ( 'NONE', ( #7126 ), #4793, .F. ) ;
#801 = ORIENTED_EDGE ( 'NONE', *, *, #4321, .T. ) ;
#802 = CARTESIAN_POINT ( 'NONE',  ( 9.000000398245260769, 0.0000000000000000000, 0.0000000000000000000 ) ) ;
#803 = CARTESIAN_POINT ( 'NONE',  ( 3.640576798400442904, -2.645033189763104531, 17.18489673965271436 ) ) ;
#804 = CARTESIAN_POINT ( 'NONE',  ( -9.000000398245262545, -7.981470300312869343E-14, 43.91395669335413743 ) ) ;
#805 = ORIENTED_EDGE ( 'NONE', *, *, #1761, .F. ) ;
#806 = ORIENTED_EDGE ( 'NONE', *, *, #1832, .T. ) ;
#807 = CYLINDRICAL_SURFACE ( 'NONE', #4554, 4.500000000000000888 ) ;
#808 = DIRECTION ( 'NONE',  ( 1.000000000000000000, 0.0000000000000000000, 0.0000000000000000000 ) ) ;
#809 = ORIENTED_EDGE ( 'NONE', *, *, #4720, .T. ) ;
#810 = DIRECTION ( 'NONE',  ( 0.0000000000000000000, 0.0000000000000000000, 1.000000000000000000 ) ) ;
#811 = CARTESIAN_POINT ( 'NONE',  ( 9.000000398245257216, -6.652045374004582702E-15, 10.23543200707706013 ) ) ;
#812 = CARTESIAN_POINT ( 'NONE',  ( 7.281153918988109375, -5.290066613608845003, 40.22718984059868319 ) ) ;
#813 = ORIENTED_EDGE ( 'NONE', *, *, #4078, .F. ) ;
#814 = CARTESIAN_POINT ( 'NONE',  ( 4.500000000000000888, -6.632568837417819061E-15, 17.14811993736085327 ) ) ;
#815 = CARTESIAN_POINT ( 'NONE',  ( -9.000000398245257216, -1.099401120563988957E-14, 25.21292252269194023 ) ) ;
#816 = CARTESIAN_POINT ( 'NONE',  ( -1.390576998466225067, 4.279754153142055095, 13.49812984350136169 ) ) ;
#817 = ADVANCED_FACE ( 'NONE', ( #2341 ), #7342, .F. ) ;
#818 = ORIENTED_EDGE ( 'NONE', *, *, #1932, .F. ) ;
#819 = FACE_OUTER_BOUND ( 'NONE', #3702, .T. ) ;
#820 = EDGE_CURVE ( 'NONE', #2850, #4814, #6216, .T. ) ;
#821 = CARTESIAN_POINT ( 'NONE',  ( 4.500000178944244311, -1.462138082314212273, 54.16777716667099440 ) ) ;
#822 = CARTESIAN_POINT ( 'NONE',  ( -9.150860219038850829, 2.411050125116351417, 64.55754251742905581 ) ) ;
#823 = DIRECTION ( 'NONE',  ( 0.0000000000000000000, 0.0000000000000000000, 1.000000000000000000 ) ) ;
#824 = ORIENTED_EDGE ( 'NONE', *, *, #5895, .T. ) ;
#825 = DIRECTION ( 'NONE',  ( 0.0000000000000000000, 0.0000000000000000000, 1.000000000000000000 ) ) ;
#826 = CARTESIAN_POINT ( 'NONE',  ( -1.390576998466248160, 4.279754153142047990, 29.62773501416353739 ) ) ;
#827 = ORIENTED_EDGE ( 'NONE', *, *, #562, .F. ) ;
#828 = CARTESIAN_POINT ( 'NONE',  ( 0.0000000000000000000, 0.0000000000000000000, 0.0000000000000000000 ) ) ;
#829 = CARTESIAN_POINT ( 'NONE',  ( -1.158151578547556704E-06, 9.463160436884182403, 24.90406492846961228 ) ) ;
#830 = ORIENTED_EDGE ( 'NONE', *, *, #6253, .T. ) ;
#831 = CARTESIAN_POINT ( 'NONE',  ( 1.390576998466203973, -4.279754153142061313, 26.17139104902164348 ) ) ;
#832 = CARTESIAN_POINT ( 'NONE',  ( 0.0000000000000000000, 0.0000000000000000000, 0.0000000000000000000 ) ) ;
#833 = EDGE_CURVE ( 'NONE', #6788, #1404, #769, .T. ) ;
#834 = ADVANCED_FACE ( 'NONE', ( #2369 ), #2237, .T. ) ;
#835 = CARTESIAN_POINT ( 'NONE',  ( -7.281152624135206253, -5.290068395820970437, 11.61796963652973957 ) ) ;
#836 = VERTEX_POINT ( 'NONE', #5189 ) ;
#837 = CARTESIAN_POINT ( 'NONE',  ( 0.0000000000000000000, 0.0000000000000000000, 0.0000000000000000000 ) ) ;
#838 = DIRECTION ( 'NONE',  ( 1.000000000000000000, 0.0000000000000000000, 0.0000000000000000000 ) ) ;
#839 = EDGE_CURVE ( 'NONE', #2811, #947, #7354, .T. ) ;
#840 = CARTESIAN_POINT ( 'NONE',  ( -9.000000040356663789, -2.924278496961499219, 27.63236334168718145 ) ) ;
#841 = ORIENTED_EDGE ( 'NONE', *, *, #6099, .T. ) ;
#842 = ORIENTED_EDGE ( 'NONE', *, *, #3141, .T. ) ;
#843 = ORIENTED_EDGE ( 'NONE', *, *, #7127, .T. ) ;
#844 = CARTESIAN_POINT ( 'NONE',  ( -4.500000178944234541, 1.462138082314238030, 6.931076309731759366 ) ) ;
#845 = CARTESIAN_POINT ( 'NONE',  ( -9.000000398245262545, -1.366148964822695970E-14, 45.95098631354331076 ) ) ;
#846 = DIRECTION ( 'NONE',  ( 0.0000000000000000000, 0.0000000000000000000, 1.000000000000000000 ) ) ;
#847 = VERTEX_POINT ( 'NONE', #5295 ) ;
#848 = CARTESIAN_POINT ( 'NONE',  ( 2.781154119997018004, -8.559508685037855003, 58.16340170044058766 ) ) ;
#849 = CARTESIAN_POINT ( 'NONE',  ( -3.640576150974020209, -2.645034080869126836, 16.49362794662433984 ) ) ;
#850 = DIRECTION ( 'NONE',  ( 0.0000000000000000000, 0.0000000000000000000, 1.000000000000000000 ) ) ;
#851 = ORIENTED_EDGE ( 'NONE', *, *, #3229, .F. ) ;
#852 = CARTESIAN_POINT ( 'NONE',  ( 9.000000040356647801, 2.924278496961543183, 15.22630182607230687 ) ) ;
#853 = ORIENTED_EDGE ( 'NONE', *, *, #839, .F. ) ;
#854 = CYLINDRICAL_SURFACE ( 'NONE', #5572, 4.500000000000000888 ) ;
#855 = CYLINDRICAL_SURFACE ( 'NONE', #5668, 9.000000398245260769 ) ;
#856 = CARTESIAN_POINT ( 'NONE',  ( -9.000000398245257216, 7.754206589531009626E-15, 11.65474635202976472 ) ) ;
#857 =( BOUNDED_CURVE ( )  B_SPLINE_CURVE ( 2, ( #1331, #1415, #742, #1790, #797, #5840, #1372, #4721, #4603, #4044, #1238 ),
 .UNSPECIFIED., .F., .F. ) 
 B_SPLINE_CURVE_WITH_KNOTS ( ( 3, 2, 2, 2, 2, 3 ),
 ( 0.4821428564356302071, 0.4857142857142857095, 0.4892857142857142683, 0.4928571428571428825, 0.4964285714285714413, 0.4999999992927730008 ),
 .UNSPECIFIED. ) 
 CURVE ( )  GEOMETRIC_REPRESENTATION_ITEM ( )  RATIONAL_B_SPLINE_CURVE ( ( 1.000000000000000000, 0.9510565162951535312, 1.000000000000000000, 0.9510565162951535312, 1.000000000000000000, 0.9510565162951535312, 1.000000000000000000, 0.9510565162951535312, 1.000000000000000000, 0.9510565162951535312, 1.000000000000000000 ) ) 
 REPRESENTATION_ITEM ( '' )  );
#858 = EDGE_CURVE ( 'NONE', #2439, #4996, #7301, .T. ) ;
#859 = ADVANCED_FACE ( 'NONE', ( #2281 ), #4745, .T. ) ;
#860 = ORIENTED_EDGE ( 'NONE', *, *, #4256, .F. ) ;
#861 = CARTESIAN_POINT ( 'NONE',  ( 0.0000000000000000000, 0.0000000000000000000, 0.0000000000000000000 ) ) ;
#862 = CARTESIAN_POINT ( 'NONE',  ( 3.640576150974039304, 2.645034080869101079, 26.59546015214461789 ) ) ;
#863 = CARTESIAN_POINT ( 'NONE',  ( -9.000000756133710311, 2.924276294026270318, 36.88605734096151423 ) ) ;
#864 =( BOUNDED_CURVE ( )  B_SPLINE_CURVE ( 2, ( #63, #7334, #1194, #597, #2324, #2274, #6657, #2807, #2704, #5046, #6146 ),
 .UNSPECIFIED., .F., .F. ) 
 B_SPLINE_CURVE_WITH_KNOTS ( ( 3, 2, 2, 2, 2, 3 ),
 ( 0.9464285707213444532, 0.9499999999999999556, 0.9535714285714286254, 0.9571428571428571841, 0.9607142857142857428, 0.9642857135784873579 ),
 .UNSPECIFIED. ) 
 CURVE ( )  GEOMETRIC_REPRESENTATION_ITEM ( )  RATIONAL_B_SPLINE_CURVE ( ( 1.000000000000000000, 0.9510565162951535312, 1.000000000000000000, 0.9510565162951535312, 1.000000000000000000, 0.9510565162951535312, 1.000000000000000000, 0.9510565162951535312, 1.000000000000000000, 0.9510565162951535312, 1.000000000000000000 ) ) 
 REPRESENTATION_ITEM ( '' )  );
#865 = ORIENTED_EDGE ( 'NONE', *, *, #5365, .F. ) ;
#866 = CARTESIAN_POINT ( 'NONE',  ( 5.790757845160897903E-07, -4.731580009072167137, 16.57206265323311811 ) ) ;
#867 = CARTESIAN_POINT ( 'NONE',  ( 1.390576998466272363, -4.279754153142039996, 53.55494308025139816 ) ) ;
#868 = ORIENTED_EDGE ( 'NONE', *, *, #1235, .F. ) ;
#869 = FACE_OUTER_BOUND ( 'NONE', #3148, .T. ) ;
#870 = CARTESIAN_POINT ( 'NONE',  ( 1.390576998466191538, -4.279754153142064865, 53.82214277015680892 ) ) ;
#871 = DIRECTION ( 'NONE',  ( 0.0000000000000000000, 0.0000000000000000000, 1.000000000000000000 ) ) ;
#872 = CARTESIAN_POINT ( 'NONE',  ( 9.000000398245262545, 5.335118940199071414E-14, 38.15338341811762746 ) ) ;
#873 = DIRECTION ( 'NONE',  ( 1.000000000000000000, 0.0000000000000000000, 0.0000000000000000000 ) ) ;
#874 = AXIS2_PLACEMENT_3D ( 'NONE', #3780, #4765, #5884 ) ;
#875 = VERTEX_POINT ( 'NONE', #2316 ) ;
#876 = CARTESIAN_POINT ( 'NONE',  ( 1.390575950908279346, 4.279754493514264624, 19.91319515287028707 ) ) ;
#877 = CARTESIAN_POINT ( 'NONE',  ( 1.390575950908273350, 4.279754493514266400, 29.39731208315408040 ) ) ;
#878 = EDGE_LOOP ( 'NONE', ( #5299, #2872, #5127, #2882 ) ) ;
#879 = CARTESIAN_POINT ( 'NONE',  ( -3.640576798400465997, 2.645033189763073000, 34.46661656536219454 ) ) ;
#880 = ADVANCED_FACE ( 'NONE', ( #4823 ), #4768, .F. ) ;
#881 = ORIENTED_EDGE ( 'NONE', *, *, #193, .F. ) ;
#882 = CYLINDRICAL_SURFACE ( 'NONE', #4854, 9.000000398245260769 ) ;
#883 = FACE_OUTER_BOUND ( 'NONE', #3043, .T. ) ;
#884 = DIRECTION ( 'NONE',  ( 1.000000000000000000, 0.0000000000000000000, 0.0000000000000000000 ) ) ;
#885 = AXIS2_PLACEMENT_3D ( 'NONE', #5281, #2601, #6464 ) ;
#886 = CARTESIAN_POINT ( 'NONE',  ( 4.500000000000000888, -1.019337330415933579E-14, 56.58721789887441389 ) ) ;
#887 = EDGE_LOOP ( 'NONE', ( #5648, #806, #3062, #2151 ) ) ;
#888 = DIRECTION ( 'NONE',  ( 0.0000000000000000000, 0.0000000000000000000, 1.000000000000000000 ) ) ;
#889 = AXIS2_PLACEMENT_3D ( 'NONE', #5583, #3891, #6690 ) ;
#890 = DIRECTION ( 'NONE',  ( 1.000000000000000000, 0.0000000000000000000, 0.0000000000000000000 ) ) ;
#891 = ORIENTED_EDGE ( 'NONE', *, *, #1421, .T. ) ;
#892 = ORIENTED_EDGE ( 'NONE', *, *, #2753, .T. ) ;
#893 = CYLINDRICAL_SURFACE ( 'NONE', #2251, 9.000000398245260769 ) ;
#894 = DIRECTION ( 'NONE',  ( 0.0000000000000000000, -0.0000000000000000000, -1.000000000000000000 ) ) ;
#895 = DIRECTION ( 'NONE',  ( 1.000000000000000000, 0.0000000000000000000, 0.0000000000000000000 ) ) ;
#896 = CARTESIAN_POINT ( 'NONE',  ( 2.293044671060478379, 8.702985309929294644, 63.98136811349451847 ) ) ;
#897 = EDGE_CURVE ( 'NONE', #250, #6379, #1676, .T. ) ;
#898 = EDGE_LOOP ( 'NONE', ( #4047, #5555, #4826, #2284 ) ) ;
#899 = CARTESIAN_POINT ( 'NONE',  ( -9.000000398245257216, -1.540273981978424174E-14, 20.87166359240815083 ) ) ;
#900 = CARTESIAN_POINT ( 'NONE',  ( -9.000000398245262545, -4.011388604511430500E-14, 18.30023459240814887 ) ) ;
#901 = AXIS2_PLACEMENT_3D ( 'NONE', #6353, #3524, #4065 ) ;
#902 = CARTESIAN_POINT ( 'NONE',  ( -4.499999821055700622, -1.462139183781891338, 29.93659265178178330 ) ) ;
#903 = ORIENTED_EDGE ( 'NONE', *, *, #3435, .T. ) ;
#904 = CARTESIAN_POINT ( 'NONE',  ( -9.000000398245262545, 5.249167542000558224E-14, 48.25521562363792327 ) ) ;
#905 = ORIENTED_EDGE ( 'NONE', *, *, #6079, .F. ) ;
#906 = FACE_OUTER_BOUND ( 'NONE', #11, .T. ) ;
#907 = CARTESIAN_POINT ( 'NONE',  ( -2.781154119996934959, 8.559508685037883424, 50.36579880501491147 ) ) ;
#908 = ORIENTED_EDGE ( 'NONE', *, *, #1915, .F. ) ;
#909 = CARTESIAN_POINT ( 'NONE',  ( 4.500000000000000888, -4.428200187647343457E-15, 12.53966131717165666 ) ) ;
#910 = EDGE_CURVE ( 'NONE', #6271, #7335, #2199, .T. ) ;
#911 = CARTESIAN_POINT ( 'NONE',  ( 1.146514125434147102, 4.351494612190085931, 63.71408154749144614 ) ) ;
#912 = CARTESIAN_POINT ( 'NONE',  ( -3.640576150974013103, -2.645034080869137050, 34.66026273747570485 ) ) ;
#913 = ORIENTED_EDGE ( 'NONE', *, *, #5016, .T. ) ;
#914 = CARTESIAN_POINT ( 'NONE',  ( 9.000000398245257216, -8.856400892282580803E-15, 12.80686100707706032 ) ) ;
#915 = CARTESIAN_POINT ( 'NONE',  ( -1.158151555369498331E-06, 9.463160436884182403, 47.67915833951017390 ) ) ;
#916 = AXIS2_PLACEMENT_3D ( 'NONE', #1904, #6309, #2449 ) ;
#917 = ORIENTED_EDGE ( 'NONE', *, *, #7217, .F. ) ;
#918 = CARTESIAN_POINT ( 'NONE',  ( -7.281152624135254214, -5.290068395820904712, 30.31900380719191901 ) ) ;
#919 = EDGE_CURVE ( 'NONE', #6359, #344, #4730, .T. ) ;
#920 = CARTESIAN_POINT ( 'NONE',  ( 9.000000398245257216, -4.447680963534829263E-15, 8.198402386887869042 ) ) ;
#921 = CARTESIAN_POINT ( 'NONE',  ( 4.500000000000000888, 1.913662847263626960E-14, 22.02377824745545354 ) ) ;
#922 = CARTESIAN_POINT ( 'NONE',  ( 4.500000000000000888, -1.947090141873158208E-17, 3.322744076793271439 ) ) ;
#923 = ORIENTED_EDGE ( 'NONE', *, *, #2414, .T. ) ;
#924 = CARTESIAN_POINT ( 'NONE',  ( -9.000000756133681890, 2.924276294026349365, 53.01566251162368815 ) ) ;
#925 = EDGE_CURVE ( 'NONE', #7101, #233, #7169, .T. ) ;
#926 = CARTESIAN_POINT ( 'NONE',  ( -9.000000398245257216, -6.585299652096002638E-15, 30.08858083278653339 ) ) ;
#927 = ORIENTED_EDGE ( 'NONE', *, *, #6221, .F. ) ;
#928 = CARTESIAN_POINT ( 'NONE',  ( -2.781152024881092810, -8.559509365782284718, 16.72405087763379683 ) ) ;
#929 = ORIENTED_EDGE ( 'NONE', *, *, #1421, .F. ) ;
#930 = CARTESIAN_POINT ( 'NONE',  ( -9.000000398245260769, 4.016953110638495178E-14, 55.43510324382709342 ) ) ;
#931 = CYLINDRICAL_SURFACE ( 'NONE', #1533, 4.500000000000000888 ) ;
#932 = ORIENTED_EDGE ( 'NONE', *, *, #6045, .T. ) ;
#933 = CARTESIAN_POINT ( 'NONE',  ( 2.781153417856602861, -3.827928297211984798, 49.06169592556692294 ) ) ;
#934 = EDGE_CURVE ( 'NONE', #2935, #4840, #4676, .T. ) ;
#935 = CARTESIAN_POINT ( 'NONE',  ( 0.0000000000000000000, 0.0000000000000000000, 0.0000000000000000000 ) ) ;
#936 = AXIS2_PLACEMENT_3D ( 'NONE', #5231, #4648, #3059 ) ;
#937 = EDGE_LOOP ( 'NONE', ( #5328, #2731, #423, #333 ) ) ;
#938 = CARTESIAN_POINT ( 'NONE',  ( 0.0000000000000000000, 0.0000000000000000000, 0.0000000000000000000 ) ) ;
#939 = ORIENTED_EDGE ( 'NONE', *, *, #5607, .F. ) ;
#940 = ADVANCED_FACE ( 'NONE', ( #4663 ), #2291, .T. ) ;
#941 = ORIENTED_EDGE ( 'NONE', *, *, #1942, .F. ) ;
#942 = DIRECTION ( 'NONE',  ( 0.0000000000000000000, 0.0000000000000000000, 1.000000000000000000 ) ) ;
#943 = CARTESIAN_POINT ( 'NONE',  ( -2.781153417856664589, 3.827928297211939057, 20.52602923928987622 ) ) ;
#944 = CARTESIAN_POINT ( 'NONE',  ( -4.500000000000000888, 5.790173823830402552E-15, 13.95897566212436125 ) ) ;
#945 = CARTESIAN_POINT ( 'NONE',  ( 7.281152624135192042, 5.290068395820989977, 19.94997191176623375 ) ) ;
#946 = DIRECTION ( 'NONE',  ( 1.000000000000000000, 0.0000000000000000000, 0.0000000000000000000 ) ) ;
#947 = VERTEX_POINT ( 'NONE', #4596 ) ;
#948 = AXIS2_PLACEMENT_3D ( 'NONE', #2339, #3321, #1068 ) ;
#949 = CARTESIAN_POINT ( 'NONE',  ( -5.562305207913720295, -7.655858294680437659, 48.60085006354800896 ) ) ;
#950 = ORIENTED_EDGE ( 'NONE', *, *, #5247, .F. ) ;
#951 = DIRECTION ( 'NONE',  ( 1.000000000000000000, 0.0000000000000000000, 0.0000000000000000000 ) ) ;
#952 = CARTESIAN_POINT ( 'NONE',  ( 5.562305207913777139, 7.655858294680395026, 19.79798368736555148 ) ) ;
#953 = ORIENTED_EDGE ( 'NONE', *, *, #7044, .T. ) ;
#954 = CARTESIAN_POINT ( 'NONE',  ( 3.640576150974049519, 2.645034080869087312, 63.46312911365817655 ) ) ;
#955 = CARTESIAN_POINT ( 'NONE',  ( 2.781152480892333578, 3.827928977956373213, 1.631348896514189573 ) ) ;
#956 = AXIS2_PLACEMENT_3D ( 'NONE', #5753, #5704, #6300 ) ;
#957 = ORIENTED_EDGE ( 'NONE', *, *, #722, .T. ) ;
#958 = CARTESIAN_POINT ( 'NONE',  ( 4.499999821055703286, 1.462139183781879348, 5.742184895788516208 ) ) ;
#959 = CARTESIAN_POINT ( 'NONE',  ( -3.640576798400456227, 2.645033189763086323, 45.72056342592976819 ) ) ;
#960 = FACE_OUTER_BOUND ( 'NONE', #5249, .T. ) ;
#961 = CARTESIAN_POINT ( 'NONE',  ( 4.410190373068096470, 1.714080002668829872, 65.94008010348581195 ) ) ;
#962 = DIRECTION ( 'NONE',  ( 0.0000000000000000000, 0.0000000000000000000, 1.000000000000000000 ) ) ;
#963 = CARTESIAN_POINT ( 'NONE',  ( 3.260374056248639185, -8.388680956011834056, 65.36402277596216948 ) ) ;
#964 = CARTESIAN_POINT ( 'NONE',  ( 4.500000000000000888, 2.067888540303684498E-14, 58.89144720896899798 ) ) ;
#965 = VERTEX_POINT ( 'NONE', #6209 ) ;
#966 = DIRECTION ( 'NONE',  ( 1.000000000000000000, 0.0000000000000000000, 0.0000000000000000000 ) ) ;
#967 = CARTESIAN_POINT ( 'NONE',  ( -9.000000398245262545, -4.011388604511430500E-14, 18.30023459240814887 ) ) ;
#968 = DIRECTION ( 'NONE',  ( 0.0000000000000000000, 0.0000000000000000000, 1.000000000000000000 ) ) ;
#969 = EDGE_LOOP ( 'NONE', ( #5319, #3121, #3048, #4833 ) ) ;
#970 = CARTESIAN_POINT ( 'NONE',  ( -7.281152624135208029, -5.290068395820966884, 16.49362794662433984 ) ) ;
#971 = LINE ( 'NONE', #650, #3556 ) ;
#972 = AXIS2_PLACEMENT_3D ( 'NONE', #3170, #3724, #6568 ) ;
#973 = CARTESIAN_POINT ( 'NONE',  ( 2.781154119997053975, -8.559508685037842568, 19.25870311873785568 ) ) ;
#974 = CARTESIAN_POINT ( 'NONE',  ( 5.790757856428040171E-07, -4.731580009072167137, 37.57732613398989940 ) ) ;
#975 = CARTESIAN_POINT ( 'NONE',  ( -1.390576998466230618, 4.279754153142053319, 10.92670084350135973 ) ) ;
#976 = VECTOR ( 'NONE', #6789, 1000.000000000000000 ) ;
#977 = EDGE_LOOP ( 'NONE', ( #145, #5206, #2790, #4915 ) ) ;
#978 = CARTESIAN_POINT ( 'NONE',  ( -4.500000000000000888, 5.510910596163089556E-16, 0.0000000000000000000 ) ) ;
#979 = CARTESIAN_POINT ( 'NONE',  ( -4.500000000000000000, -1.123947302466751154E-14, 36.73406907316493175 ) ) ;
#980 = EDGE_LOOP ( 'NONE', ( #6575, #5586, #22, #6550 ) ) ;
#981 = EDGE_CURVE ( 'NONE', #5419, #6338, #3617, .T. ) ;
#982 = ORIENTED_EDGE ( 'NONE', *, *, #5348, .T. ) ;
#983 = CARTESIAN_POINT ( 'NONE',  ( 2.781152480892332690, 3.827928977956373657, 50.02016440850072598 ) ) ;
#984 = CARTESIAN_POINT ( 'NONE',  ( -4.500000000000000888, 5.510910596163089556E-16, 0.0000000000000000000 ) ) ;
#985 = ORIENTED_EDGE ( 'NONE', *, *, #7091, .F. ) ;
#986 = CARTESIAN_POINT ( 'NONE',  ( -5.562307081842457812, 7.655856933191514280, 20.52602923928987622 ) ) ;
#987 = CARTESIAN_POINT ( 'NONE',  ( 1.158151613326359365E-06, -9.463160436884182403, 23.75195027342231668 ) ) ;
#988 = CARTESIAN_POINT ( 'NONE',  ( -2.781152024881118123, -8.559509365782275836, 44.10760290886354795 ) ) ;
#989 = DIRECTION ( 'NONE',  ( 0.0000000000000000000, 0.0000000000000000000, 1.000000000000000000 ) ) ;
#990 = ORIENTED_EDGE ( 'NONE', *, *, #6660, .T. ) ;
#991 = CARTESIAN_POINT ( 'NONE',  ( 9.000000040356663789, 2.924278496961499219, 61.04368833805882844 ) ) ;
#992 = DIRECTION ( 'NONE',  ( 0.0000000000000000000, 0.0000000000000000000, 1.000000000000000000 ) ) ;
#993 = ADVANCED_FACE ( 'NONE', ( #2217 ), #2317, .F. ) ;
#994 = LINE ( 'NONE', #2866, #3471 ) ;
#995 = FACE_OUTER_BOUND ( 'NONE', #7163, .T. ) ;
#996 = EDGE_CURVE ( 'NONE', #4729, #5853, #1698, .T. ) ;
#997 = CARTESIAN_POINT ( 'NONE',  ( 9.000000398245257216, -2.243306420102374438E-15, 5.894173076793274291 ) ) ;
#998 = CARTESIAN_POINT ( 'NONE',  ( 3.640576798400434466, -2.645033189763116965, 23.83038498003110206 ) ) ;
#999 =( BOUNDED_CURVE ( )  B_SPLINE_CURVE ( 2, ( #5760, #1211, #4223, #7120, #4020, #330, #7066, #667, #5955, #6912, #4631 ),
 .UNSPECIFIED., .F., .F. ) 
 B_SPLINE_CURVE_WITH_KNOTS ( ( 3, 2, 2, 2, 2, 3 ),
 ( 0.9137931027654360161, 0.9172413793103447732, 0.9206896551724137456, 0.9241379310344827180, 0.9275862068965516904, 0.9310344820757808781 ),
 .UNSPECIFIED. ) 
 CURVE ( )  GEOMETRIC_REPRESENTATION_ITEM ( )  RATIONAL_B_SPLINE_CURVE ( ( 1.000000000000000000, 0.9510565162951535312, 1.000000000000000000, 0.9510565162951535312, 1.000000000000000000, 0.9510565162951535312, 1.000000000000000000, 0.9510565162951535312, 1.000000000000000000, 0.9510565162951535312, 1.000000000000000000 ) ) 
 REPRESENTATION_ITEM ( '' )  );
#1000 = CARTESIAN_POINT ( 'NONE',  ( 7.281153918988021445, -5.290066613608965795, 63.00228325163924126 ) ) ;
#1001 = CARTESIAN_POINT ( 'NONE',  ( -4.500000000000000888, -5.316199944035498124E-16, 2.170629421745972287 ) ) ;
#1002 = EDGE_CURVE ( 'NONE', #1766, #7101, #6931, .T. ) ;
#1003 =( BOUNDED_CURVE ( )  B_SPLINE_CURVE ( 2, ( #153, #6741, #6328, #5684, #5094, #1787, #110, #3357, #6836, #7330, #2855 ),
 .UNSPECIFIED., .F., .F. ) 
 B_SPLINE_CURVE_WITH_KNOTS ( ( 3, 2, 2, 2, 2, 3 ),
 ( 0.1896551717309532537, 0.1931034482758620663, 0.1965517241379310387, 0.2000000000000000111, 0.2034482758620689558, 0.2068965510412980602 ),
 .UNSPECIFIED. ) 
 CURVE ( )  GEOMETRIC_REPRESENTATION_ITEM ( )  RATIONAL_B_SPLINE_CURVE ( ( 1.000000000000000000, 0.9510565162951535312, 1.000000000000000000, 0.9510565162951535312, 1.000000000000000000, 0.9510565162951535312, 1.000000000000000000, 0.9510565162951535312, 1.000000000000000000, 0.9510565162951535312, 1.000000000000000000 ) ) 
 REPRESENTATION_ITEM ( '' )  );
#1004 = CARTESIAN_POINT ( 'NONE',  ( 3.640576150974016212, 2.645034080869133053, 1.516137431009459746 ) ) ;
#1005 = ORIENTED_EDGE ( 'NONE', *, *, #4452, .T. ) ;
#1006 = CARTESIAN_POINT ( 'NONE',  ( -9.000000398245262545, -4.353518856679617788E-16, 60.04356186401629714 ) ) ;
#1007 = CARTESIAN_POINT ( 'NONE',  ( 9.000000040356660236, 2.924278496961512097, 47.21831247749124572 ) ) ;
#1008 = PRODUCT_DEFINITION_FORMATION_WITH_SPECIFIED_SOURCE ( '??', '', #3345, .NOT_KNOWN. ) ;
#1009 = CARTESIAN_POINT ( 'NONE',  ( -4.500000000000000888, 5.510910596163089556E-16, 0.0000000000000000000 ) ) ;
#1010 =( BOUNDED_CURVE ( )  B_SPLINE_CURVE ( 2, ( #4998, #7289, #439, #4401, #6840, #488, #3413, #1592, #4548, #5641, #7333 ),
 .UNSPECIFIED., .F., .F. ) 
 B_SPLINE_CURVE_WITH_KNOTS ( ( 3, 2, 2, 2, 2, 3 ),
 ( 0.4285714278642015485, 0.4321428571428571619, 0.4357142857142857206, 0.4392857142857142794, 0.4428571428571428381, 0.4464285707213444532 ),
 .UNSPECIFIED. ) 
 CURVE ( )  GEOMETRIC_REPRESENTATION_ITEM ( )  RATIONAL_B_SPLINE_CURVE ( ( 1.000000000000000000, 0.9510565162951535312, 1.000000000000000000, 0.9510565162951535312, 1.000000000000000000, 0.9510565162951535312, 1.000000000000000000, 0.9510565162951535312, 1.000000000000000000, 0.9510565162951535312, 1.000000000000000000 ) ) 
 REPRESENTATION_ITEM ( '' )  );
#1011 = CARTESIAN_POINT ( 'NONE',  ( 1.390575950908304881, 4.279754493514256630, 31.70154139324867515 ) ) ;
#1012 =( BOUNDED_CURVE ( )  B_SPLINE_CURVE ( 2, ( #4484, #2260, #425, #1046, #3983, #1137, #5581, #1684, #1580, #3448, #1006 ),
 .UNSPECIFIED., .F., .F. ) 
 B_SPLINE_CURVE_WITH_KNOTS ( ( 3, 2, 2, 2, 2, 3 ),
 ( 0.8928571421499158500, 0.8964285714285714635, 0.9000000000000000222, 0.9035714285714285809, 0.9071428571428571397, 0.9107142850070587548 ),
 .UNSPECIFIED. ) 
 CURVE ( )  GEOMETRIC_REPRESENTATION_ITEM ( )  RATIONAL_B_SPLINE_CURVE ( ( 1.000000000000000000, 0.9510565162951535312, 1.000000000000000000, 0.9510565162951535312, 1.000000000000000000, 0.9510565162951535312, 1.000000000000000000, 0.9510565162951535312, 1.000000000000000000, 0.9510565162951535312, 1.000000000000000000 ) ) 
 REPRESENTATION_ITEM ( '' )  );
#1013 = CARTESIAN_POINT ( 'NONE',  ( -0.2673631822825741078, 4.724020142951492751, 64.09669665541011341 ) ) ;
#1014 = CARTESIAN_POINT ( 'NONE',  ( 2.781153417856677024, -3.827928297211929731, 23.98237320443177012 ) ) ;
#1015 = CARTESIAN_POINT ( 'NONE',  ( -1.390576998466244829, 4.279754153142048878, 13.23093015359595626 ) ) ;
#1016 =( BOUNDED_CURVE ( )  B_SPLINE_CURVE ( 2, ( #5334, #4639, #5915, #1266, #7017, #234, #2553, #5225, #3158, #3714, #4857 ),
 .UNSPECIFIED., .F., .F. ) 
 B_SPLINE_CURVE_WITH_KNOTS ( ( 3, 2, 2, 2, 2, 3 ),
 ( 0.4285714278642015485, 0.4321428571428571619, 0.4357142857142857206, 0.4392857142857142794, 0.4428571428571428381, 0.4464285707213444532 ),
 .UNSPECIFIED. ) 
 CURVE ( )  GEOMETRIC_REPRESENTATION_ITEM ( )  RATIONAL_B_SPLINE_CURVE ( ( 1.000000000000000000, 0.9510565162951535312, 1.000000000000000000, 0.9510565162951535312, 1.000000000000000000, 0.9510565162951535312, 1.000000000000000000, 0.9510565162951535312, 1.000000000000000000, 0.9510565162951535312, 1.000000000000000000 ) ) 
 REPRESENTATION_ITEM ( '' )  );
#1017 = CARTESIAN_POINT ( 'NONE',  ( 7.281153918988083618, -5.290066613608880530, 19.22192635984190545 ) ) ;
#1018 =( BOUNDED_CURVE ( )  B_SPLINE_CURVE ( 2, ( #2880, #3872, #3327, #506, #5614, #2185, #6908, #2773, #2344, #3476, #4017 ),
 .UNSPECIFIED., .F., .F. ) 
 B_SPLINE_CURVE_WITH_KNOTS ( ( 3, 2, 2, 2, 2, 3 ),
 ( 0.6785714278642016595, 0.6821428571428571619, 0.6857142857142857206, 0.6892857142857142794, 0.6928571428571428381, 0.6964285707213444532 ),
 .UNSPECIFIED. ) 
 CURVE ( )  GEOMETRIC_REPRESENTATION_ITEM ( )  RATIONAL_B_SPLINE_CURVE ( ( 1.000000000000000000, 0.9510565162951535312, 1.000000000000000000, 0.9510565162951535312, 1.000000000000000000, 0.9510565162951535312, 1.000000000000000000, 0.9510565162951535312, 1.000000000000000000, 0.9510565162951535312, 1.000000000000000000 ) ) 
 REPRESENTATION_ITEM ( '' )  );
#1019 = DIRECTION ( 'NONE',  ( 0.0000000000000000000, 0.0000000000000000000, 1.000000000000000000 ) ) ;
#1020 = EDGE_CURVE ( 'NONE', #1021, #1777, #7200, .T. ) ;
#1021 = VERTEX_POINT ( 'NONE', #3334 ) ;
#1022 = CARTESIAN_POINT ( 'NONE',  ( -4.500000000000000888, -3.292649670951633310E-15, 29.82138114288113329 ) ) ;
#1023 = DIRECTION ( 'NONE',  ( 1.000000000000000000, 0.0000000000000000000, 0.0000000000000000000 ) ) ;
#1024 = AXIS2_PLACEMENT_3D ( 'NONE', #4655, #481, #3897 ) ;
#1025 = CYLINDRICAL_SURFACE ( 'NONE', #1961, 9.000000398245260769 ) ;
#1026 = CARTESIAN_POINT ( 'NONE',  ( 7.281153918988083618, -5.290066613608880530, 19.48912604974731266 ) ) ;
#1027 = CARTESIAN_POINT ( 'NONE',  ( 9.000000756133731628, -2.924276294026192158, 5.511761964779056555 ) ) ;
#1028 = CARTESIAN_POINT ( 'NONE',  ( -1.390575950908272240, -4.279754493514267288, 37.19491497857976015 ) ) ;
#1029 = VERTEX_POINT ( 'NONE', #3878 ) ;
#1030 = LINE ( 'NONE', #5355, #3411 ) ;
#1031 = CARTESIAN_POINT ( 'NONE',  ( 4.500000000000000888, 2.023881062617235724E-14, 19.71954893736085523 ) ) ;
#1032 = FACE_OUTER_BOUND ( 'NONE', #5633, .T. ) ;
#1033 = EDGE_CURVE ( 'NONE', #4922, #6502, #4851, .T. ) ;
#1034 = CARTESIAN_POINT ( 'NONE',  ( -1.158151650422967524E-06, 9.463160436884182403, 20.29560630828042278 ) ) ;
#1035 = CARTESIAN_POINT ( 'NONE',  ( 1.390575950908263803, 4.279754493514269953, 8.659248292302709871 ) ) ;
#1036 = CARTESIAN_POINT ( 'NONE',  ( -4.499999821055703286, -1.462139183781880902, 2.285840930646622304 ) ) ;
#1037 = EDGE_LOOP ( 'NONE', ( #5485, #805, #7069, #841 ) ) ;
#1038 = CARTESIAN_POINT ( 'NONE',  ( 4.500000178944228324, -1.462138082314259568, 63.11749471714396265 ) ) ;
#1039 = FACE_OUTER_BOUND ( 'NONE', #977, .T. ) ;
#1040 = FACE_OUTER_BOUND ( 'NONE', #1352, .T. ) ;
#1041 = DIRECTION ( 'NONE',  ( 0.0000000000000000000, 0.0000000000000000000, 1.000000000000000000 ) ) ;
#1042 = CARTESIAN_POINT ( 'NONE',  ( 1.158151509001666907E-06, -9.463160436884182403, 60.35241954503045747 ) ) ;
#1043 = CARTESIAN_POINT ( 'NONE',  ( 4.500000178944225659, -1.462138082314267340, 12.42444989506284614 ) ) ;
#1044 = CARTESIAN_POINT ( 'NONE',  ( 7.281152624135238227, 5.290068395820926028, 36.07957708242841477 ) ) ;
#1045 = ORIENTED_EDGE ( 'NONE', *, *, #1999, .F. ) ;
#1046 = CARTESIAN_POINT ( 'NONE',  ( 5.562305207913810889, 7.655858294680371934, 59.23708164887910499 ) ) ;
#1047 = CARTESIAN_POINT ( 'NONE',  ( 5.562305207913735394, 7.655858294680427001, 33.89055923783853075 ) ) ;
#1048 = CARTESIAN_POINT ( 'NONE',  ( -4.500000178944214113, 1.462138082314299092, 45.83577489143449668 ) ) ;
#1049 = ADVANCED_FACE ( 'NONE', ( #2306 ), #2332, .F. ) ;
#1050 = CARTESIAN_POINT ( 'NONE',  ( -4.500000000000000888, 5.510910596163089556E-16, 0.0000000000000000000 ) ) ;
#1051 = CARTESIAN_POINT ( 'NONE',  ( -7.281152624135185825, -5.290068395820997083, 44.14437966775949462 ) ) ;
#1052 = CARTESIAN_POINT ( 'NONE',  ( -1.158151560005109963E-06, 9.463160436884182403, 43.07069971932098440 ) ) ;
#1053 = CARTESIAN_POINT ( 'NONE',  ( 1.390575950908241598, 4.279754493514276170, 27.09308277305948209 ) ) ;
#1054 = CARTESIAN_POINT ( 'NONE',  ( 4.500000178944228324, -1.462138082314260012, 19.60433751525204116 ) ) ;
#1055 = LINE ( 'NONE', #2219, #6055 ) ;
#1056 = AXIS2_PLACEMENT_3D ( 'NONE', #6932, #5184, #3536 ) ;
#1057 = CARTESIAN_POINT ( 'NONE',  ( -5.790757276800885029E-07, 4.731580009072167137, 52.55481664960477417 ) ) ;
#1058 = AXIS2_PLACEMENT_3D ( 'NONE', #6015, #7250, #6615 ) ;
#1059 = CARTESIAN_POINT ( 'NONE',  ( -4.499999821055701510, -1.462139183781886898, 39.15350989216016586 ) ) ;
#1060 = VERTEX_POINT ( 'NONE', #513 ) ;
#1061 = CARTESIAN_POINT ( 'NONE',  ( 9.000000398245257216, -1.546950270569086518E-14, 19.71954893736085523 ) ) ;
#1062 = CARTESIAN_POINT ( 'NONE',  ( 0.0000000000000000000, 0.0000000000000000000, 0.0000000000000000000 ) ) ;
#1063 = EDGE_LOOP ( 'NONE', ( #5237, #2177, #4481, #5177 ) ) ;
#1064 = CARTESIAN_POINT ( 'NONE',  ( 9.000000398245260769, 0.0000000000000000000, 0.0000000000000000000 ) ) ;
#1065 = CARTESIAN_POINT ( 'NONE',  ( -1.390576998466255265, 4.279754153142045325, 57.01128704539329561 ) ) ;
#1066 = CARTESIAN_POINT ( 'NONE',  ( -7.281153918988102269, 5.290066613608852997, 18.06981170479460985 ) ) ;
#1067 = EDGE_CURVE ( 'NONE', #4406, #703, #4812, .T. ) ;
#1068 = DIRECTION ( 'NONE',  ( 1.000000000000000000, 0.0000000000000000000, 0.0000000000000000000 ) ) ;
#1069 = ORIENTED_EDGE ( 'NONE', *, *, #2838, .F. ) ;
#1070 = EDGE_CURVE ( 'NONE', #4865, #7033, #7319, .T. ) ;
#1071 = CARTESIAN_POINT ( 'NONE',  ( -2.781154119997073071, 8.559508685037837239, 31.66476463435272848 ) ) ;
#1072 = CARTESIAN_POINT ( 'NONE',  ( 2.781152024881038631, 8.559509365782302481, 57.04806380428924228 ) ) ;
#1073 = CARTESIAN_POINT ( 'NONE',  ( 4.500000000000000888, -8.836924303997027300E-15, 21.75657855755004633 ) ) ;
#1074 = CARTESIAN_POINT ( 'NONE',  ( 0.0000000000000000000, 0.0000000000000000000, 0.0000000000000000000 ) ) ;
#1075 = EDGE_CURVE ( 'NONE', #3783, #836, #5089, .T. ) ;
#1076 = CARTESIAN_POINT ( 'NONE',  ( 3.640576798400433578, -2.645033189763118742, 28.43884360022029512 ) ) ;
#1077 = VERTEX_POINT ( 'NONE', #6768 ) ;
#1078 =( BOUNDED_CURVE ( )  B_SPLINE_CURVE ( 2, ( #4485, #1007, #6133, #6734, #375, #915, #530, #5631, #2588, #5582, #4892 ),
 .UNSPECIFIED., .F., .F. ) 
 B_SPLINE_CURVE_WITH_KNOTS ( ( 3, 2, 2, 2, 2, 3 ),
 ( 0.7142857135784873579, 0.7178571428571428603, 0.7214285714285714191, 0.7249999999999999778, 0.7285714285714285365, 0.7321428564356301516 ),
 .UNSPECIFIED. ) 
 CURVE ( )  GEOMETRIC_REPRESENTATION_ITEM ( )  RATIONAL_B_SPLINE_CURVE ( ( 1.000000000000000000, 0.9510565162951535312, 1.000000000000000000, 0.9510565162951535312, 1.000000000000000000, 0.9510565162951535312, 1.000000000000000000, 0.9510565162951535312, 1.000000000000000000, 0.9510565162951535312, 1.000000000000000000 ) ) 
 REPRESENTATION_ITEM ( '' )  );
#1079 = CARTESIAN_POINT ( 'NONE',  ( 4.500000000000000888, 0.0000000000000000000, 0.0000000000000000000 ) ) ;
#1080 = CARTESIAN_POINT ( 'NONE',  ( -1.390576998466213521, 4.279754153142059536, 15.53515946369055278 ) ) ;
#1081 = CYLINDRICAL_SURFACE ( 'NONE', #1893, 9.000000398245260769 ) ;
#1082 = LINE ( 'NONE', #6020, #6038 ) ;
#1083 = EDGE_CURVE ( 'NONE', #4660, #5061, #60, .T. ) ;
#1084 = DIRECTION ( 'NONE',  ( 0.0000000000000000000, 0.0000000000000000000, 1.000000000000000000 ) ) ;
#1085 =( BOUNDED_CURVE ( )  B_SPLINE_CURVE ( 2, ( #590, #6323, #3352, #6230, #1782, #3538, #1232, #6786, #4037, #635, #4595 ),
 .UNSPECIFIED., .F., .F. ) 
 B_SPLINE_CURVE_WITH_KNOTS ( ( 3, 2, 2, 2, 2, 3 ),
 ( 0.4999999992927730008, 0.5035714285714285587, 0.5071428571428571175, 0.5107142857142856762, 0.5142857142857142350, 0.5178571421499158500 ),
 .UNSPECIFIED. ) 
 CURVE ( )  GEOMETRIC_REPRESENTATION_ITEM ( )  RATIONAL_B_SPLINE_CURVE ( ( 1.000000000000000000, 0.9510565162951535312, 1.000000000000000000, 0.9510565162951535312, 1.000000000000000000, 0.9510565162951535312, 1.000000000000000000, 0.9510565162951535312, 1.000000000000000000, 0.9510565162951535312, 1.000000000000000000 ) ) 
 REPRESENTATION_ITEM ( '' )  );
#1086 = CARTESIAN_POINT ( 'NONE',  ( 1.390576998466225067, -4.279754153142055983, 23.59996204902163797 ) ) ;
#1087 = CARTESIAN_POINT ( 'NONE',  ( -9.000000398245257216, 1.141126179421490200E-15, 4.742058421745974250 ) ) ;
#1088 = ADVANCED_FACE ( 'NONE', ( #2599 ), #5153, .F. ) ;
#1089 = CARTESIAN_POINT ( 'NONE',  ( -7.281153918988083618, 5.290066613608880530, 52.63325135621355599 ) ) ;
#1090 = ORIENTED_EDGE ( 'NONE', *, *, #3857, .T. ) ;
#1091 = CARTESIAN_POINT ( 'NONE',  ( -4.500000178944233653, 1.462138082314237364, 50.44423351162368618 ) ) ;
#1092 = CARTESIAN_POINT ( 'NONE',  ( -2.781154119997010010, 8.559508685037856779, 34.23619363435273755 ) ) ;
#1093 = DIRECTION ( 'NONE',  ( 0.0000000000000000000, 0.0000000000000000000, 1.000000000000000000 ) ) ;
#1094 = CARTESIAN_POINT ( 'NONE',  ( 0.2673631822825733306, -4.724020142951493639, 65.24881131045742677 ) ) ;
#1095 = LINE ( 'NONE', #4322, #3490 ) ;
#1096 = CARTESIAN_POINT ( 'NONE',  ( 0.0000000000000000000, 0.0000000000000000000, 0.0000000000000000000 ) ) ;
#1097 = CARTESIAN_POINT ( 'NONE',  ( 0.0000000000000000000, 0.0000000000000000000, 0.0000000000000000000 ) ) ;
#1098 = CARTESIAN_POINT ( 'NONE',  ( 1.146516483796214292, 4.351493990803398049, 63.98128827795501650 ) ) ;
#1099 = DIRECTION ( 'NONE',  ( 0.0000000000000000000, 0.0000000000000000000, 1.000000000000000000 ) ) ;
#1100 = VECTOR ( 'NONE', #6884, 1000.000000000000000 ) ;
#1101 = EDGE_CURVE ( 'NONE', #2096, #6886, #3846, .T. ) ;
#1102 = CARTESIAN_POINT ( 'NONE',  ( 0.0000000000000000000, 0.0000000000000000000, 0.0000000000000000000 ) ) ;
#1103 = CARTESIAN_POINT ( 'NONE',  ( 4.500000000000000888, -2.890776809701765880E-14, 40.19041303830680789 ) ) ;
#1104 = ORIENTED_EDGE ( 'NONE', *, *, #2643, .F. ) ;
#1105 = EDGE_CURVE ( 'NONE', #7245, #4101, #100, .T. ) ;
#1106 = CARTESIAN_POINT ( 'NONE',  ( -3.640576798400442460, 2.645033189763105863, 29.59095825526759072 ) ) ;
#1107 = CARTESIAN_POINT ( 'NONE',  ( 0.0000000000000000000, 0.0000000000000000000, 0.0000000000000000000 ) ) ;
#1108 = ADVANCED_FACE ( 'NONE', ( #2806 ), #215, .F. ) ;
#1109 = CYLINDRICAL_SURFACE ( 'NONE', #2621, 9.000000398245260769 ) ;
#1110 = CARTESIAN_POINT ( 'NONE',  ( 9.000000398245257216, 3.745754176398079381E-14, 31.24069548783383965 ) ) ;
#1111 = CARTESIAN_POINT ( 'NONE',  ( -2.781153417856644161, 3.827928297211954600, 47.90958127051963089 ) ) ;
#1112 = CARTESIAN_POINT ( 'NONE',  ( 0.0000000000000000000, 0.0000000000000000000, 0.0000000000000000000 ) ) ;
#1113 = LINE ( 'NONE', #5192, #1100 ) ;
#1114 = CARTESIAN_POINT ( 'NONE',  ( -7.281152624135176055, -5.290068395821011293, 25.71054518700272240 ) ) ;
#1115 = CARTESIAN_POINT ( 'NONE',  ( 9.000000040356646025, 2.924278496961546292, 10.61784320588311381 ) ) ;
#1116 = CARTESIAN_POINT ( 'NONE',  ( 2.781152480892310042, 3.827928977956390533, 61.54131095897370329 ) ) ;
#1117 = ORIENTED_EDGE ( 'NONE', *, *, #6086, .F. ) ;
#1118 = AXIS2_PLACEMENT_3D ( 'NONE', #6108, #4914, #6706 ) ;
#1119 = CYLINDRICAL_SURFACE ( 'NONE', #3453, 9.000000398245260769 ) ;
#1120 = FACE_OUTER_BOUND ( 'NONE', #4213, .T. ) ;
#1121 = CARTESIAN_POINT ( 'NONE',  ( 1.158151629550999972E-06, -9.463160436884182403, 7.622345102760139213 ) ) ;
#1122 = CARTESIAN_POINT ( 'NONE',  ( 3.640576150974001557, 2.645034080869153925, 47.60072363290139208 ) ) ;
#1123 = CARTESIAN_POINT ( 'NONE',  ( 1.158151622597582630E-06, -9.463160436884182403, 14.53503303304393057 ) ) ;
#1124 = CARTESIAN_POINT ( 'NONE',  ( -4.500000000000000888, 5.510910596163089556E-16, 0.0000000000000000000 ) ) ;
#1125 = CARTESIAN_POINT ( 'NONE',  ( 0.0000000000000000000, 0.0000000000000000000, 0.0000000000000000000 ) ) ;
#1126 = CARTESIAN_POINT ( 'NONE',  ( 4.500000178944230100, -1.462138082314255128, 3.207532654684460471 ) ) ;
#1127 = ORIENTED_EDGE ( 'NONE', *, *, #5895, .F. ) ;
#1128 = CARTESIAN_POINT ( 'NONE',  ( 2.781153417856651711, -3.827928297211948383, 62.88707178613451987 ) ) ;
#1129 = DIRECTION ( 'NONE',  ( 1.000000000000000000, 0.0000000000000000000, 0.0000000000000000000 ) ) ;
#1130 = CYLINDRICAL_SURFACE ( 'NONE', #1274, 9.000000398245260769 ) ;
#1131 = CARTESIAN_POINT ( 'NONE',  ( 9.000000398245260769, -6.663304491431817256E-14, 49.67452996859060477 ) ) ;
#1132 = CARTESIAN_POINT ( 'NONE',  ( -2.781152480892344236, -3.827928977956365220, 23.25432765250744893 ) ) ;
#1133 = CARTESIAN_POINT ( 'NONE',  ( 1.158151606372941811E-06, -9.463160436884182403, 30.39743851380069728 ) ) ;
#1134 = CARTESIAN_POINT ( 'NONE',  ( 9.000000756133692548, -2.924276294026322720, 58.77623578686018391 ) ) ;
#1135 = CARTESIAN_POINT ( 'NONE',  ( -9.000000398245260769, 1.102182168003596278E-15, 0.0000000000000000000 ) ) ;
#1136 = VERTEX_POINT ( 'NONE', #1860 ) ;
#1137 = CARTESIAN_POINT ( 'NONE',  ( -1.158151611020268332E-06, 9.463160436884182403, 59.46750457988855487 ) ) ;
#1138 = CARTESIAN_POINT ( 'NONE',  ( -2.781152024881063500, -8.559509365782293600, 51.28749052905275363 ) ) ;
#1139 = DIRECTION ( 'NONE',  ( 0.0000000000000000000, 0.0000000000000000000, 1.000000000000000000 ) ) ;
#1140 = LINE ( 'NONE', #2017, #3577 ) ;
#1141 = EDGE_CURVE ( 'NONE', #6928, #3405, #4991, .T. ) ;
#1142 = CARTESIAN_POINT ( 'NONE',  ( 1.146522415570062181, 4.351492427960249820, 66.28571450000001164 ) ) ;
#1143 = CYLINDRICAL_SURFACE ( 'NONE', #2692, 9.000000398245260769 ) ;
#1144 = DIRECTION ( 'NONE',  ( 0.0000000000000000000, 0.0000000000000000000, 1.000000000000000000 ) ) ;
#1145 = DIRECTION ( 'NONE',  ( 0.0000000000000000000, 0.0000000000000000000, 1.000000000000000000 ) ) ;
#1146 = AXIS2_PLACEMENT_3D ( 'NONE', #6179, #1539, #3895 ) ;
#1147 = CARTESIAN_POINT ( 'NONE',  ( -4.500000000000000888, 1.019890238627596959E-14, 23.17589290250274559 ) ) ;
#1148 = CARTESIAN_POINT ( 'NONE',  ( -4.500000178944217666, 1.462138082314291765, 53.01566251162369525 ) ) ;
#1149 = ADVANCED_FACE ( 'NONE', ( #2584 ), #5014, .F. ) ;
#1150 = CARTESIAN_POINT ( 'NONE',  ( -3.640576150974052183, -2.645034080869083315, 39.26872135766489436 ) ) ;
#1151 = EDGE_LOOP ( 'NONE', ( #2321, #194, #1591, #4828 ) ) ;
#1152 = DIRECTION ( 'NONE',  ( 1.000000000000000000, 0.0000000000000000000, 0.0000000000000000000 ) ) ;
#1153 = FACE_OUTER_BOUND ( 'NONE', #4961, .T. ) ;
#1154 = CARTESIAN_POINT ( 'NONE',  ( -7.281152624135305729, -5.290068395820832770, 55.39832652832707538 ) ) ;
#1155 = EDGE_CURVE ( 'NONE', #4922, #4940, #6468, .T. ) ;
#1156 = CARTESIAN_POINT ( 'NONE',  ( 9.000000398245257216, -6.652045374004582702E-15, 10.23543200707706013 ) ) ;
#1157 = EDGE_CURVE ( 'NONE', #5386, #210, #179, .T. ) ;
#1158 = CARTESIAN_POINT ( 'NONE',  ( -9.000000040356644249, -2.924278496961552065, 39.15350989216016586 ) ) ;
#1159 = CARTESIAN_POINT ( 'NONE',  ( 9.000000398245257216, -2.869568844472633721E-14, 33.54492479792843795 ) ) ;
#1160 = EDGE_CURVE ( 'NONE', #210, #1182, #2608, .T. ) ;
#1161 = ORIENTED_EDGE ( 'NONE', *, *, #5492, .F. ) ;
#1162 = ADVANCED_FACE ( 'NONE', ( #2663 ), #119, .F. ) ;
#1163 = VECTOR ( 'NONE', #2063, 1000.000000000000000 ) ;
#1164 = CYLINDRICAL_SURFACE ( 'NONE', #6604, 9.000000398245260769 ) ;
#1165 = CARTESIAN_POINT ( 'NONE',  ( 4.500000000000000000, -1.301408044414469429E-14, 54.01578889887440482 ) ) ;
#1166 = CARTESIAN_POINT ( 'NONE',  ( 0.0000000000000000000, 0.0000000000000000000, 0.0000000000000000000 ) ) ;
#1167 = EDGE_CURVE ( 'NONE', #4715, #5363, #2565, .T. ) ;
#1168 = CARTESIAN_POINT ( 'NONE',  ( -9.000000398245257216, -1.981147701592761480E-14, 16.26320497221895423 ) ) ;
#1169 = DIRECTION ( 'NONE',  ( 0.0000000000000000000, 0.0000000000000000000, 1.000000000000000000 ) ) ;
#1170 = CARTESIAN_POINT ( 'NONE',  ( 7.281152624135212470, 5.290068395820961555, 56.81764087327977819 ) ) ;
#1171 = CARTESIAN_POINT ( 'NONE',  ( 2.781152480892346013, 3.827928977956363887, 17.76095406717636394 ) ) ;
#1172 = EDGE_CURVE ( 'NONE', #6502, #6271, #3168, .T. ) ;
#1173 = EDGE_LOOP ( 'NONE', ( #7284, #5685, #7206, #7051 ) ) ;
#1174 = CARTESIAN_POINT ( 'NONE',  ( -3.640576150974021541, -2.645034080869125948, 62.31101445861086319 ) ) ;
#1175 = CARTESIAN_POINT ( 'NONE',  ( 1.390576998466238612, -4.279754153142050654, 60.46763101053518596 ) ) ;
#1176 = VECTOR ( 'NONE', #4435, 1000.000000000000000 ) ;
#1177 = PRODUCT_RELATED_PRODUCT_CATEGORY ( 'part', '', ( #3345 ) ) ;
#1178 = DIRECTION ( 'NONE',  ( 0.0000000000000000000, 0.0000000000000000000, 1.000000000000000000 ) ) ;
#1179 = CARTESIAN_POINT ( 'NONE',  ( 5.562307081842398304, -7.655856933191557800, 60.58284247603991446 ) ) ;
#1180 = DIRECTION ( 'NONE',  ( 0.0000000000000000000, 0.0000000000000000000, 1.000000000000000000 ) ) ;
#1181 = CARTESIAN_POINT ( 'NONE',  ( -7.281153918988111151, 5.290066613608841450, 1.940206534132432825 ) ) ;
#1182 = VERTEX_POINT ( 'NONE', #3303 ) ;
#1183 = CARTESIAN_POINT ( 'NONE',  ( 4.499999821055719273, 1.462139183781834051, 49.52254178758585113 ) ) ;
#1184 = CARTESIAN_POINT ( 'NONE',  ( 2.781152480892334911, 3.827928977956372325, 33.62335954793313419 ) ) ;
#1185 = ADVANCED_FACE ( 'NONE', ( #5138 ), #384, .T. ) ;
#1186 = VECTOR ( 'NONE', #7317, 1000.000000000000000 ) ;
#1187 = CARTESIAN_POINT ( 'NONE',  ( 9.000000756133719193, -2.924276294026243672, 42.64663061619800288 ) ) ;
#1188 = CARTESIAN_POINT ( 'NONE',  ( -9.000000398245262545, -8.422343182406819715E-14, 39.30549807316494082 ) ) ;
#1189 = FACE_OUTER_BOUND ( 'NONE', #27, .T. ) ;
#1190 = EDGE_CURVE ( 'NONE', #3318, #3734, #2901, .T. ) ;
#1191 = CARTESIAN_POINT ( 'NONE',  ( 9.000000040356674447, 2.924278496961467244, 26.48024868663988940 ) ) ;
#1192 = CARTESIAN_POINT ( 'NONE',  ( -7.281153918988111151, 5.290066613608841450, 2.207406224037837372 ) ) ;
#1193 = ORIENTED_EDGE ( 'NONE', *, *, #3654, .F. ) ;
#1194 = CARTESIAN_POINT ( 'NONE',  ( -7.281152624135196483, -5.290068395820982872, 62.57821414851625974 ) ) ;
#1195 = CARTESIAN_POINT ( 'NONE',  ( 3.640576798400436243, -2.645033189763113857, 40.22718984059868319 ) ) ;
#1196 = VECTOR ( 'NONE', #257, 1000.000000000000000 ) ;
#1197 = CARTESIAN_POINT ( 'NONE',  ( 9.000000040356640696, 2.924278496961569385, 54.39820009768044429 ) ) ;
#1198 = CARTESIAN_POINT ( 'NONE',  ( 0.0000000000000000000, 0.0000000000000000000, 0.0000000000000000000 ) ) ;
#1199 = CARTESIAN_POINT ( 'NONE',  ( 4.500000000000001776, 2.201424196925436925E-14, 42.76184203830683117 ) ) ;
#1200 = CYLINDRICAL_SURFACE ( 'NONE', #2805, 9.000000398245260769 ) ;
#1201 = CARTESIAN_POINT ( 'NONE',  ( 1.390576998466229064, -4.279754153142054207, 14.38304480864325363 ) ) ;
#1202 = ADVANCED_FACE ( 'NONE', ( #133 ), #2793, .T. ) ;
#1203 = VERTEX_POINT ( 'NONE', #1442 ) ;
#1204 = CYLINDRICAL_SURFACE ( 'NONE', #140, 9.000000398245260769 ) ;
#1205 = ORIENTED_EDGE ( 'NONE', *, *, #3647, .F. ) ;
#1206 = DIRECTION ( 'NONE',  ( 0.0000000000000000000, 0.0000000000000000000, 1.000000000000000000 ) ) ;
#1207 = CARTESIAN_POINT ( 'NONE',  ( -1.158151643469549970E-06, 9.463160436884182403, 27.20829423856421059 ) ) ;
#1208 = AXIS2_PLACEMENT_3D ( 'NONE', #3575, #4178, #1962 ) ;
#1209 = CARTESIAN_POINT ( 'NONE',  ( -7.281153918988154672, 5.290066613608780166, 57.50890966630815626 ) ) ;
#1210 = DIRECTION ( 'NONE',  ( 1.000000000000000000, 0.0000000000000000000, 0.0000000000000000000 ) ) ;
#1211 = CARTESIAN_POINT ( 'NONE',  ( -4.499999821055722826, -1.462139183781824059, 60.15877337291694005 ) ) ;
#1212 = ORIENTED_EDGE ( 'NONE', *, *, #6761, .F. ) ;
#1213 = DIRECTION ( 'NONE',  ( 1.000000000000000000, 0.0000000000000000000, 0.0000000000000000000 ) ) ;
#1214 = CARTESIAN_POINT ( 'NONE',  ( -5.562305207913832206, -7.655858294680355058, 53.47650837364261633 ) ) ;
#1215 = ADVANCED_FACE ( 'NONE', ( #5280 ), #5101, .T. ) ;
#1216 = CARTESIAN_POINT ( 'NONE',  ( 1.158151657388099968E-06, -9.463160436884182403, 46.52704368446288186 ) ) ;
#1217 =( BOUNDED_CURVE ( )  B_SPLINE_CURVE ( 2, ( #5258, #3650, #4617, #4836, #5209, #7047, #5802, #6952, #168, #5937, #5896 ),
 .UNSPECIFIED., .F., .F. ) 
 B_SPLINE_CURVE_WITH_KNOTS ( ( 3, 2, 2, 2, 2, 3 ),
 ( 0.2678571421499159055, 0.2714285714285714080, 0.2750000000000000222, 0.2785714285714285809, 0.2821428571428571397, 0.2857142850070586992 ),
 .UNSPECIFIED. ) 
 CURVE ( )  GEOMETRIC_REPRESENTATION_ITEM ( )  RATIONAL_B_SPLINE_CURVE ( ( 1.000000000000000000, 0.9510565162951535312, 1.000000000000000000, 0.9510565162951535312, 1.000000000000000000, 0.9510565162951535312, 1.000000000000000000, 0.9510565162951535312, 1.000000000000000000, 0.9510565162951535312, 1.000000000000000000 ) ) 
 REPRESENTATION_ITEM ( '' )  );
#1218 = CARTESIAN_POINT ( 'NONE',  ( 2.781152480892357115, 3.827928977956356338, 19.79798368736555148 ) ) ;
#1219 =( BOUNDED_CURVE ( )  B_SPLINE_CURVE ( 2, ( #2335, #6294, #2283, #5800, #1246, #118, #2816, #3511, #4050, #5697, #2868 ),
 .UNSPECIFIED., .F., .F. ) 
 B_SPLINE_CURVE_WITH_KNOTS ( ( 3, 2, 2, 2, 2, 3 ),
 ( 0.6379310337999187785, 0.6413793103448275357, 0.6448275862068965081, 0.6482758620689654805, 0.6517241379310344529, 0.6551724131102636406 ),
 .UNSPECIFIED. ) 
 CURVE ( )  GEOMETRIC_REPRESENTATION_ITEM ( )  RATIONAL_B_SPLINE_CURVE ( ( 1.000000000000000000, 0.9510565162951535312, 1.000000000000000000, 0.9510565162951535312, 1.000000000000000000, 0.9510565162951535312, 1.000000000000000000, 0.9510565162951535312, 1.000000000000000000, 0.9510565162951535312, 1.000000000000000000 ) ) 
 REPRESENTATION_ITEM ( '' )  );
#1220 = CARTESIAN_POINT ( 'NONE',  ( 3.640576150974037528, 2.645034080869104187, 42.99226501271220258 ) ) ;
#1221 = EDGE_CURVE ( 'NONE', #3624, #3946, #190, .T. ) ;
#1222 = DIRECTION ( 'NONE',  ( 0.0000000000000000000, 0.0000000000000000000, 1.000000000000000000 ) ) ;
#1223 =( BOUNDED_CURVE ( )  B_SPLINE_CURVE ( 2, ( #3814, #5211, #2176, #3372, #3913, #6199, #6756, #3082, #6035, #6492, #366 ),
 .UNSPECIFIED., .F., .F. ) 
 B_SPLINE_CURVE_WITH_KNOTS ( ( 3, 2, 2, 2, 2, 3 ),
 ( 0.3214285707213444532, 0.3250000000000000111, 0.3285714285714285698, 0.3321428571428571286, 0.3357142857142856873, 0.3392857135784873579 ),
 .UNSPECIFIED. ) 
 CURVE ( )  GEOMETRIC_REPRESENTATION_ITEM ( )  RATIONAL_B_SPLINE_CURVE ( ( 1.000000000000000000, 0.9510565162951535312, 1.000000000000000000, 0.9510565162951535312, 1.000000000000000000, 0.9510565162951535312, 1.000000000000000000, 0.9510565162951535312, 1.000000000000000000, 0.9510565162951535312, 1.000000000000000000 ) ) 
 REPRESENTATION_ITEM ( '' )  );
#1224 = CARTESIAN_POINT ( 'NONE',  ( -9.000000756133736957, 2.924276294026186385, 15.88079386020473827 ) ) ;
#1225 =( BOUNDED_CURVE ( )  B_SPLINE_CURVE ( 2, ( #3723, #3508, #12, #4103, #68, #4046, #4553, #5005, #5650, #599, #2922 ),
 .UNSPECIFIED., .F., .F. ) 
 B_SPLINE_CURVE_WITH_KNOTS ( ( 3, 2, 2, 2, 2, 3 ),
 ( 0.6785714278642016595, 0.6821428571428571619, 0.6857142857142857206, 0.6892857142857142794, 0.6928571428571428381, 0.6964285707213444532 ),
 .UNSPECIFIED. ) 
 CURVE ( )  GEOMETRIC_REPRESENTATION_ITEM ( )  RATIONAL_B_SPLINE_CURVE ( ( 1.000000000000000000, 0.9510565162951535312, 1.000000000000000000, 0.9510565162951535312, 1.000000000000000000, 0.9510565162951535312, 1.000000000000000000, 0.9510565162951535312, 1.000000000000000000, 0.9510565162951535312, 1.000000000000000000 ) ) 
 REPRESENTATION_ITEM ( '' )  );
#1226 = EDGE_LOOP ( 'NONE', ( #3095, #505, #903, #420 ) ) ;
#1227 = DIRECTION ( 'NONE',  ( 1.000000000000000000, 0.0000000000000000000, 0.0000000000000000000 ) ) ;
#1228 = CARTESIAN_POINT ( 'NONE',  ( 4.499999821055701510, 1.462139183781884011, 35.96436561692367917 ) ) ;
#1229 =( BOUNDED_CURVE ( )  B_SPLINE_CURVE ( 2, ( #967, #435, #3268, #6558, #2649, #6654, #6054, #7238, #1017, #2105, #2701 ),
 .UNSPECIFIED., .F., .F. ) 
 B_SPLINE_CURVE_WITH_KNOTS ( ( 3, 2, 2, 2, 2, 3 ),
 ( 0.2678571421499159055, 0.2714285714285714080, 0.2750000000000000222, 0.2785714285714285809, 0.2821428571428571397, 0.2857142850070586992 ),
 .UNSPECIFIED. ) 
 CURVE ( )  GEOMETRIC_REPRESENTATION_ITEM ( )  RATIONAL_B_SPLINE_CURVE ( ( 1.000000000000000000, 0.9510565162951535312, 1.000000000000000000, 0.9510565162951535312, 1.000000000000000000, 0.9510565162951535312, 1.000000000000000000, 0.9510565162951535312, 1.000000000000000000, 0.9510565162951535312, 1.000000000000000000 ) ) 
 REPRESENTATION_ITEM ( '' )  );
#1230 = CARTESIAN_POINT ( 'NONE',  ( -2.781152480892399748, -3.827928977956325252, 48.86804975345341973 ) ) ;
#1231 =( BOUNDED_CURVE ( )  B_SPLINE_CURVE ( 2, ( #2112, #4266, #3862, #1922, #4860, #5449, #4811, #933, #395, #6612, #1365 ),
 .UNSPECIFIED., .F., .F. ) 
 B_SPLINE_CURVE_WITH_KNOTS ( ( 3, 2, 2, 2, 2, 3 ),
 ( 0.7321428564356301516, 0.7357142857142857650, 0.7392857142857143238, 0.7428571428571428825, 0.7464285714285714413, 0.7499999992927729453 ),
 .UNSPECIFIED. ) 
 CURVE ( )  GEOMETRIC_REPRESENTATION_ITEM ( )  RATIONAL_B_SPLINE_CURVE ( ( 1.000000000000000000, 0.9510565162951535312, 1.000000000000000000, 0.9510565162951535312, 1.000000000000000000, 0.9510565162951535312, 1.000000000000000000, 0.9510565162951535312, 1.000000000000000000, 0.9510565162951535312, 1.000000000000000000 ) ) 
 REPRESENTATION_ITEM ( '' )  );
#1232 = CARTESIAN_POINT ( 'NONE',  ( -2.781154119997010010, 8.559508685037856779, 33.96899394444732678 ) ) ;
#1233 = CARTESIAN_POINT ( 'NONE',  ( -2.781152480892373102, -3.827928977956344792, 25.55855696260205079 ) ) ;
#1234 = CARTESIAN_POINT ( 'NONE',  ( 4.499999821055695293, 1.462139183781907770, 52.09397078758586019 ) ) ;
#1235 = EDGE_CURVE ( 'NONE', #2186, #4608, #204, .T. ) ;
#1236 = CARTESIAN_POINT ( 'NONE',  ( 4.499999821055703286, 1.462139183781881568, 17.26333144626149974 ) ) ;
#1237 = ORIENTED_EDGE ( 'NONE', *, *, #2204, .T. ) ;
#1238 = CARTESIAN_POINT ( 'NONE',  ( 9.000000398245257216, -2.869568844472633721E-14, 33.54492479792843795 ) ) ;
#1239 = CYLINDRICAL_SURFACE ( 'NONE', #6799, 4.500000000000000888 ) ;
#1240 = CARTESIAN_POINT ( 'NONE',  ( -5.562307081842375212, 7.655856933191573788, 55.08946889070883657 ) ) ;
#1241 = DIRECTION ( 'NONE',  ( 1.000000000000000000, 0.0000000000000000000, 0.0000000000000000000 ) ) ;
#1242 = EDGE_CURVE ( 'NONE', #5762, #3186, #5112, .T. ) ;
#1243 = DIRECTION ( 'NONE',  ( 0.0000000000000000000, 0.0000000000000000000, 1.000000000000000000 ) ) ;
#1244 = CARTESIAN_POINT ( 'NONE',  ( 4.500000000000000888, 5.568260544828900983E-15, 3.589943766698676875 ) ) ;
#1245 = CARTESIAN_POINT ( 'NONE',  ( -7.281152624135258655, -5.290068395820896718, 39.26872135766489436 ) ) ;
#1246 = CARTESIAN_POINT ( 'NONE',  ( -1.390575950908294223, -4.279754493514260183, 42.07057328867436041 ) ) ;
#1247 = ORIENTED_EDGE ( 'NONE', *, *, #5257, .T. ) ;
#1248 = CYLINDRICAL_SURFACE ( 'NONE', #5933, 4.500000000000000888 ) ;
#1249 = VECTOR ( 'NONE', #2257, 1000.000000000000000 ) ;
#1250 = ORIENTED_EDGE ( 'NONE', *, *, #4697, .F. ) ;
#1251 = CARTESIAN_POINT ( 'NONE',  ( -2.781152480892348233, -3.827928977956362999, 32.47124489288583504 ) ) ;
#1252 = CARTESIAN_POINT ( 'NONE',  ( -2.781153417856692567, 3.827928297211918629, 61.73495713108722072 ) ) ;
#1253 = EDGE_CURVE ( 'NONE', #6382, #3133, #2650, .T. ) ;
#1254 = ORIENTED_EDGE ( 'NONE', *, *, #6938, .T. ) ;
#1255 = CARTESIAN_POINT ( 'NONE',  ( 0.0000000000000000000, 0.0000000000000000000, 0.0000000000000000000 ) ) ;
#1256 = AXIS2_PLACEMENT_3D ( 'NONE', #5188, #1588, #5140 ) ;
#1257 = CARTESIAN_POINT ( 'NONE',  ( -3.640576150974057512, -2.645034080869076210, 57.70255583842167368 ) ) ;
#1258 = ADVANCED_FACE ( 'NONE', ( #352 ), #5297, .T. ) ;
#1259 = CARTESIAN_POINT ( 'NONE',  ( 4.500000000000000888, 3.032853742208792869E-15, 28.93646617773924135 ) ) ;
#1260 = CARTESIAN_POINT ( 'NONE',  ( 9.000000398245262545, -3.484561915055386176E-14, 63.23270613925279093 ) ) ;
#1261 = VERTEX_POINT ( 'NONE', #920 ) ;
#1262 = DIRECTION ( 'NONE',  ( 0.0000000000000000000, 0.0000000000000000000, 1.000000000000000000 ) ) ;
#1263 = CARTESIAN_POINT ( 'NONE',  ( -4.500000000000000000, -4.626421720976368835E-15, 50.55944493373250737 ) ) ;
#1264 = CYLINDRICAL_SURFACE ( 'NONE', #3602, 9.000000398245260769 ) ;
#1265 = DIRECTION ( 'NONE',  ( 1.000000000000000000, 0.0000000000000000000, 0.0000000000000000000 ) ) ;
#1266 = CARTESIAN_POINT ( 'NONE',  ( 5.562305207913731842, 7.655858294680428777, 29.01490092774394469 ) ) ;
#1267 = CARTESIAN_POINT ( 'NONE',  ( -9.000000398245262545, -3.129640431159949625E-14, 27.51715183278654564 ) ) ;
#1268 = CARTESIAN_POINT ( 'NONE',  ( 7.281153918988098717, -5.290066613608858326, 58.66102432135545541 ) ) ;
#1269 = CARTESIAN_POINT ( 'NONE',  ( -1.158151655058579157E-06, 9.463160436884182403, 15.41994799818582429 ) ) ;
#1270 = ORIENTED_EDGE ( 'NONE', *, *, #725, .F. ) ;
#1271 = CARTESIAN_POINT ( 'NONE',  ( -9.000000398245262545, 5.249167542000558224E-14, 48.52241531354332693 ) ) ;
#1272 = DIRECTION ( 'NONE',  ( 1.000000000000000000, 0.0000000000000000000, 0.0000000000000000000 ) ) ;
#1273 = ADVANCED_FACE ( 'NONE', ( #20 ), #2478, .F. ) ;
#1274 = AXIS2_PLACEMENT_3D ( 'NONE', #7170, #3657, #4784 ) ;
#1275 = CYLINDRICAL_SURFACE ( 'NONE', #4225, 9.000000398245260769 ) ;
#1276 = CARTESIAN_POINT ( 'NONE',  ( 0.0000000000000000000, 0.0000000000000000000, 0.0000000000000000000 ) ) ;
#1277 = CARTESIAN_POINT ( 'NONE',  ( -1.390575950908295333, -4.279754493514259295, 21.06530980791758267 ) ) ;
#1278 = DIRECTION ( 'NONE',  ( 0.0000000000000000000, 0.0000000000000000000, 1.000000000000000000 ) ) ;
#1279 = LINE ( 'NONE', #3036, #6297 ) ;
#1280 = CARTESIAN_POINT ( 'NONE',  ( 9.000000398245257216, -2.428695993397956635E-14, 28.66926648783383058 ) ) ;
#1281 = VERTEX_POINT ( 'NONE', #6094 ) ;
#1282 = AXIS2_PLACEMENT_3D ( 'NONE', #861, #2583, #5579 ) ;
#1283 = CARTESIAN_POINT ( 'NONE',  ( -2.781153417856670362, 3.827928297211935060, 6.700653378722301490 ) ) ;
#1284 = CARTESIAN_POINT ( 'NONE',  ( 9.000000398245257216, -2.428695993397956635E-14, 28.66926648783383058 ) ) ;
#1285 = VECTOR ( 'NONE', #4048, 1000.000000000000000 ) ;
#1286 = CARTESIAN_POINT ( 'NONE',  ( 9.000000398245262545, -2.602816161207244035E-14, 54.28298858877981559 ) ) ;
#1287 = AXIS2_PLACEMENT_3D ( 'NONE', #1840, #5694, #2431 ) ;
#1288 = CARTESIAN_POINT ( 'NONE',  ( 4.500000000000000888, -1.121653106653608678E-15, 5.626973386887868855 ) ) ;
#1289 = CARTESIAN_POINT ( 'NONE',  ( 9.000000398245260769, 0.0000000000000000000, 0.0000000000000000000 ) ) ;
#1290 = DIRECTION ( 'NONE',  ( 0.0000000000000000000, 0.0000000000000000000, 1.000000000000000000 ) ) ;
#1291 = VERTEX_POINT ( 'NONE', #5637 ) ;
#1292 = CARTESIAN_POINT ( 'NONE',  ( -7.281152624135206253, -5.290068395820970437, 11.88516932643514323 ) ) ;
#1293 = FACE_OUTER_BOUND ( 'NONE', #3995, .T. ) ;
#1294 = AXIS2_PLACEMENT_3D ( 'NONE', #272, #4782, #4740 ) ;
#1295 = CARTESIAN_POINT ( 'NONE',  ( -5.562305207913769145, -7.655858294680402132, 41.68816213326422115 ) ) ;
#1296 = ADVANCED_FACE ( 'NONE', ( #48 ), #5349, .T. ) ;
#1297 = LINE ( 'NONE', #7045, #3869 ) ;
#1298 = CARTESIAN_POINT ( 'NONE',  ( 1.158151518272889960E-06, -9.463160436884182403, 51.13550230465207136 ) ) ;
#1299 = CARTESIAN_POINT ( 'NONE',  ( -1.390575950908333969, -4.279754493514246860, 62.80863707952573094 ) ) ;
#1300 = AXIS2_PLACEMENT_3D ( 'NONE', #6321, #632, #4649 ) ;
#1301 =( BOUNDED_CURVE ( )  B_SPLINE_CURVE ( 2, ( #603, #1158, #1245, #1798, #6533, #1708, #2383, #2867, #4007, #5158, #71 ),
 .UNSPECIFIED., .F., .F. ) 
 B_SPLINE_CURVE_WITH_KNOTS ( ( 3, 2, 2, 2, 2, 3 ),
 ( 0.5892857135784873579, 0.5928571428571428603, 0.5964285714285714191, 0.5999999999999999778, 0.6035714285714285365, 0.6071428564356300406 ),
 .UNSPECIFIED. ) 
 CURVE ( )  GEOMETRIC_REPRESENTATION_ITEM ( )  RATIONAL_B_SPLINE_CURVE ( ( 1.000000000000000000, 0.9510565162951535312, 1.000000000000000000, 0.9510565162951535312, 1.000000000000000000, 0.9510565162951535312, 1.000000000000000000, 0.9510565162951535312, 1.000000000000000000, 0.9510565162951535312, 1.000000000000000000 ) ) 
 REPRESENTATION_ITEM ( '' )  );
#1302 = CARTESIAN_POINT ( 'NONE',  ( 5.562305207913785132, 7.655858294680390586, 26.97787130755475360 ) ) ;
#1303 = DIRECTION ( 'NONE',  ( 0.0000000000000000000, 0.0000000000000000000, 1.000000000000000000 ) ) ;
#1304 = CARTESIAN_POINT ( 'NONE',  ( 9.000000040356647801, 2.924278496961534746, 24.17601937654528754 ) ) ;
#1305 = DIRECTION ( 'NONE',  ( 0.0000000000000000000, 0.0000000000000000000, 1.000000000000000000 ) ) ;
#1306 = CARTESIAN_POINT ( 'NONE',  ( -2.781152024881105689, -8.559509365782279389, 30.54942673820137955 ) ) ;
#1307 = ORIENTED_EDGE ( 'NONE', *, *, #121, .T. ) ;
#1308 = CARTESIAN_POINT ( 'NONE',  ( 0.0000000000000000000, 0.0000000000000000000, 0.0000000000000000000 ) ) ;
#1309 = CARTESIAN_POINT ( 'NONE',  ( -9.000000398245260769, 1.102182168003596278E-15, 0.0000000000000000000 ) ) ;
#1310 = FACE_OUTER_BOUND ( 'NONE', #5446, .T. ) ;
#1311 = EDGE_CURVE ( 'NONE', #250, #762, #2983, .T. ) ;
#1312 = ORIENTED_EDGE ( 'NONE', *, *, #2482, .F. ) ;
#1313 = EDGE_CURVE ( 'NONE', #3041, #2211, #287, .T. ) ;
#1314 = CARTESIAN_POINT ( 'NONE',  ( 4.500000000000000888, -1.019337330415933579E-14, 56.58721789887441389 ) ) ;
#1315 = CARTESIAN_POINT ( 'NONE',  ( 2.781154119997068186, -8.559508685037837239, 2.861898258170271436 ) ) ;
#1316 = CARTESIAN_POINT ( 'NONE',  ( 9.000000398245257216, -1.987823111304005947E-14, 24.32800755755004474 ) ) ;
#1317 = ADVANCED_FACE ( 'NONE', ( #3035 ), #5455, .F. ) ;
#1318 = CARTESIAN_POINT ( 'NONE',  ( 9.000000040356647801, 2.924278496961539187, 1.133726275599323818 ) ) ;
#1319 = ORIENTED_EDGE ( 'NONE', *, *, #3120, .T. ) ;
#1320 = CARTESIAN_POINT ( 'NONE',  ( -3.640576798400446457, 2.645033189763099646, 36.77084587545679284 ) ) ;
#1321 = CARTESIAN_POINT ( 'NONE',  ( 9.000000756133731628, -2.924276294026213030, 10.38742027487365505 ) ) ;
#1322 = VECTOR ( 'NONE', #6497, 1000.000000000000000 ) ;
#1323 = CARTESIAN_POINT ( 'NONE',  ( -3.640576150974021985, -2.645034080869125948, 21.10208656681352934 ) ) ;
#1324 = CARTESIAN_POINT ( 'NONE',  ( 4.500000000000000888, 0.0000000000000000000, 0.0000000000000000000 ) ) ;
#1325 = DIRECTION ( 'NONE',  ( 0.0000000000000000000, 0.0000000000000000000, 1.000000000000000000 ) ) ;
#1326 = EDGE_CURVE ( 'NONE', #4051, #5701, #2902, .T. ) ;
#1327 = VECTOR ( 'NONE', #2580, 1000.000000000000000 ) ;
#1328 = EDGE_LOOP ( 'NONE', ( #6944, #5401, #4687, #554 ) ) ;
#1329 = EDGE_CURVE ( 'NONE', #6420, #2439, #5293, .T. ) ;
#1330 = ORIENTED_EDGE ( 'NONE', *, *, #4977, .F. ) ;
#1331 = CARTESIAN_POINT ( 'NONE',  ( -9.000000398245262545, -2.688767569745515197E-14, 32.39281014288113880 ) ) ;
#1332 = CARTESIAN_POINT ( 'NONE',  ( 5.790758482469887140E-07, -4.731580009072167137, 46.79424337436828552 ) ) ;
#1333 = ADVANCED_FACE ( 'NONE', ( #2830 ), #419, .F. ) ;
#1334 = CARTESIAN_POINT ( 'NONE',  ( 1.158151722310093446E-06, -9.463160436884182403, 49.09847268446287671 ) ) ;
#1335 = VERTEX_POINT ( 'NONE', #5264 ) ;
#1336 = CARTESIAN_POINT ( 'NONE',  ( 0.0000000000000000000, 0.0000000000000000000, 0.0000000000000000000 ) ) ;
#1337 = CARTESIAN_POINT ( 'NONE',  ( 4.500000000000000888, 0.0000000000000000000, 0.0000000000000000000 ) ) ;
#1338 = ORIENTED_EDGE ( 'NONE', *, *, #2699, .F. ) ;
#1339 = CARTESIAN_POINT ( 'NONE',  ( -1.390575950908299552, -4.279754493514257518, 30.28222704829597234 ) ) ;
#1340 = EDGE_LOOP ( 'NONE', ( #4526, #2846, #2069, #2095 ) ) ;
#1341 = EDGE_CURVE ( 'NONE', #5664, #4560, #5036, .T. ) ;
#1342 = CARTESIAN_POINT ( 'NONE',  ( 5.562305207913803784, 7.655858294680377263, 50.02016440850072598 ) ) ;
#1343 = CARTESIAN_POINT ( 'NONE',  ( -9.000000040356667341, -2.924278496961485008, 41.45773920225477127 ) ) ;
#1344 = AXIS2_PLACEMENT_3D ( 'NONE', #4302, #823, #1443 ) ;
#1345 = CARTESIAN_POINT ( 'NONE',  ( -4.500000178944230100, 1.462138082314254017, 18.18502317029933479 ) ) ;
#1346 = DIRECTION ( 'NONE',  ( 0.0000000000000000000, 0.0000000000000000000, 1.000000000000000000 ) ) ;
#1347 = VECTOR ( 'NONE', #2507, 1000.000000000000000 ) ;
#1348 = CARTESIAN_POINT ( 'NONE',  ( -2.781152024881114126, -8.559509365782277612, 39.76634397857976211 ) ) ;
#1349 = DIRECTION ( 'NONE',  ( 0.0000000000000000000, 0.0000000000000000000, 1.000000000000000000 ) ) ;
#1350 = CARTESIAN_POINT ( 'NONE',  ( -2.781153417856667254, 3.827928297211937281, 13.61334130900609019 ) ) ;
#1351 = DIRECTION ( 'NONE',  ( 1.000000000000000000, 0.0000000000000000000, 0.0000000000000000000 ) ) ;
#1352 = EDGE_LOOP ( 'NONE', ( #3751, #6229, #1212, #5300 ) ) ;
#1353 = CARTESIAN_POINT ( 'NONE',  ( 5.790758111503820369E-07, -4.731580009072167137, 53.70693130465208043 ) ) ;
#1354 = CARTESIAN_POINT ( 'NONE',  ( 9.150860219038850829, -2.411050125116352749, 65.70965717247635496 ) ) ;
#1355 = FACE_OUTER_BOUND ( 'NONE', #1727, .T. ) ;
#1356 = ADVANCED_FACE ( 'NONE', ( #5506 ), #540, .F. ) ;
#1357 = CARTESIAN_POINT ( 'NONE',  ( -9.000000398245260769, 1.102182168003596278E-15, 0.0000000000000000000 ) ) ;
#1358 = CARTESIAN_POINT ( 'NONE',  ( -3.640576798400430025, 2.645033189763122738, 29.85815794517299793 ) ) ;
#1359 = AXIS2_PLACEMENT_3D ( 'NONE', #1936, #1885, #2474 ) ;
#1360 = CARTESIAN_POINT ( 'NONE',  ( -9.000000398245260769, 4.016953110638495178E-14, 55.43510324382709342 ) ) ;
#1361 = CARTESIAN_POINT ( 'NONE',  ( 1.390575950908320424, 4.279754493514250413, 42.95548825381625591 ) ) ;
#1362 = CARTESIAN_POINT ( 'NONE',  ( 4.500000178944227436, -1.462138082314263343, 26.51702544553582896 ) ) ;
#1363 = ORIENTED_EDGE ( 'NONE', *, *, #1155, .T. ) ;
#1364 = CARTESIAN_POINT ( 'NONE',  ( 5.562305207913794014, 7.655858294680383480, 40.53604747821692200 ) ) ;
#1365 = CARTESIAN_POINT ( 'NONE',  ( 4.500000000000000888, -3.331652085449661159E-14, 49.40733027868520111 ) ) ;
#1366 = CARTESIAN_POINT ( 'NONE',  ( 1.158151624915388340E-06, -9.463160436884182403, 11.96360403304392506 ) ) ;
#1367 = DIRECTION ( 'NONE',  ( 1.000000000000000000, 0.0000000000000000000, 0.0000000000000000000 ) ) ;
#1368 = CARTESIAN_POINT ( 'NONE',  ( 5.790757821982841860E-07, -4.731580009072167137, 21.18052127342231472 ) ) ;
#1369 = CARTESIAN_POINT ( 'NONE',  ( 4.500000000000000000, 2.447124652394544211E-14, 42.49464234840142041 ) ) ;
#1370 = ADVANCED_FACE ( 'NONE', ( #2871 ), #5387, .T. ) ;
#1371 = ORIENTED_EDGE ( 'NONE', *, *, #6716, .F. ) ;
#1372 = CARTESIAN_POINT ( 'NONE',  ( 2.781154119997101937, -8.559508685037826581, 33.08407897930543129 ) ) ;
#1373 = CARTESIAN_POINT ( 'NONE',  ( -3.640576150974047742, -2.645034080869089532, 46.44860897785410003 ) ) ;
#1374 = LINE ( 'NONE', #6927, #1186 ) ;
#1375 = DIRECTION ( 'NONE',  ( 1.000000000000000000, 0.0000000000000000000, 0.0000000000000000000 ) ) ;
#1376 = CARTESIAN_POINT ( 'NONE',  ( 0.0000000000000000000, 0.0000000000000000000, 0.0000000000000000000 ) ) ;
#1377 = CARTESIAN_POINT ( 'NONE',  ( -7.281152624135207141, -5.290068395820968661, 13.92219894662433433 ) ) ;
#1378 = CARTESIAN_POINT ( 'NONE',  ( -2.781154119997001573, 8.559508685037860332, 43.45311087473111655 ) ) ;
#1379 = AXIS2_PLACEMENT_3D ( 'NONE', #4884, #3746, #6998 ) ;
#1380 = CARTESIAN_POINT ( 'NONE',  ( -2.781152024881101248, -8.559509365782281165, 25.94096811801218649 ) ) ;
#1381 = ORIENTED_EDGE ( 'NONE', *, *, #183, .T. ) ;
#1382 = AXIS2_PLACEMENT_3D ( 'NONE', #2230, #5106, #651 ) ;
#1383 = CARTESIAN_POINT ( 'NONE',  ( -4.500000000000000888, 5.510910596163089556E-16, 0.0000000000000000000 ) ) ;
#1384 = CARTESIAN_POINT ( 'NONE',  ( 1.158151601737330178E-06, -9.463160436884182403, 35.00589713398989034 ) ) ;
#1385 = CARTESIAN_POINT ( 'NONE',  ( 2.781152480892360668, 3.827928977956354117, 26.71067161764934283 ) ) ;
#1386 = FACE_OUTER_BOUND ( 'NONE', #2606, .T. ) ;
#1387 = CARTESIAN_POINT ( 'NONE',  ( 0.0000000000000000000, 0.0000000000000000000, 0.0000000000000000000 ) ) ;
#1388 = CARTESIAN_POINT ( 'NONE',  ( -7.281152624135258655, -5.290068395820896718, 39.53592104757030512 ) ) ;
#1389 = CARTESIAN_POINT ( 'NONE',  ( 4.500000000000000888, -1.121653106653608678E-15, 5.626973386887868855 ) ) ;
#1390 = CARTESIAN_POINT ( 'NONE',  ( -5.790757984287817083E-07, 4.731580009072167137, 22.33263592846961032 ) ) ;
#1391 = CARTESIAN_POINT ( 'NONE',  ( 9.000000398245260769, 0.0000000000000000000, 0.0000000000000000000 ) ) ;
#1392 = EDGE_CURVE ( 'NONE', #387, #210, #543, .T. ) ;
#1393 = CARTESIAN_POINT ( 'NONE',  ( 9.000000398245257216, -2.428695993397956635E-14, 28.93646617773923779 ) ) ;
#1394 = VERTEX_POINT ( 'NONE', #4214 ) ;
#1395 = CARTESIAN_POINT ( 'NONE',  ( -2.781152480892347345, -3.827928977956362555, 53.47650837364261633 ) ) ;
#1396 = CARTESIAN_POINT ( 'NONE',  ( 9.000000040356653130, 2.924278496961520979, 38.26859492701827747 ) ) ;
#1397 = EDGE_CURVE ( 'NONE', #5000, #5627, #1914, .T. ) ;
#1398 = LINE ( 'NONE', #6340, #1196 ) ;
#1399 = CARTESIAN_POINT ( 'NONE',  ( -7.281152624135219575, -5.290068395820950897, 36.96449204757030316 ) ) ;
#1400 = CARTESIAN_POINT ( 'NONE',  ( 5.562305207913751381, 7.655858294680415455, 52.32439371859531718 ) ) ;
#1401 = ORIENTED_EDGE ( 'NONE', *, *, #370, .T. ) ;
#1402 = CARTESIAN_POINT ( 'NONE',  ( -4.500000000000001776, -5.228962373017355529E-16, 2.437829111651377723 ) ) ;
#1403 = CARTESIAN_POINT ( 'NONE',  ( -4.500000000000001776, -4.185906677222342674E-14, 34.69703945297575132 ) ) ;
#1404 = VERTEX_POINT ( 'NONE', #5427 ) ;
#1405 = CARTESIAN_POINT ( 'NONE',  ( -7.281153918988098717, 5.290066613608858326, 25.24969932498380487 ) ) ;
#1406 = ORIENTED_EDGE ( 'NONE', *, *, #4967, .T. ) ;
#1407 = DIRECTION ( 'NONE',  ( 0.0000000000000000000, 0.0000000000000000000, 1.000000000000000000 ) ) ;
#1408 = EDGE_CURVE ( 'NONE', #3960, #7253, #469, .T. ) ;
#1409 = LINE ( 'NONE', #2763, #6292 ) ;
#1410 = ADVANCED_FACE ( 'NONE', ( #2885 ), #2944, .T. ) ;
#1411 = DIRECTION ( 'NONE',  ( 0.0000000000000000000, 0.0000000000000000000, 1.000000000000000000 ) ) ;
#1412 = EDGE_CURVE ( 'NONE', #7242, #1060, #444, .T. ) ;
#1413 = CARTESIAN_POINT ( 'NONE',  ( -9.000000756133703206, 2.924276294026288081, 55.05269213181288990 ) ) ;
#1414 = FACE_OUTER_BOUND ( 'NONE', #2220, .T. ) ;
#1415 = CARTESIAN_POINT ( 'NONE',  ( -9.000000040356665565, -2.924278496961493889, 32.50802165178178882 ) ) ;
#1416 = FACE_OUTER_BOUND ( 'NONE', #2623, .T. ) ;
#1417 = FACE_OUTER_BOUND ( 'NONE', #7068, .T. ) ;
#1418 = CARTESIAN_POINT ( 'NONE',  ( 7.281152624135201812, 5.290068395820975766, 38.11660670261760231 ) ) ;
#1419 = VERTEX_POINT ( 'NONE', #4938 ) ;
#1420 = CARTESIAN_POINT ( 'NONE',  ( 1.390576998466221958, -4.279754153142056872, 30.51264997930543288 ) ) ;
#1421 = EDGE_CURVE ( 'NONE', #3546, #4652, #4085, .T. ) ;
#1422 = ORIENTED_EDGE ( 'NONE', *, *, #6608, .F. ) ;
#1423 = CARTESIAN_POINT ( 'NONE',  ( 9.000000398245260769, 0.0000000000000000000, 0.0000000000000000000 ) ) ;
#1424 = ADVANCED_FACE ( 'NONE', ( #3011 ), #5562, .F. ) ;
#1425 = AXIS2_PLACEMENT_3D ( 'NONE', #5395, #1407, #884 ) ;
#1426 = EDGE_LOOP ( 'NONE', ( #7323, #4059, #4916, #7261 ) ) ;
#1427 = DIRECTION ( 'NONE',  ( 1.000000000000000000, 0.0000000000000000000, 0.0000000000000000000 ) ) ;
#1428 = EDGE_CURVE ( 'NONE', #6299, #5351, #3629, .T. ) ;
#1429 = VECTOR ( 'NONE', #2975, 1000.000000000000000 ) ;
#1430 = DIRECTION ( 'NONE',  ( 0.0000000000000000000, 0.0000000000000000000, 1.000000000000000000 ) ) ;
#1431 = LINE ( 'NONE', #6586, #1564 ) ;
#1432 = CARTESIAN_POINT ( 'NONE',  ( 3.640576150974041969, 2.645034080869097526, 35.81237739252300400 ) ) ;
#1433 = ORIENTED_EDGE ( 'NONE', *, *, #1652, .T. ) ;
#1434 =( BOUNDED_CURVE ( )  B_SPLINE_CURVE ( 2, ( #6623, #5659, #5567, #6759, #6713, #1121, #7205, #456, #3870, #406, #6115 ),
 .UNSPECIFIED., .F., .F. ) 
 B_SPLINE_CURVE_WITH_KNOTS ( ( 3, 2, 2, 2, 2, 3 ),
 ( 0.08928571357848728851, 0.09285714285714286031, 0.09642857142857143293, 0.1000000000000000056, 0.1035714285714285782, 0.1071428564356301377 ),
 .UNSPECIFIED. ) 
 CURVE ( )  GEOMETRIC_REPRESENTATION_ITEM ( )  RATIONAL_B_SPLINE_CURVE ( ( 1.000000000000000000, 0.9510565162951535312, 1.000000000000000000, 0.9510565162951535312, 1.000000000000000000, 0.9510565162951535312, 1.000000000000000000, 0.9510565162951535312, 1.000000000000000000, 0.9510565162951535312, 1.000000000000000000 ) ) 
 REPRESENTATION_ITEM ( '' )  );
#1435 = CARTESIAN_POINT ( 'NONE',  ( 1.390576998466219738, -4.279754153142056872, 35.12110859949462593 ) ) ;
#1436 = CARTESIAN_POINT ( 'NONE',  ( -4.500000000000000888, 5.510910596163089556E-16, 0.0000000000000000000 ) ) ;
#1437 = CARTESIAN_POINT ( 'NONE',  ( -1.158151569276333228E-06, 9.463160436884182403, 34.12098216884800195 ) ) ;
#1438 = ORIENTED_EDGE ( 'NONE', *, *, #6385, .T. ) ;
#1439 = CARTESIAN_POINT ( 'NONE',  ( 1.158151606372941811E-06, -9.463160436884182403, 30.66463820370610804 ) ) ;
#1440 = ORIENTED_EDGE ( 'NONE', *, *, #5734, .F. ) ;
#1441 =( BOUNDED_CURVE ( )  B_SPLINE_CURVE ( 2, ( #3058, #3164, #2059, #2460, #1361, #1919, #3719, #1964, #6516, #293, #4265 ),
 .UNSPECIFIED., .F., .F. ) 
 B_SPLINE_CURVE_WITH_KNOTS ( ( 3, 2, 2, 2, 2, 3 ),
 ( 0.6428571421499159610, 0.6464285714285714635, 0.6500000000000000222, 0.6535714285714285809, 0.6571428571428571397, 0.6607142850070587548 ),
 .UNSPECIFIED. ) 
 CURVE ( )  GEOMETRIC_REPRESENTATION_ITEM ( )  RATIONAL_B_SPLINE_CURVE ( ( 1.000000000000000000, 0.9510565162951535312, 1.000000000000000000, 0.9510565162951535312, 1.000000000000000000, 0.9510565162951535312, 1.000000000000000000, 0.9510565162951535312, 1.000000000000000000, 0.9510565162951535312, 1.000000000000000000 ) ) 
 REPRESENTATION_ITEM ( '' )  );
#1442 = CARTESIAN_POINT ( 'NONE',  ( 9.000000398245257216, -1.767384995216257524E-14, 21.75657855755004633 ) ) ;
#1443 = DIRECTION ( 'NONE',  ( 1.000000000000000000, 0.0000000000000000000, 0.0000000000000000000 ) ) ;
#1444 = VECTOR ( 'NONE', #7208, 1000.000000000000000 ) ;
#1445 = DIRECTION ( 'NONE',  ( 0.0000000000000000000, 0.0000000000000000000, 1.000000000000000000 ) ) ;
#1446 = FACE_OUTER_BOUND ( 'NONE', #1151, .T. ) ;
#1447 = DIRECTION ( 'NONE',  ( 0.0000000000000000000, 0.0000000000000000000, 1.000000000000000000 ) ) ;
#1448 = DIRECTION ( 'NONE',  ( 1.000000000000000000, 0.0000000000000000000, 0.0000000000000000000 ) ) ;
#1449 = CARTESIAN_POINT ( 'NONE',  ( 4.499999821055716609, 1.462139183781841600, 56.70242940777504970 ) ) ;
#1450 = CARTESIAN_POINT ( 'NONE',  ( -5.790758041911073556E-07, 4.731580009072167137, 34.12098216884800195 ) ) ;
#1451 = DIRECTION ( 'NONE',  ( 0.0000000000000000000, 0.0000000000000000000, 1.000000000000000000 ) ) ;
#1452 =( BOUNDED_CURVE ( )  B_SPLINE_CURVE ( 2, ( #398, #3314, #3864, #7135, #5050, #974, #6567, #2810, #3223, #5652, #1507 ),
 .UNSPECIFIED., .F., .F. ) 
 B_SPLINE_CURVE_WITH_KNOTS ( ( 3, 2, 2, 2, 2, 3 ),
 ( 0.5689655165585394414, 0.5724137931034483096, 0.5758620689655172820, 0.5793103448275862544, 0.5827586206896552268, 0.5862068958688841924 ),
 .UNSPECIFIED. ) 
 CURVE ( )  GEOMETRIC_REPRESENTATION_ITEM ( )  RATIONAL_B_SPLINE_CURVE ( ( 1.000000000000000000, 0.9510565162951535312, 1.000000000000000000, 0.9510565162951535312, 1.000000000000000000, 0.9510565162951535312, 1.000000000000000000, 0.9510565162951535312, 1.000000000000000000, 0.9510565162951535312, 1.000000000000000000 ) ) 
 REPRESENTATION_ITEM ( '' )  );
#1453 =( BOUNDED_CURVE ( )  B_SPLINE_CURVE ( 2, ( #6365, #4534, #6831, #3110, #3274, #2560, #1967, #6106, #3807, #243, #3768 ),
 .UNSPECIFIED., .F., .F. ) 
 B_SPLINE_CURVE_WITH_KNOTS ( ( 3, 2, 2, 2, 2, 3 ),
 ( 0.1249999992927730008, 0.1285714285714285587, 0.1321428571428571452, 0.1357142857142857040, 0.1392857142857142905, 0.1428571421499158500 ),
 .UNSPECIFIED. ) 
 CURVE ( )  GEOMETRIC_REPRESENTATION_ITEM ( )  RATIONAL_B_SPLINE_CURVE ( ( 1.000000000000000000, 0.9510565162951535312, 1.000000000000000000, 0.9510565162951535312, 1.000000000000000000, 0.9510565162951535312, 1.000000000000000000, 0.9510565162951535312, 1.000000000000000000, 0.9510565162951535312, 1.000000000000000000 ) ) 
 REPRESENTATION_ITEM ( '' )  );
#1454 = VERTEX_POINT ( 'NONE', #474 ) ;
#1455 = CARTESIAN_POINT ( 'NONE',  ( 2.781153417856668142, -3.827928297211936393, 5.281339033769596902 ) ) ;
#1456 = CARTESIAN_POINT ( 'NONE',  ( -9.000000398245257216, 5.549846935349869874E-15, 9.350517041935168194 ) ) ;
#1457 = VECTOR ( 'NONE', #1886, 1000.000000000000000 ) ;
#1458 = AXIS2_PLACEMENT_3D ( 'NONE', #3270, #1019, #3462 ) ;
#1459 = CARTESIAN_POINT ( 'NONE',  ( 1.390576998466220626, -4.279754153142055983, 56.12637208025140012 ) ) ;
#1460 = FACE_OUTER_BOUND ( 'NONE', #3140, .T. ) ;
#1461 = DIRECTION ( 'NONE',  ( 1.000000000000000000, 0.0000000000000000000, 0.0000000000000000000 ) ) ;
#1462 = AXIS2_PLACEMENT_3D ( 'NONE', #1112, #1648, #4960 ) ;
#1463 = ORIENTED_EDGE ( 'NONE', *, *, #4739, .F. ) ;
#1464 = CARTESIAN_POINT ( 'NONE',  ( 2.781154119996984697, -8.559508685037865661, 28.20842066921083457 ) ) ;
#1465 = ORIENTED_EDGE ( 'NONE', *, *, #1083, .T. ) ;
#1466 = CARTESIAN_POINT ( 'NONE',  ( 4.499999999999968026, 5.507338258194797734E-07, 1.018514810094594880 ) ) ;
#1467 = VECTOR ( 'NONE', #5331, 1000.000000000000000 ) ;
#1468 = CARTESIAN_POINT ( 'NONE',  ( 4.500000000000000888, 5.734905336541041001E-17, 15.11109031717165863 ) ) ;
#1469 = EDGE_CURVE ( 'NONE', #3338, #6150, #561, .T. ) ;
#1470 = CARTESIAN_POINT ( 'NONE',  ( -1.390575950908276237, -4.279754493514265512, 46.41183221895815336 ) ) ;
#1471 = CARTESIAN_POINT ( 'NONE',  ( 0.0000000000000000000, 0.0000000000000000000, 0.0000000000000000000 ) ) ;
#1472 = AXIS2_PLACEMENT_3D ( 'NONE', #4394, #6551, #4440 ) ;
#1473 = DIRECTION ( 'NONE',  ( 1.000000000000000000, 0.0000000000000000000, 0.0000000000000000000 ) ) ;
#1474 = ORIENTED_EDGE ( 'NONE', *, *, #2338, .F. ) ;
#1475 = CARTESIAN_POINT ( 'NONE',  ( 1.158151722310093446E-06, -9.463160436884182403, 48.83127299455746595 ) ) ;
#1476 = VERTEX_POINT ( 'NONE', #3201 ) ;
#1477 = CARTESIAN_POINT ( 'NONE',  ( 0.0000000000000000000, 0.0000000000000000000, 0.0000000000000000000 ) ) ;
#1478 = LINE ( 'NONE', #2379, #1429 ) ;
#1479 = CYLINDRICAL_SURFACE ( 'NONE', #3078, 9.000000398245260769 ) ;
#1480 = VERTEX_POINT ( 'NONE', #2146 ) ;
#1481 = DIRECTION ( 'NONE',  ( 0.0000000000000000000, 0.0000000000000000000, 1.000000000000000000 ) ) ;
#1482 = EDGE_CURVE ( 'NONE', #1394, #639, #4803, .T. ) ;
#1483 = CARTESIAN_POINT ( 'NONE',  ( 1.390575950908299552, 4.279754493514257518, 63.69355204466763354 ) ) ;
#1484 = EDGE_LOOP ( 'NONE', ( #2609, #38, #4625, #5372 ) ) ;
#1485 = CARTESIAN_POINT ( 'NONE',  ( 0.0000000000000000000, 0.0000000000000000000, 0.0000000000000000000 ) ) ;
#1486 = CARTESIAN_POINT ( 'NONE',  ( 3.640576150974024650, 2.645034080869122395, 5.857396361293248255 ) ) ;
#1487 = CARTESIAN_POINT ( 'NONE',  ( -7.281153918988105822, 5.290066613608850332, 13.46135308460541502 ) ) ;
#1488 = ORIENTED_EDGE ( 'NONE', *, *, #3141, .F. ) ;
#1489 = ADVANCED_FACE ( 'NONE', ( #5311 ), #5443, .F. ) ;
#1490 = EDGE_CURVE ( 'NONE', #5433, #1844, #519, .T. ) ;
#1491 = CYLINDRICAL_SURFACE ( 'NONE', #7369, 4.500000000000000888 ) ;
#1492 = CARTESIAN_POINT ( 'NONE',  ( 0.0000000000000000000, 0.0000000000000000000, 64.99985808877012516 ) ) ;
#1493 = CARTESIAN_POINT ( 'NONE',  ( 7.568440971654810667, -4.870185666583116024, 65.59444570697162646 ) ) ;
#1494 = CARTESIAN_POINT ( 'NONE',  ( 9.000000756133744062, -2.924276294026164180, 26.24982575563042886 ) ) ;
#1495 = CARTESIAN_POINT ( 'NONE',  ( -4.500000000000000888, -3.038400712106519039E-15, 62.34779117411088833 ) ) ;
#1496 = VECTOR ( 'NONE', #5473, 1000.000000000000000 ) ;
#1497 = VERTEX_POINT ( 'NONE', #2899 ) ;
#1498 = CARTESIAN_POINT ( 'NONE',  ( 4.499999821055700622, 1.462139183781890006, 22.13898975635610000 ) ) ;
#1499 = CARTESIAN_POINT ( 'NONE',  ( -9.000000398245262545, -6.217974015648454797E-14, 62.34779117411090255 ) ) ;
#1500 = ORIENTED_EDGE ( 'NONE', *, *, #6498, .F. ) ;
#1501 = EDGE_CURVE ( 'NONE', #4599, #1531, #3050, .T. ) ;
#1502 = CARTESIAN_POINT ( 'NONE',  ( 4.499999821055726379, 1.462139183781806295, 63.61511733805881619 ) ) ;
#1503 = CARTESIAN_POINT ( 'NONE',  ( 4.500000000000000000, -1.301408044414469429E-14, 54.01578889887440482 ) ) ;
#1504 = CARTESIAN_POINT ( 'NONE',  ( -9.000000398245260769, 1.102182168003596278E-15, 0.0000000000000000000 ) ) ;
#1505 = DIRECTION ( 'NONE',  ( 0.0000000000000000000, 0.0000000000000000000, 1.000000000000000000 ) ) ;
#1506 = EDGE_CURVE ( 'NONE', #2211, #6445, #6005, .T. ) ;
#1507 = CARTESIAN_POINT ( 'NONE',  ( 4.500000000000000888, -1.375892294427552573E-15, 38.15338341811762035 ) ) ;
#1508 = FACE_OUTER_BOUND ( 'NONE', #117, .T. ) ;
#1509 = CARTESIAN_POINT ( 'NONE',  ( 4.500000178944212337, -1.462138082314309306, 56.47200647676558560 ) ) ;
#1510 = CYLINDRICAL_SURFACE ( 'NONE', #6854, 9.000000398245260769 ) ;
#1511 = ORIENTED_EDGE ( 'NONE', *, *, #4589, .T. ) ;
#1512 = VERTEX_POINT ( 'NONE', #6875 ) ;
#1513 = CARTESIAN_POINT ( 'NONE',  ( -5.790758296986852695E-07, 4.731580009072167137, 50.25058733951018297 ) ) ;
#1514 = VECTOR ( 'NONE', #1668, 1000.000000000000000 ) ;
#1515 = CARTESIAN_POINT ( 'NONE',  ( 9.000000398245257216, -1.546950270569086518E-14, 19.71954893736085523 ) ) ;
#1516 = CARTESIAN_POINT ( 'NONE',  ( -5.562305207913825988, -7.655858294680359499, 43.99239144335881235 ) ) ;
#1517 = ORIENTED_EDGE ( 'NONE', *, *, #760, .F. ) ;
#1518 = CARTESIAN_POINT ( 'NONE',  ( -4.500000000000000888, 5.510910596163089556E-16, 0.0000000000000000000 ) ) ;
#1519 =( BOUNDED_CURVE ( )  B_SPLINE_CURVE ( 2, ( #4939, #2149, #7227, #1047, #426, #1437, #1092, #3347, #1632, #4391, #3890 ),
 .UNSPECIFIED., .F., .F. ) 
 B_SPLINE_CURVE_WITH_KNOTS ( ( 3, 2, 2, 2, 2, 3 ),
 ( 0.4999999992927730008, 0.5035714285714285587, 0.5071428571428571175, 0.5107142857142856762, 0.5142857142857142350, 0.5178571421499158500 ),
 .UNSPECIFIED. ) 
 CURVE ( )  GEOMETRIC_REPRESENTATION_ITEM ( )  RATIONAL_B_SPLINE_CURVE ( ( 1.000000000000000000, 0.9510565162951535312, 1.000000000000000000, 0.9510565162951535312, 1.000000000000000000, 0.9510565162951535312, 1.000000000000000000, 0.9510565162951535312, 1.000000000000000000, 0.9510565162951535312, 1.000000000000000000 ) ) 
 REPRESENTATION_ITEM ( '' )  );
#1520 = EDGE_CURVE ( 'NONE', #1021, #5701, #3854, .T. ) ;
#1521 = CARTESIAN_POINT ( 'NONE',  ( -2.781154119996984697, 8.559508685037865661, 61.61974566558248512 ) ) ;
#1522 = ORIENTED_EDGE ( 'NONE', *, *, #4913, .F. ) ;
#1523 = VECTOR ( 'NONE', #1537, 1000.000000000000000 ) ;
#1524 = DIRECTION ( 'NONE',  ( -0.0000000000000000000, 0.0000000000000000000, 1.000000000000000000 ) ) ;
#1525 =( BOUNDED_CURVE ( )  B_SPLINE_CURVE ( 2, ( #6975, #732, #3582, #5287, #5876, #7368, #6415, #5775, #6320, #3449, #6273 ),
 .UNSPECIFIED., .F., .F. ) 
 B_SPLINE_CURVE_WITH_KNOTS ( ( 3, 2, 2, 2, 2, 3 ),
 ( 0.8793103441447464030, 0.8827586206896551602, 0.8862068965517241326, 0.8896551724137931050, 0.8931034482758620774, 0.8965517234550911541 ),
 .UNSPECIFIED. ) 
 CURVE ( )  GEOMETRIC_REPRESENTATION_ITEM ( )  RATIONAL_B_SPLINE_CURVE ( ( 1.000000000000000000, 0.9510565162951535312, 1.000000000000000000, 0.9510565162951535312, 1.000000000000000000, 0.9510565162951535312, 1.000000000000000000, 0.9510565162951535312, 1.000000000000000000, 0.9510565162951535312, 1.000000000000000000 ) ) 
 REPRESENTATION_ITEM ( '' )  );
#1526 = FACE_OUTER_BOUND ( 'NONE', #3933, .T. ) ;
#1527 = CARTESIAN_POINT ( 'NONE',  ( 7.281153918988135132, -5.290066613608808588, 60.69805394154465006 ) ) ;
#1528 = VECTOR ( 'NONE', #2134, 1000.000000000000000 ) ;
#1529 = CARTESIAN_POINT ( 'NONE',  ( 9.000000398245262545, 4.894249501244487058E-14, 42.49464234840142041 ) ) ;
#1530 = CARTESIAN_POINT ( 'NONE',  ( -1.158151634198326706E-06, 9.463160436884182403, 36.42521147894260025 ) ) ;
#1531 = VERTEX_POINT ( 'NONE', #3492 ) ;
#1532 = CARTESIAN_POINT ( 'NONE',  ( 0.0000000000000000000, 0.0000000000000000000, 0.0000000000000000000 ) ) ;
#1533 = AXIS2_PLACEMENT_3D ( 'NONE', #5974, #305, #895 ) ;
#1534 = CARTESIAN_POINT ( 'NONE',  ( 0.0000000000000000000, 0.0000000000000000000, 0.0000000000000000000 ) ) ;
#1535 = DIRECTION ( 'NONE',  ( 0.0000000000000000000, 0.0000000000000000000, 1.000000000000000000 ) ) ;
#1536 = ORIENTED_EDGE ( 'NONE', *, *, #6588, .F. ) ;
#1537 = DIRECTION ( 'NONE',  ( 0.0000000000000000000, 0.0000000000000000000, 1.000000000000000000 ) ) ;
#1538 = FACE_OUTER_BOUND ( 'NONE', #1667, .T. ) ;
#1539 = DIRECTION ( 'NONE',  ( 0.0000000000000000000, 0.0000000000000000000, 1.000000000000000000 ) ) ;
#1540 = CARTESIAN_POINT ( 'NONE',  ( -1.630186955989405773, 4.194340292408567983, 64.21190812091485611 ) ) ;
#1541 = CARTESIAN_POINT ( 'NONE',  ( 4.499999821055705063, 1.462139183781872687, 59.00665871786964800 ) ) ;
#1542 = CYLINDRICAL_SURFACE ( 'NONE', #1287, 4.500000000000000888 ) ;
#1543 = CARTESIAN_POINT ( 'NONE',  ( 5.790757925962211479E-07, -4.731580009072167137, 23.75195027342231668 ) ) ;
#1544 = VECTOR ( 'NONE', #1862, 1000.000000000000000 ) ;
#1545 = VERTEX_POINT ( 'NONE', #3007 ) ;
#1546 = CARTESIAN_POINT ( 'NONE',  ( 9.000000398245258992, 8.513856656889261750E-14, 51.97875927868521728 ) ) ;
#1547 = CARTESIAN_POINT ( 'NONE',  ( -9.000000756133681890, 2.924276294026358247, 62.23257975200208847 ) ) ;
#1548 = VERTEX_POINT ( 'NONE', #4137 ) ;
#1549 = CARTESIAN_POINT ( 'NONE',  ( 9.000000398245260769, 0.0000000000000000000, -1.336382355046097823E-48 ) ) ;
#1550 = AXIS2_PLACEMENT_3D ( 'NONE', #2084, #1524, #3831 ) ;
#1551 = ORIENTED_EDGE ( 'NONE', *, *, #6298, .T. ) ;
#1552 = FACE_OUTER_BOUND ( 'NONE', #2715, .T. ) ;
#1553 = AXIS2_PLACEMENT_3D ( 'NONE', #730, #4030, #3935 ) ;
#1554 = DIRECTION ( 'NONE',  ( 0.0000000000000000000, 0.0000000000000000000, 1.000000000000000000 ) ) ;
#1555 = LINE ( 'NONE', #4071, #3962 ) ;
#1556 = ORIENTED_EDGE ( 'NONE', *, *, #5093, .F. ) ;
#1557 = DIRECTION ( 'NONE',  ( 1.000000000000000000, 0.0000000000000000000, 0.0000000000000000000 ) ) ;
#1558 = EDGE_LOOP ( 'NONE', ( #6703, #3418, #6059, #680 ) ) ;
#1559 = CARTESIAN_POINT ( 'NONE',  ( 4.500000178944224771, -1.462138082314272003, 44.95085992629260829 ) ) ;
#1560 = ORIENTED_EDGE ( 'NONE', *, *, #165, .F. ) ;
#1561 = EDGE_CURVE ( 'NONE', #1844, #626, #3159, .T. ) ;
#1562 = CARTESIAN_POINT ( 'NONE',  ( 1.390575950908269132, 4.279754493514268177, 20.18039484277569429 ) ) ;
#1563 = VECTOR ( 'NONE', #6339, 1000.000000000000000 ) ;
#1564 = VECTOR ( 'NONE', #992, 1000.000000000000000 ) ;
#1565 = ORIENTED_EDGE ( 'NONE', *, *, #2088, .F. ) ;
#1566 = CARTESIAN_POINT ( 'NONE',  ( 5.562305207913788685, 7.655858294680387921, 31.31913023783853589 ) ) ;
#1567 = CARTESIAN_POINT ( 'NONE',  ( 2.781152024881065721, 8.559509365782293600, 20.18039484277569429 ) ) ;
#1568 = CARTESIAN_POINT ( 'NONE',  ( -5.790758169390388680E-07, 4.731580009072167137, 8.774459757807436588 ) ) ;
#1569 = ORIENTED_EDGE ( 'NONE', *, *, #4110, .F. ) ;
#1570 =( BOUNDED_CURVE ( )  B_SPLINE_CURVE ( 2, ( #4316, #6474, #5561, #4762, #1970, #446, #4190, #399, #6112, #3679, #4233 ),
 .UNSPECIFIED., .F., .F. ) 
 B_SPLINE_CURVE_WITH_KNOTS ( ( 3, 2, 2, 2, 2, 3 ),
 ( 0.3214285707213444532, 0.3250000000000000111, 0.3285714285714285698, 0.3321428571428571286, 0.3357142857142856873, 0.3392857135784873579 ),
 .UNSPECIFIED. ) 
 CURVE ( )  GEOMETRIC_REPRESENTATION_ITEM ( )  RATIONAL_B_SPLINE_CURVE ( ( 1.000000000000000000, 0.9510565162951535312, 1.000000000000000000, 0.9510565162951535312, 1.000000000000000000, 0.9510565162951535312, 1.000000000000000000, 0.9510565162951535312, 1.000000000000000000, 0.9510565162951535312, 1.000000000000000000 ) ) 
 REPRESENTATION_ITEM ( '' )  );
#1571 = CARTESIAN_POINT ( 'NONE',  ( 7.281152624135202700, 5.290068395820973990, 5.857396361293248255 ) ) ;
#1572 = CARTESIAN_POINT ( 'NONE',  ( 9.000000398245260769, 0.0000000000000000000, 0.0000000000000000000 ) ) ;
#1573 = CYLINDRICAL_SURFACE ( 'NONE', #5041, 4.500000000000000888 ) ;
#1574 = EDGE_CURVE ( 'NONE', #2186, #288, #4810, .T. ) ;
#1575 = CARTESIAN_POINT ( 'NONE',  ( 9.000000398245258992, 8.513856656889261750E-14, 51.97875927868521728 ) ) ;
#1576 = FACE_OUTER_BOUND ( 'NONE', #6629, .T. ) ;
#1577 = CARTESIAN_POINT ( 'NONE',  ( 1.269547627968661274, 4.319078963063546439, 63.70357943269898726 ) ) ;
#1578 = EDGE_CURVE ( 'NONE', #7245, #3307, #5044, .T. ) ;
#1579 = ORIENTED_EDGE ( 'NONE', *, *, #5799, .T. ) ;
#1580 = CARTESIAN_POINT ( 'NONE',  ( -7.281153918988040985, 5.290066613608937374, 59.81313897640276167 ) ) ;
#1581 = CARTESIAN_POINT ( 'NONE',  ( 4.499999821055703286, 1.462139183781880236, 3.437955585693920568 ) ) ;
#1582 = CARTESIAN_POINT ( 'NONE',  ( -1.390575950908274239, -4.279754493514265512, 41.80337359876895675 ) ) ;
#1583 = ORIENTED_EDGE ( 'NONE', *, *, #1664, .F. ) ;
#1584 = CARTESIAN_POINT ( 'NONE',  ( 0.0000000000000000000, 0.0000000000000000000, 65.00000000000000000 ) ) ;
#1585 = FACE_OUTER_BOUND ( 'NONE', #3460, .T. ) ;
#1586 = CARTESIAN_POINT ( 'NONE',  ( 9.000000756133736957, -2.924276294026181944, 44.95085992629260829 ) ) ;
#1587 = CARTESIAN_POINT ( 'NONE',  ( 4.500000000000000888, -6.632568837417819061E-15, 17.14811993736085327 ) ) ;
#1588 = DIRECTION ( 'NONE',  ( -0.0000000000000000000, -0.0000000000000000000, -1.000000000000000000 ) ) ;
#1589 = CYLINDRICAL_SURFACE ( 'NONE', #1697, 9.000000398245260769 ) ;
#1590 = CARTESIAN_POINT ( 'NONE',  ( -4.500000000000000888, 5.510910596163089556E-16, 0.0000000000000000000 ) ) ;
#1591 = ORIENTED_EDGE ( 'NONE', *, *, #981, .F. ) ;
#1592 = CARTESIAN_POINT ( 'NONE',  ( -5.562307081842450707, 7.655856933191518721, 29.74294647966826943 ) ) ;
#1593 = EDGE_CURVE ( 'NONE', #5598, #6874, #6463, .T. ) ;
#1594 = ORIENTED_EDGE ( 'NONE', *, *, #3435, .F. ) ;
#1595 = CARTESIAN_POINT ( 'NONE',  ( 4.499999821055711280, 1.462139183781857366, 24.44321906645069831 ) ) ;
#1596 = DIRECTION ( 'NONE',  ( 1.000000000000000000, 0.0000000000000000000, 0.0000000000000000000 ) ) ;
#1597 = LINE ( 'NONE', #802, #6409 ) ;
#1598 = CARTESIAN_POINT ( 'NONE',  ( -3.640576798400478875, 2.645033189763054793, 55.20468035621356506 ) ) ;
#1599 = VECTOR ( 'NONE', #4946, 1000.000000000000000 ) ;
#1600 = VERTEX_POINT ( 'NONE', #563 ) ;
#1601 = CARTESIAN_POINT ( 'NONE',  ( 7.281152624135205365, 5.290068395820971325, 10.73305467138784586 ) ) ;
#1602 = ORIENTED_EDGE ( 'NONE', *, *, #6858, .T. ) ;
#1603 = DIRECTION ( 'NONE',  ( 0.0000000000000000000, 0.0000000000000000000, 1.000000000000000000 ) ) ;
#1604 = ORIENTED_EDGE ( 'NONE', *, *, #4256, .T. ) ;
#1605 = ADVANCED_FACE ( 'NONE', ( #407 ), #5321, .F. ) ;
#1606 = ORIENTED_EDGE ( 'NONE', *, *, #4789, .T. ) ;
#1607 = DIRECTION ( 'NONE',  ( 0.0000000000000000000, 0.0000000000000000000, 1.000000000000000000 ) ) ;
#1608 = CYLINDRICAL_SURFACE ( 'NONE', #4464, 9.000000398245260769 ) ;
#1609 = VECTOR ( 'NONE', #575, 1000.000000000000000 ) ;
#1610 = AXIS2_PLACEMENT_3D ( 'NONE', #662, #5809, #3918 ) ;
#1611 = ORIENTED_EDGE ( 'NONE', *, *, #6498, .T. ) ;
#1612 = CARTESIAN_POINT ( 'NONE',  ( 2.781154119997057972, -8.559508685037840792, 14.65024449854865907 ) ) ;
#1613 = DIRECTION ( 'NONE',  ( 0.0000000000000000000, 0.0000000000000000000, 1.000000000000000000 ) ) ;
#1614 = CARTESIAN_POINT ( 'NONE',  ( 4.499999821055703286, 1.462139183781879570, 21.87179006645069279 ) ) ;
#1615 = CARTESIAN_POINT ( 'NONE',  ( -2.781154119997005569, 8.559508685037858555, 38.57745256463651629 ) ) ;
#1616 = ORIENTED_EDGE ( 'NONE', *, *, #13, .F. ) ;
#1617 = CARTESIAN_POINT ( 'NONE',  ( 4.500000178944222995, -1.462138082314274889, 28.55405506572502006 ) ) ;
#1618 = DIRECTION ( 'NONE',  ( 0.0000000000000000000, 0.0000000000000000000, 1.000000000000000000 ) ) ;
#1619 = ORIENTED_EDGE ( 'NONE', *, *, #5067, .T. ) ;
#1620 = CARTESIAN_POINT ( 'NONE',  ( 9.000000398245260769, 0.0000000000000000000, 0.0000000000000000000 ) ) ;
#1621 = VECTOR ( 'NONE', #276, 1000.000000000000000 ) ;
#1622 = CYLINDRICAL_SURFACE ( 'NONE', #2611, 4.500000000000000888 ) ;
#1623 = AXIS2_PLACEMENT_3D ( 'NONE', #2917, #111, #692 ) ;
#1624 = CARTESIAN_POINT ( 'NONE',  ( 3.640576798400455338, -2.645033189763087211, 5.663750189179732608 ) ) ;
#1625 = FACE_OUTER_BOUND ( 'NONE', #5748, .T. ) ;
#1626 = ORIENTED_EDGE ( 'NONE', *, *, #6311, .F. ) ;
#1627 = DIRECTION ( 'NONE',  ( 1.000000000000000000, 0.0000000000000000000, 0.0000000000000000000 ) ) ;
#1628 = CARTESIAN_POINT ( 'NONE',  ( 2.781152024881076379, 8.559509365782290047, 31.70154139324867515 ) ) ;
#1629 = ORIENTED_EDGE ( 'NONE', *, *, #1578, .T. ) ;
#1630 = CARTESIAN_POINT ( 'NONE',  ( -9.000000398245262545, -7.099719759156837703E-14, 52.86367424382710567 ) ) ;
#1631 = CARTESIAN_POINT ( 'NONE',  ( -9.000000398245257216, 5.549846935349869874E-15, 9.350517041935168194 ) ) ;
#1632 = CARTESIAN_POINT ( 'NONE',  ( -7.281153918988093388, 5.290066613608866319, 34.46661656536219454 ) ) ;
#1633 = DIRECTION ( 'NONE',  ( 0.0000000000000000000, 0.0000000000000000000, 1.000000000000000000 ) ) ;
#1634 = ORIENTED_EDGE ( 'NONE', *, *, #5514, .T. ) ;
#1635 = CARTESIAN_POINT ( 'NONE',  ( 3.640576150974015324, 2.645034080869134829, 31.47111846223921816 ) ) ;
#1636 = CARTESIAN_POINT ( 'NONE',  ( 4.500000000000000888, 1.693226426896167087E-14, 26.63223686764464659 ) ) ;
#1637 = VECTOR ( 'NONE', #6194, 1000.000000000000000 ) ;
#1638 = DIRECTION ( 'NONE',  ( 0.0000000000000000000, 0.0000000000000000000, 1.000000000000000000 ) ) ;
#1639 = CARTESIAN_POINT ( 'NONE',  ( -9.000000398245260769, 1.102182168003596278E-15, 0.0000000000000000000 ) ) ;
#1640 = ORIENTED_EDGE ( 'NONE', *, *, #1490, .F. ) ;
#1641 = AXIS2_PLACEMENT_3D ( 'NONE', #3588, #2420, #6325 ) ;
#1642 = DIRECTION ( 'NONE',  ( 1.000000000000000000, 0.0000000000000000000, 0.0000000000000000000 ) ) ;
#1643 = EDGE_LOOP ( 'NONE', ( #6804, #2874, #2644, #3886 ) ) ;
#1644 = DIRECTION ( 'NONE',  ( 0.0000000000000000000, 0.0000000000000000000, 1.000000000000000000 ) ) ;
#1645 = ORIENTED_EDGE ( 'NONE', *, *, #4267, .T. ) ;
#1646 = CARTESIAN_POINT ( 'NONE',  ( 7.281153918988062301, -5.290066613608908064, 56.08959532135545345 ) ) ;
#1647 = LINE ( 'NONE', #2864, #3986 ) ;
#1648 = DIRECTION ( 'NONE',  ( 0.0000000000000000000, 0.0000000000000000000, 1.000000000000000000 ) ) ;
#1649 = CARTESIAN_POINT ( 'NONE',  ( 9.000000398245262545, 4.242103829863659045E-16, 26.63223686764464659 ) ) ;
#1650 = EDGE_LOOP ( 'NONE', ( #205, #4680, #4770, #1953 ) ) ;
#1651 = CARTESIAN_POINT ( 'NONE',  ( 5.562305207913770921, 7.655858294680401244, 10.84826613689257258 ) ) ;
#1652 = EDGE_CURVE ( 'NONE', #2811, #4201, #2157, .T. ) ;
#1653 = ORIENTED_EDGE ( 'NONE', *, *, #5527, .T. ) ;
#1654 = ADVANCED_FACE ( 'NONE', ( #2579 ), #5083, .F. ) ;
#1655 = DIRECTION ( 'NONE',  ( 1.000000000000000000, 0.0000000000000000000, 0.0000000000000000000 ) ) ;
#1656 = AXIS2_PLACEMENT_3D ( 'NONE', #1584, #3894, #4438 ) ;
#1657 = CYLINDRICAL_SURFACE ( 'NONE', #6968, 4.500000000000000888 ) ;
#1658 = CARTESIAN_POINT ( 'NONE',  ( -2.781154119997065521, 8.559508685037839015, 6.585441913217572107 ) ) ;
#1659 = ORIENTED_EDGE ( 'NONE', *, *, #7187, .F. ) ;
#1660 = DIRECTION ( 'NONE',  ( 0.0000000000000000000, 0.0000000000000000000, 1.000000000000000000 ) ) ;
#1661 = CARTESIAN_POINT ( 'NONE',  ( 1.390575950908268021, 4.279754493514269065, 17.87616553268109598 ) ) ;
#1662 = CARTESIAN_POINT ( 'NONE',  ( -2.781153417856648602, 3.827928297211951936, 38.69266403014123767 ) ) ;
#1663 = ORIENTED_EDGE ( 'NONE', *, *, #5872, .F. ) ;
#1664 = EDGE_CURVE ( 'NONE', #3570, #3338, #289, .T. ) ;
#1665 = CARTESIAN_POINT ( 'NONE',  ( 2.781152024881223372, 8.559509365782242085, 59.08509342447842982 ) ) ;
#1666 = CARTESIAN_POINT ( 'NONE',  ( 0.0000000000000000000, 0.0000000000000000000, 0.0000000000000000000 ) ) ;
#1667 = EDGE_LOOP ( 'NONE', ( #90, #400, #2638, #2045 ) ) ;
#1668 = DIRECTION ( 'NONE',  ( 0.0000000000000000000, 0.0000000000000000000, 1.000000000000000000 ) ) ;
#1669 = ADVANCED_FACE ( 'NONE', ( #2812 ), #2762, .T. ) ;
#1670 = CYLINDRICAL_SURFACE ( 'NONE', #4492, 4.500000000000000888 ) ;
#1671 = EDGE_CURVE ( 'NONE', #4061, #233, #2640, .T. ) ;
#1672 = CARTESIAN_POINT ( 'NONE',  ( 0.0000000000000000000, 0.0000000000000000000, 0.0000000000000000000 ) ) ;
#1673 = LINE ( 'NONE', #1337, #1457 ) ;
#1674 =( BOUNDED_CURVE ( )  B_SPLINE_CURVE ( 2, ( #6142, #2647, #6652, #6000, #7236, #433, #1015, #3306, #6510, #3851, #6556 ),
 .UNSPECIFIED., .F., .F. ) 
 B_SPLINE_CURVE_WITH_KNOTS ( ( 3, 2, 2, 2, 2, 3 ),
 ( 0.1785714278642015762, 0.1821428571428571341, 0.1857142857142857206, 0.1892857142857142794, 0.1928571428571428659, 0.1964285707213444532 ),
 .UNSPECIFIED. ) 
 CURVE ( )  GEOMETRIC_REPRESENTATION_ITEM ( )  RATIONAL_B_SPLINE_CURVE ( ( 1.000000000000000000, 0.9510565162951535312, 1.000000000000000000, 0.9510565162951535312, 1.000000000000000000, 0.9510565162951535312, 1.000000000000000000, 0.9510565162951535312, 1.000000000000000000, 0.9510565162951535312, 1.000000000000000000 ) ) 
 REPRESENTATION_ITEM ( '' )  );
#1675 = CARTESIAN_POINT ( 'NONE',  ( -5.562305207913761151, -7.655858294680408349, 32.47124489288583504 ) ) ;
#1676 =( BOUNDED_CURVE ( )  B_SPLINE_CURVE ( 2, ( #1879, #4146, #1828 ),
 .UNSPECIFIED., .F., .F. ) 
 B_SPLINE_CURVE_WITH_KNOTS ( ( 3, 3 ),
 ( 0.4421500870570550523, 0.4422102778798379652 ),
 .UNSPECIFIED. ) 
 CURVE ( )  GEOMETRIC_REPRESENTATION_ITEM ( )  RATIONAL_B_SPLINE_CURVE ( ( 0.9761314487334220580, 0.9761268236454853087, 0.9761222340213620008 ) ) 
 REPRESENTATION_ITEM ( '' )  );
#1677 = VERTEX_POINT ( 'NONE', #1168 ) ;
#1678 = CARTESIAN_POINT ( 'NONE',  ( -9.000000756133738733, 2.924276294026180167, 8.968105929920952235 ) ) ;
#1679 = CARTESIAN_POINT ( 'NONE',  ( 0.0000000000000000000, 0.0000000000000000000, 0.0000000000000000000 ) ) ;
#1680 = ORIENTED_EDGE ( 'NONE', *, *, #5479, .T. ) ;
#1681 =( BOUNDED_CURVE ( )  B_SPLINE_CURVE ( 2, ( #4323, #4275, #3374, #6070, #2181, #6157, #2569, #2769, #3778, #6577, #2613 ),
 .UNSPECIFIED., .F., .F. ) 
 B_SPLINE_CURVE_WITH_KNOTS ( ( 3, 2, 2, 2, 2, 3 ),
 ( 0.05172413724819460712, 0.05517241379310344751, 0.05862068965517241298, 0.06206896551724137845, 0.06551724137931035086, 0.06896551655853944141 ),
 .UNSPECIFIED. ) 
 CURVE ( )  GEOMETRIC_REPRESENTATION_ITEM ( )  RATIONAL_B_SPLINE_CURVE ( ( 1.000000000000000000, 0.9510565162951535312, 1.000000000000000000, 0.9510565162951535312, 1.000000000000000000, 0.9510565162951535312, 1.000000000000000000, 0.9510565162951535312, 1.000000000000000000, 0.9510565162951535312, 1.000000000000000000 ) ) 
 REPRESENTATION_ITEM ( '' )  );
#1682 = CARTESIAN_POINT ( 'NONE',  ( 2.781153417856673027, -3.827928297211933284, 33.19929044481016689 ) ) ;
#1683 =( BOUNDED_CURVE ( )  B_SPLINE_CURVE ( 2, ( #3825, #3784, #2829, #5571, #1665, #5663, #2031, #2243, #3291, #6628, #5712 ),
 .UNSPECIFIED., .F., .F. ) 
 B_SPLINE_CURVE_WITH_KNOTS ( ( 3, 2, 2, 2, 2, 3 ),
 ( 0.8928571421499158500, 0.8964285714285714635, 0.9000000000000000222, 0.9035714285714285809, 0.9071428571428571397, 0.9107142850070587548 ),
 .UNSPECIFIED. ) 
 CURVE ( )  GEOMETRIC_REPRESENTATION_ITEM ( )  RATIONAL_B_SPLINE_CURVE ( ( 1.000000000000000000, 0.9510565162951535312, 1.000000000000000000, 0.9510565162951535312, 1.000000000000000000, 0.9510565162951535312, 1.000000000000000000, 0.9510565162951535312, 1.000000000000000000, 0.9510565162951535312, 1.000000000000000000 ) ) 
 REPRESENTATION_ITEM ( '' )  );
#1684 = CARTESIAN_POINT ( 'NONE',  ( -5.562307081842481793, 7.655856933191498293, 59.69792751089801897 ) ) ;
#1685 = CARTESIAN_POINT ( 'NONE',  ( 4.500000000000000888, 0.0000000000000000000, 0.0000000000000000000 ) ) ;
#1686 = DIRECTION ( 'NONE',  ( -0.0000000000000000000, 0.0000000000000000000, 1.000000000000000000 ) ) ;
#1687 =( NAMED_UNIT ( * ) PLANE_ANGLE_UNIT ( ) SI_UNIT ( $, .RADIAN. ) );
#1688 = CYLINDRICAL_SURFACE ( 'NONE', #5418, 4.500000000000000888 ) ;
#1689 =( BOUNDED_CURVE ( )  B_SPLINE_CURVE ( 2, ( #3486, #5025, #5625, #3440, #7314, #3977, #3388, #6169, #1624, #2785, #6728 ),
 .UNSPECIFIED., .F., .F. ) 
 B_SPLINE_CURVE_WITH_KNOTS ( ( 3, 2, 2, 2, 2, 3 ),
 ( 0.08620689586888427569, 0.08965517241379310220, 0.09310344827586207461, 0.09655172413793103314, 0.1000000000000000056, 0.1034482751792290961 ),
 .UNSPECIFIED. ) 
 CURVE ( )  GEOMETRIC_REPRESENTATION_ITEM ( )  RATIONAL_B_SPLINE_CURVE ( ( 1.000000000000000000, 0.9510565162951535312, 1.000000000000000000, 0.9510565162951535312, 1.000000000000000000, 0.9510565162951535312, 1.000000000000000000, 0.9510565162951535312, 1.000000000000000000, 0.9510565162951535312, 1.000000000000000000 ) ) 
 REPRESENTATION_ITEM ( '' )  );
#1690 = CARTESIAN_POINT ( 'NONE',  ( 5.562307081842416956, -7.655856933191543590, 37.80774906499936350 ) ) ;
#1691 = CARTESIAN_POINT ( 'NONE',  ( 0.0000000000000000000, 0.0000000000000000000, 0.0000000000000000000 ) ) ;
#1692 = DIRECTION ( 'NONE',  ( 0.0000000000000000000, 0.0000000000000000000, 1.000000000000000000 ) ) ;
#1693 = CARTESIAN_POINT ( 'NONE',  ( -4.499999821055696181, -1.462139183781905993, 23.29110441140339560 ) ) ;
#1694 = EDGE_CURVE ( 'NONE', #1335, #2691, #2624, .T. ) ;
#1695 = EDGE_LOOP ( 'NONE', ( #2066, #6518, #3126, #4131 ) ) ;
#1696 = CARTESIAN_POINT ( 'NONE',  ( -9.000000398245260769, 1.102182168003596278E-15, 0.0000000000000000000 ) ) ;
#1697 = AXIS2_PLACEMENT_3D ( 'NONE', #7065, #6140, #3755 ) ;
#1698 =( BOUNDED_CURVE ( )  B_SPLINE_CURVE ( 2, ( #3826, #5713, #1174, #464, #1726, #7311, #2299, #1128, #2886, #1038, #3382 ),
 .UNSPECIFIED., .F., .F. ) 
 B_SPLINE_CURVE_WITH_KNOTS ( ( 3, 2, 2, 2, 2, 3 ),
 ( 0.9464285707213444532, 0.9499999999999999556, 0.9535714285714286254, 0.9571428571428571841, 0.9607142857142857428, 0.9642857135784873579 ),
 .UNSPECIFIED. ) 
 CURVE ( )  GEOMETRIC_REPRESENTATION_ITEM ( )  RATIONAL_B_SPLINE_CURVE ( ( 1.000000000000000000, 0.9510565162951535312, 1.000000000000000000, 0.9510565162951535312, 1.000000000000000000, 0.9510565162951535312, 1.000000000000000000, 0.9510565162951535312, 1.000000000000000000, 0.9510565162951535312, 1.000000000000000000 ) ) 
 REPRESENTATION_ITEM ( '' )  );
#1699 = ORIENTED_EDGE ( 'NONE', *, *, #2196, .F. ) ;
#1700 = EDGE_CURVE ( 'NONE', #1512, #5671, #185, .T. ) ;
#1701 = SURFACE_STYLE_USAGE ( .BOTH. , #3414 ) ;
#1702 = CARTESIAN_POINT ( 'NONE',  ( 4.500000000000000888, -3.665684394360348699E-14, 45.06607134840141526 ) ) ;
#1703 = VECTOR ( 'NONE', #1290, 1000.000000000000000 ) ;
#1704 = CARTESIAN_POINT ( 'NONE',  ( -5.790758088267187761E-07, 4.731580009072167137, 24.90406492846960873 ) ) ;
#1705 = CARTESIAN_POINT ( 'NONE',  ( -2.781153417856668142, 3.827928297211936393, 11.30911199891149366 ) ) ;
#1706 = LINE ( 'NONE', #2022, #6851 ) ;
#1707 = CARTESIAN_POINT ( 'NONE',  ( 9.000000398245262545, -8.393247155495060094E-15, 35.58195441811763260 ) ) ;
#1708 = CARTESIAN_POINT ( 'NONE',  ( 1.158151597101718334E-06, -9.463160436884182403, 39.61435575417909405 ) ) ;
#1709 = DIRECTION ( 'NONE',  ( 1.000000000000000000, 0.0000000000000000000, 0.0000000000000000000 ) ) ;
#1710 = EDGE_LOOP ( 'NONE', ( #2870, #2011, #416, #368 ) ) ;
#1711 = ORIENTED_EDGE ( 'NONE', *, *, #6698, .T. ) ;
#1712 = EDGE_CURVE ( 'NONE', #1136, #2976, #2697, .T. ) ;
#1713 = CYLINDRICAL_SURFACE ( 'NONE', #3473, 9.000000398245260769 ) ;
#1714 = CARTESIAN_POINT ( 'NONE',  ( -5.790757149643456190E-07, 4.731580009072167137, 54.59184626979396171 ) ) ;
#1715 = CARTESIAN_POINT ( 'NONE',  ( 4.500000000000001776, 4.406902597397099846E-14, 63.49990582915819459 ) ) ;
#1716 = LINE ( 'NONE', #1383, #6674 ) ;
#1717 = CARTESIAN_POINT ( 'NONE',  ( 0.0000000000000000000, 0.0000000000000000000, 0.0000000000000000000 ) ) ;
#1718 = EDGE_LOOP ( 'NONE', ( #6821, #74, #2273, #4636 ) ) ;
#1719 = CARTESIAN_POINT ( 'NONE',  ( 9.000000756133728075, -2.924276294026216583, 14.99587889506284988 ) ) ;
#1720 = CARTESIAN_POINT ( 'NONE',  ( -4.500000000000000888, 1.681199494560097905E-14, 37.00126876307033541 ) ) ;
#1721 = CARTESIAN_POINT ( 'NONE',  ( -2.781152024881052398, -8.559509365782297152, 5.202904327160813303 ) ) ;
#1722 = CARTESIAN_POINT ( 'NONE',  ( 3.640576150974023761, 2.645034080869122839, 38.11660670261760231 ) ) ;
#1723 = ORIENTED_EDGE ( 'NONE', *, *, #1832, .F. ) ;
#1724 = ADVANCED_FACE ( 'NONE', ( #2732 ), #2645, .T. ) ;
#1725 = CARTESIAN_POINT ( 'NONE',  ( 0.0000000000000000000, 0.0000000000000000000, 0.0000000000000000000 ) ) ;
#1726 = CARTESIAN_POINT ( 'NONE',  ( -1.390575950908253144, -4.279754493514272617, 62.54143738962032728 ) ) ;
#1727 = EDGE_LOOP ( 'NONE', ( #6473, #5242, #6663, #6458 ) ) ;
#1728 = CARTESIAN_POINT ( 'NONE',  ( -2.781152024881004436, -8.559509365782313139, 53.59171983914734483 ) ) ;
#1729 = CARTESIAN_POINT ( 'NONE',  ( 0.0000000000000000000, 0.0000000000000000000, 0.0000000000000000000 ) ) ;
#1730 = LINE ( 'NONE', #7118, #6407 ) ;
#1731 = CARTESIAN_POINT ( 'NONE',  ( 9.000000756133713864, -2.924276294026261436, 60.81326540704937145 ) ) ;
#1732 = EDGE_LOOP ( 'NONE', ( #2761, #6460, #2668, #3739 ) ) ;
#1733 = EDGE_LOOP ( 'NONE', ( #3808, #6475, #472, #6958 ) ) ;
#1734 = CARTESIAN_POINT ( 'NONE',  ( 5.562307081842493339, -7.655856933191487634, 10.15699734386419628 ) ) ;
#1735 = DIRECTION ( 'NONE',  ( 0.0000000000000000000, 0.0000000000000000000, 1.000000000000000000 ) ) ;
#1736 = CARTESIAN_POINT ( 'NONE',  ( -4.500000000000000888, 5.510910596163089556E-16, 0.0000000000000000000 ) ) ;
#1737 = ADVANCED_FACE ( 'NONE', ( #2595 ), #5069, .F. ) ;
#1738 = AXIS2_PLACEMENT_3D ( 'NONE', #3136, #220, #808 ) ;
#1739 = FACE_OUTER_BOUND ( 'NONE', #2218, .T. ) ;
#1740 = CARTESIAN_POINT ( 'NONE',  ( -3.640576150974025982, -2.645034080869120174, 34.92746242738111562 ) ) ;
#1741 = CARTESIAN_POINT ( 'NONE',  ( 9.000000398245262545, 4.894249501244487058E-14, 42.76184203830683117 ) ) ;
#1742 = AXIS2_PLACEMENT_3D ( 'NONE', #6722, #616, #7259 ) ;
#1743 = CYLINDRICAL_SURFACE ( 'NONE', #6766, 9.000000398245260769 ) ;
#1744 = DIRECTION ( 'NONE',  ( 0.0000000000000000000, 0.0000000000000000000, 1.000000000000000000 ) ) ;
#1745 = CARTESIAN_POINT ( 'NONE',  ( 3.640576150974039749, 2.645034080869100634, 52.20918225309058869 ) ) ;
#1746 = EDGE_LOOP ( 'NONE', ( #1438, #5232, #6899, #6996 ) ) ;
#1747 = CARTESIAN_POINT ( 'NONE',  ( 9.000000398245257216, -3.894211303019888661E-17, 3.589943766698675987 ) ) ;
#1748 = CARTESIAN_POINT ( 'NONE',  ( 4.499999821055703286, 1.462139183781879348, 45.18128285730207239 ) ) ;
#1749 = DIRECTION ( 'NONE',  ( 0.0000000000000000000, 0.0000000000000000000, 1.000000000000000000 ) ) ;
#1750 = LINE ( 'NONE', #4773, #6685 ) ;
#1751 = CARTESIAN_POINT ( 'NONE',  ( -1.390576998466250158, 4.279754153142046214, 25.01927639397434788 ) ) ;
#1752 = DIRECTION ( 'NONE',  ( 0.0000000000000000000, 0.0000000000000000000, 1.000000000000000000 ) ) ;
#1753 = CARTESIAN_POINT ( 'NONE',  ( -9.000000398245260769, 1.102182168003596278E-15, 0.0000000000000000000 ) ) ;
#1754 = EDGE_CURVE ( 'NONE', #4940, #6271, #5256, .T. ) ;
#1755 = VERTEX_POINT ( 'NONE', #4743 ) ;
#1756 = DIRECTION ( 'NONE',  ( 0.0000000000000000000, 0.0000000000000000000, 1.000000000000000000 ) ) ;
#1757 = ORIENTED_EDGE ( 'NONE', *, *, #5056, .T. ) ;
#1758 = CARTESIAN_POINT ( 'NONE',  ( 2.781153417856636612, -3.827928297211959929, 32.93209075490476323 ) ) ;
#1759 = CARTESIAN_POINT ( 'NONE',  ( -7.281153918988106710, 5.290066613608848556, 11.15712377451082027 ) ) ;
#1760 = VECTOR ( 'NONE', #500, 1000.000000000000000 ) ;
#1761 = EDGE_CURVE ( 'NONE', #2508, #6928, #6011, .T. ) ;
#1762 =( BOUNDED_CURVE ( )  B_SPLINE_CURVE ( 2, ( #5097, #4402, #3361, #5643, #5001, #5595, #6240, #2859, #6794, #3464, #6704 ),
 .UNSPECIFIED., .F., .F. ) 
 B_SPLINE_CURVE_WITH_KNOTS ( ( 3, 2, 2, 2, 2, 3 ),
 ( 0.8035714278642016595, 0.8071428571428571619, 0.8107142857142857206, 0.8142857142857142794, 0.8178571428571428381, 0.8214285707213444532 ),
 .UNSPECIFIED. ) 
 CURVE ( )  GEOMETRIC_REPRESENTATION_ITEM ( )  RATIONAL_B_SPLINE_CURVE ( ( 1.000000000000000000, 0.9510565162951535312, 1.000000000000000000, 0.9510565162951535312, 1.000000000000000000, 0.9510565162951535312, 1.000000000000000000, 0.9510565162951535312, 1.000000000000000000, 0.9510565162951535312, 1.000000000000000000 ) ) 
 REPRESENTATION_ITEM ( '' )  );
#1763 = DIRECTION ( 'NONE',  ( 1.000000000000000000, 0.0000000000000000000, 0.0000000000000000000 ) ) ;
#1764 = DIRECTION ( 'NONE',  ( 1.000000000000000000, 0.0000000000000000000, 0.0000000000000000000 ) ) ;
#1765 = CARTESIAN_POINT ( 'NONE',  ( 2.781152024881055507, 8.559509365782297152, 8.659248292302708094 ) ) ;
#1766 = VERTEX_POINT ( 'NONE', #2150 ) ;
#1767 = CARTESIAN_POINT ( 'NONE',  ( 7.281153918988072959, -5.290066613608893853, 37.65576084059868123 ) ) ;
#1768 = EDGE_CURVE ( 'NONE', #6402, #2020, #2669, .T. ) ;
#1769 =( BOUNDED_CURVE ( )  B_SPLINE_CURVE ( 2, ( #3941, #3457, #7325, #6279, #2, #1052, #5588, #7280, #537, #2213, #4089 ),
 .UNSPECIFIED., .F., .F. ) 
 B_SPLINE_CURVE_WITH_KNOTS ( ( 3, 2, 2, 2, 2, 3 ),
 ( 0.6428571421499159610, 0.6464285714285714635, 0.6500000000000000222, 0.6535714285714285809, 0.6571428571428571397, 0.6607142850070587548 ),
 .UNSPECIFIED. ) 
 CURVE ( )  GEOMETRIC_REPRESENTATION_ITEM ( )  RATIONAL_B_SPLINE_CURVE ( ( 1.000000000000000000, 0.9510565162951535312, 1.000000000000000000, 0.9510565162951535312, 1.000000000000000000, 0.9510565162951535312, 1.000000000000000000, 0.9510565162951535312, 1.000000000000000000, 0.9510565162951535312, 1.000000000000000000 ) ) 
 REPRESENTATION_ITEM ( '' )  );
#1770 = DIRECTION ( 'NONE',  ( 1.000000000000000000, 0.0000000000000000000, 0.0000000000000000000 ) ) ;
#1771 = CARTESIAN_POINT ( 'NONE',  ( 9.000000756133735180, -2.924276294026189937, 54.16777716667099440 ) ) ;
#1772 = CARTESIAN_POINT ( 'NONE',  ( 2.781154119996968266, -8.559508685037870990, 46.64225514996761035 ) ) ;
#1773 = FACE_OUTER_BOUND ( 'NONE', #6882, .T. ) ;
#1774 = CARTESIAN_POINT ( 'NONE',  ( 0.0000000000000000000, 0.0000000000000000000, 0.0000000000000000000 ) ) ;
#1775 = DIRECTION ( 'NONE',  ( 0.0000000000000000000, 0.0000000000000000000, 1.000000000000000000 ) ) ;
#1776 = CARTESIAN_POINT ( 'NONE',  ( 9.000000398245260769, -7.545046771121321988E-14, 58.89144720896899798 ) ) ;
#1777 = VERTEX_POINT ( 'NONE', #3753 ) ;
#1778 = ADVANCED_FACE ( 'NONE', ( #201 ), #5109, .T. ) ;
#1779 = DIRECTION ( 'NONE',  ( 0.0000000000000000000, 0.0000000000000000000, 1.000000000000000000 ) ) ;
#1780 = CARTESIAN_POINT ( 'NONE',  ( 7.281153918988140461, -5.290066613608801482, 51.74833639107166761 ) ) ;
#1781 = CARTESIAN_POINT ( 'NONE',  ( 0.0000000000000000000, 0.0000000000000000000, 0.0000000000000000000 ) ) ;
#1782 = CARTESIAN_POINT ( 'NONE',  ( 2.781152024881138995, 8.559509365782268731, 33.73857101343786269 ) ) ;
#1783 = CARTESIAN_POINT ( 'NONE',  ( 1.390576998466223957, -4.279754153142055983, 25.90419135911623627 ) ) ;
#1784 = CYLINDRICAL_SURFACE ( 'NONE', #432, 9.000000398245260769 ) ;
#1785 = DIRECTION ( 'NONE',  ( 0.0000000000000000000, 0.0000000000000000000, 1.000000000000000000 ) ) ;
#1786 = EDGE_CURVE ( 'NONE', #4908, #1480, #313, .T. ) ;
#1787 = CARTESIAN_POINT ( 'NONE',  ( 5.790757983907354236E-07, -4.731580009072167137, 12.23080372294933227 ) ) ;
#1788 = ORIENTED_EDGE ( 'NONE', *, *, #3769, .T. ) ;
#1789 = CARTESIAN_POINT ( 'NONE',  ( 4.500000000000000888, 5.734905336541041001E-17, 15.11109031717165863 ) ) ;
#1790 = CARTESIAN_POINT ( 'NONE',  ( -5.562305207913761151, -7.655858294680408349, 32.73844458279124581 ) ) ;
#1791 = CARTESIAN_POINT ( 'NONE',  ( -4.500000000000000888, 5.510910596163089556E-16, 0.0000000000000000000 ) ) ;
#1792 = ADVANCED_FACE ( 'NONE', ( #2607 ), #2682, .F. ) ;
#1793 = CARTESIAN_POINT ( 'NONE',  ( 9.000000398245262545, -8.393247155495060094E-15, 35.58195441811763260 ) ) ;
#1794 = FACE_OUTER_BOUND ( 'NONE', #223, .T. ) ;
#1795 = CARTESIAN_POINT ( 'NONE',  ( 0.0000000000000000000, 0.0000000000000000000, 0.0000000000000000000 ) ) ;
#1796 = CARTESIAN_POINT ( 'NONE',  ( 0.0000000000000000000, 0.0000000000000000000, 0.0000000000000000000 ) ) ;
#1797 = STYLED_ITEM ( 'NONE', ( #5754 ), #5610 ) ;
#1798 = CARTESIAN_POINT ( 'NONE',  ( -5.562305207913821548, -7.655858294680364828, 39.38393282316962285 ) ) ;
#1799 = CARTESIAN_POINT ( 'NONE',  ( -9.000000756133736957, 2.924276294026181944, 11.53953492992095420 ) ) ;
#1800 = CYLINDRICAL_SURFACE ( 'NONE', #6082, 4.500000000000000888 ) ;
#1801 = ORIENTED_EDGE ( 'NONE', *, *, #4610, .T. ) ;
#1802 = CARTESIAN_POINT ( 'NONE',  ( 7.281152624135171614, 5.290068395821018399, 49.90495294299599038 ) ) ;
#1803 = DIRECTION ( 'NONE',  ( 0.0000000000000000000, -0.0000000000000000000, -1.000000000000000000 ) ) ;
#1804 = CARTESIAN_POINT ( 'NONE',  ( 4.500000000000000888, -3.326022428508344801E-15, 10.23543200707706013 ) ) ;
#1805 = CARTESIAN_POINT ( 'NONE',  ( 7.281152624135205365, 5.290068395820971325, 10.46585498148244042 ) ) ;
#1806 = DIRECTION ( 'NONE',  ( 0.0000000000000000000, 0.0000000000000000000, 1.000000000000000000 ) ) ;
#1807 = AXIS2_PLACEMENT_3D ( 'NONE', #3803, #6792, #7239 ) ;
#1808 = DIRECTION ( 'NONE',  ( 0.0000000000000000000, 0.0000000000000000000, 1.000000000000000000 ) ) ;
#1809 = CARTESIAN_POINT ( 'NONE',  ( -1.158151662011996711E-06, 9.463160436884182403, 8.774459757807436588 ) ) ;
#1810 = ORIENTED_EDGE ( 'NONE', *, *, #7010, .T. ) ;
#1811 = DIRECTION ( 'NONE',  ( 1.000000000000000000, 0.0000000000000000000, 0.0000000000000000000 ) ) ;
#1812 = FACE_OUTER_BOUND ( 'NONE', #1328, .T. ) ;
#1813 = DIRECTION ( 'NONE',  ( 1.000000000000000000, 0.0000000000000000000, 0.0000000000000000000 ) ) ;
#1814 = CARTESIAN_POINT ( 'NONE',  ( -4.500000000000000000, -2.176759428339808894E-16, 59.77636217411090769 ) ) ;
#1815 = CARTESIAN_POINT ( 'NONE',  ( -9.000000398245262545, -4.011388604511430500E-14, 18.56743428231355963 ) ) ;
#1816 = VECTOR ( 'NONE', #355, 1000.000000000000000 ) ;
#1817 = CARTESIAN_POINT ( 'NONE',  ( -4.499999821055703286, -1.462139183781880458, 9.465728550835818211 ) ) ;
#1818 = EDGE_CURVE ( 'NONE', #6150, #3284, #3623, .T. ) ;
#1819 = LINE ( 'NONE', #5235, #1983 ) ;
#1820 = ORIENTED_EDGE ( 'NONE', *, *, #1593, .F. ) ;
#1821 = CARTESIAN_POINT ( 'NONE',  ( -7.281152624135227569, -5.290068395820939351, 51.05706759804328954 ) ) ;
#1822 = EDGE_CURVE ( 'NONE', #5608, #3570, #296, .T. ) ;
#1823 = DIRECTION ( 'NONE',  ( 0.0000000000000000000, 0.0000000000000000000, 1.000000000000000000 ) ) ;
#1824 = VECTOR ( 'NONE', #1411, 1000.000000000000000 ) ;
#1825 = CARTESIAN_POINT ( 'NONE',  ( 0.0000000000000000000, 0.0000000000000000000, 0.0000000000000000000 ) ) ;
#1826 = CARTESIAN_POINT ( 'NONE',  ( 4.500000000000000888, 0.0000000000000000000, 0.0000000000000000000 ) ) ;
#1827 = CARTESIAN_POINT ( 'NONE',  ( 9.000000398245260769, 0.0000000000000000000, 0.0000000000000000000 ) ) ;
#1828 = CARTESIAN_POINT ( 'NONE',  ( -2.618769967061631565, -3.659514156225663672, 65.00000000000001421 ) ) ;
#1829 = LINE ( 'NONE', #4568, #4304 ) ;
#1830 = EDGE_LOOP ( 'NONE', ( #4476, #5565, #5475, #7061 ) ) ;
#1831 = ADVANCED_FACE ( 'NONE', ( #5208 ), #2836, .F. ) ;
#1832 = EDGE_CURVE ( 'NONE', #5325, #3942, #6694, .T. ) ;
#1833 = CARTESIAN_POINT ( 'NONE',  ( 2.781152480892342016, 3.827928977956367440, 6.239807516703383072 ) ) ;
#1834 = ORIENTED_EDGE ( 'NONE', *, *, #2941, .F. ) ;
#1835 = DIRECTION ( 'NONE',  ( 0.0000000000000000000, 0.0000000000000000000, 1.000000000000000000 ) ) ;
#1836 = CARTESIAN_POINT ( 'NONE',  ( 2.781152480892328693, 3.827928977956376322, 40.80324716812233277 ) ) ;
#1837 = LINE ( 'NONE', #553, #4381 ) ;
#1838 = CARTESIAN_POINT ( 'NONE',  ( 9.000000040356640696, 2.924278496961560059, 63.61511733805884461 ) ) ;
#1839 = EDGE_CURVE ( 'NONE', #5577, #6299, #4531, .T. ) ;
#1840 = CARTESIAN_POINT ( 'NONE',  ( 0.0000000000000000000, 0.0000000000000000000, 0.0000000000000000000 ) ) ;
#1841 = CARTESIAN_POINT ( 'NONE',  ( -9.000000756133710311, 2.924276294026270318, 36.61885765105610346 ) ) ;
#1842 = CARTESIAN_POINT ( 'NONE',  ( 9.000000398245260769, 0.0000000000000000000, 0.0000000000000000000 ) ) ;
#1843 = VECTOR ( 'NONE', #3539, 1000.000000000000000 ) ;
#1844 = VERTEX_POINT ( 'NONE', #144 ) ;
#1845 = EDGE_CURVE ( 'NONE', #3946, #2058, #270, .T. ) ;
#1846 = CARTESIAN_POINT ( 'NONE',  ( 0.0000000000000000000, 0.0000000000000000000, 0.0000000000000000000 ) ) ;
#1847 = ADVANCED_FACE ( 'NONE', ( #5197 ), #5243, .F. ) ;
#1848 = CARTESIAN_POINT ( 'NONE',  ( 9.000000398245262545, -1.721070469397648466E-14, 45.06607134840142237 ) ) ;
#1849 = CYLINDRICAL_SURFACE ( 'NONE', #1382, 4.500000000000000888 ) ;
#1850 = CARTESIAN_POINT ( 'NONE',  ( -4.499999821055711280, -1.462139183781858476, 32.24082196187637095 ) ) ;
#1851 = CARTESIAN_POINT ( 'NONE',  ( 1.390576998466187320, -4.279754153142066642, 63.03906001053519503 ) ) ;
#1852 = CYLINDRICAL_SURFACE ( 'NONE', #6465, 9.000000398245260769 ) ;
#1853 = EDGE_CURVE ( 'NONE', #216, #6886, #2784, .T. ) ;
#1854 = CARTESIAN_POINT ( 'NONE',  ( -9.000000756133713864, 2.924276294026261436, 27.66914010058312812 ) ) ;
#1855 = CARTESIAN_POINT ( 'NONE',  ( 1.390576998466228176, -4.279754153142054207, 16.68727411873785016 ) ) ;
#1856 = CARTESIAN_POINT ( 'NONE',  ( 5.562305207913781580, 7.655858294680391474, 24.40644230755475164 ) ) ;
#1857 = CARTESIAN_POINT ( 'NONE',  ( 4.500000000000000888, 0.0000000000000000000, 0.0000000000000000000 ) ) ;
#1858 = ORIENTED_EDGE ( 'NONE', *, *, #2285, .T. ) ;
#1859 = CARTESIAN_POINT ( 'NONE',  ( 9.000000398245257216, 3.745754176398079381E-14, 31.24069548783383965 ) ) ;
#1860 = CARTESIAN_POINT ( 'NONE',  ( -9.000000398245262545, 6.130913295848700050E-14, 57.47213286401629517 ) ) ;
#1861 = VERTEX_POINT ( 'NONE', #3987 ) ;
#1862 = DIRECTION ( 'NONE',  ( 0.0000000000000000000, 0.0000000000000000000, 1.000000000000000000 ) ) ;
#1863 = CYLINDRICAL_SURFACE ( 'NONE', #5141, 9.000000398245260769 ) ;
#1864 = CARTESIAN_POINT ( 'NONE',  ( 9.000000040356647801, 2.924278496961539631, 17.53053113616691050 ) ) ;
#1865 = FACE_OUTER_BOUND ( 'NONE', #1173, .T. ) ;
#1866 = CARTESIAN_POINT ( 'NONE',  ( -5.562305207913752270, -7.655858294680414566, 20.95009834241285418 ) ) ;
#1867 = CARTESIAN_POINT ( 'NONE',  ( -4.500000178944237206, 1.462138082314229814, 57.62412113181289186 ) ) ;
#1868 = CARTESIAN_POINT ( 'NONE',  ( 1.390575950908284897, 4.279754493514261959, 31.43434170334327149 ) ) ;
#1869 = ORIENTED_EDGE ( 'NONE', *, *, #6149, .F. ) ;
#1870 = DIRECTION ( 'NONE',  ( 0.0000000000000000000, 0.0000000000000000000, 1.000000000000000000 ) ) ;
#1871 = CARTESIAN_POINT ( 'NONE',  ( -3.640576150974006442, -2.645034080869146820, 32.62323311728651731 ) ) ;
#1872 = ORIENTED_EDGE ( 'NONE', *, *, #6744, .F. ) ;
#1873 = EDGE_CURVE ( 'NONE', #7033, #4936, #2799, .T. ) ;
#1874 = ADVANCED_FACE ( 'NONE', ( #359 ), #402, .F. ) ;
#1875 = CARTESIAN_POINT ( 'NONE',  ( -4.500000000000000888, 3.877103087970347730E-15, 11.38754666212435929 ) ) ;
#1876 = LINE ( 'NONE', #1938, #1703 ) ;
#1877 = CARTESIAN_POINT ( 'NONE',  ( -9.000000398245262545, -2.247894697991322797E-14, 37.00126876307034962 ) ) ;
#1878 = FACE_OUTER_BOUND ( 'NONE', #2087, .T. ) ;
#1879 = CARTESIAN_POINT ( 'NONE',  ( -2.620164409477967915, -3.658515883156034487, 64.99985808877012516 ) ) ;
#1880 = ORIENTED_EDGE ( 'NONE', *, *, #6716, .T. ) ;
#1881 = ORIENTED_EDGE ( 'NONE', *, *, #2841, .F. ) ;
#1882 = CARTESIAN_POINT ( 'NONE',  ( -5.562307081842428502, 7.655856933191536484, 57.12649851089801700 ) ) ;
#1883 = CARTESIAN_POINT ( 'NONE',  ( -9.000000756133706759, 2.924276294026274758, 41.22731627124530718 ) ) ;
#1884 = AXIS2_PLACEMENT_3D ( 'NONE', #3738, #6025, #6579 ) ;
#1885 = DIRECTION ( 'NONE',  ( 0.0000000000000000000, 0.0000000000000000000, 1.000000000000000000 ) ) ;
#1886 = DIRECTION ( 'NONE',  ( 0.0000000000000000000, 0.0000000000000000000, 1.000000000000000000 ) ) ;
#1887 = FACE_OUTER_BOUND ( 'NONE', #6878, .T. ) ;
#1888 = ADVANCED_FACE ( 'NONE', ( #2851 ), #5364, .T. ) ;
#1889 = EDGE_LOOP ( 'NONE', ( #3378, #5535, #830, #670 ) ) ;
#1890 = CARTESIAN_POINT ( 'NONE',  ( -7.281153918988046314, 5.290066613608930268, 50.59622173602436845 ) ) ;
#1891 = CARTESIAN_POINT ( 'NONE',  ( 4.499999821055699734, 1.462139183781895779, 54.13100040777504063 ) ) ;
#1892 = CARTESIAN_POINT ( 'NONE',  ( 7.281152624135240892, 5.290068395820923364, 40.68803570261759717 ) ) ;
#1893 = AXIS2_PLACEMENT_3D ( 'NONE', #5399, #4314, #3061 ) ;
#1894 = FACE_OUTER_BOUND ( 'NONE', #6084, .T. ) ;
#1895 =( BOUNDED_CURVE ( )  B_SPLINE_CURVE ( 2, ( #4130, #3001, #5124, #4176, #3439, #671, #6459, #2834, #6406, #4747, #2305 ),
 .UNSPECIFIED., .F., .F. ) 
 B_SPLINE_CURVE_WITH_KNOTS ( ( 3, 2, 2, 2, 2, 3 ),
 ( 0.3392857135784873579, 0.3428571428571428603, 0.3464285714285714191, 0.3499999999999999778, 0.3535714285714285920, 0.3571428564356301516 ),
 .UNSPECIFIED. ) 
 CURVE ( )  GEOMETRIC_REPRESENTATION_ITEM ( )  RATIONAL_B_SPLINE_CURVE ( ( 1.000000000000000000, 0.9510565162951535312, 1.000000000000000000, 0.9510565162951535312, 1.000000000000000000, 0.9510565162951535312, 1.000000000000000000, 0.9510565162951535312, 1.000000000000000000, 0.9510565162951535312, 1.000000000000000000 ) ) 
 REPRESENTATION_ITEM ( '' )  );
#1896 = DIRECTION ( 'NONE',  ( 1.000000000000000000, 0.0000000000000000000, 0.0000000000000000000 ) ) ;
#1897 = CARTESIAN_POINT ( 'NONE',  ( -3.640576150974015768, -2.645034080869133053, 43.87717997785409096 ) ) ;
#1898 = DIRECTION ( 'NONE',  ( 0.0000000000000000000, 0.0000000000000000000, 1.000000000000000000 ) ) ;
#1899 = CARTESIAN_POINT ( 'NONE',  ( 7.281152624135202700, 5.290068395820973990, 6.124596051198652802 ) ) ;
#1900 = ORIENTED_EDGE ( 'NONE', *, *, #4374, .F. ) ;
#1901 = CARTESIAN_POINT ( 'NONE',  ( 9.000000398245260769, 0.0000000000000000000, 0.0000000000000000000 ) ) ;
#1902 =( BOUNDED_CURVE ( )  B_SPLINE_CURVE ( 2, ( #4512, #24, #77, #609, #4012, #221, #4058, #1252, #4738, #4564, #5113 ),
 .UNSPECIFIED., .F., .F. ) 
 B_SPLINE_CURVE_WITH_KNOTS ( ( 3, 2, 2, 2, 2, 3 ),
 ( 0.9285714278642015485, 0.9321428571428571619, 0.9357142857142857206, 0.9392857142857142794, 0.9428571428571428381, 0.9464285707213444532 ),
 .UNSPECIFIED. ) 
 CURVE ( )  GEOMETRIC_REPRESENTATION_ITEM ( )  RATIONAL_B_SPLINE_CURVE ( ( 1.000000000000000000, 0.9510565162951535312, 1.000000000000000000, 0.9510565162951535312, 1.000000000000000000, 0.9510565162951535312, 1.000000000000000000, 0.9510565162951535312, 1.000000000000000000, 0.9510565162951535312, 1.000000000000000000 ) ) 
 REPRESENTATION_ITEM ( '' )  );
#1903 = FACE_OUTER_BOUND ( 'NONE', #5051, .T. ) ;
#1904 = CARTESIAN_POINT ( 'NONE',  ( 0.0000000000000000000, 0.0000000000000000000, 0.0000000000000000000 ) ) ;
#1905 = ORIENTED_EDGE ( 'NONE', *, *, #7187, .T. ) ;
#1906 = CARTESIAN_POINT ( 'NONE',  ( 8.985620677736125828, 0.5085550159577910678, 65.82486863798108345 ) ) ;
#1907 = CARTESIAN_POINT ( 'NONE',  ( 9.000000398245257216, -2.869568844472633721E-14, 33.27772510802302719 ) ) ;
#1908 = ADVANCED_FACE ( 'NONE', ( #525 ), #3019, .F. ) ;
#1909 = CARTESIAN_POINT ( 'NONE',  ( 9.000000398245260769, 0.0000000000000000000, 0.0000000000000000000 ) ) ;
#1910 = EDGE_CURVE ( 'NONE', #6788, #2950, #2875, .T. ) ;
#1911 = CYLINDRICAL_SURFACE ( 'NONE', #6807, 4.500000000000000888 ) ;
#1912 =( BOUNDED_CURVE ( )  B_SPLINE_CURVE ( 2, ( #1314, #1449, #4228, #5871, #6410, #777, #6970, #4750, #4907, #1867, #335 ),
 .UNSPECIFIED., .F., .F. ) 
 B_SPLINE_CURVE_WITH_KNOTS ( ( 3, 2, 2, 2, 2, 3 ),
 ( 0.8620689648344014300, 0.8655172413793102981, 0.8689655172413792705, 0.8724137931034482429, 0.8758620689655172153, 0.8793103441447464030 ),
 .UNSPECIFIED. ) 
 CURVE ( )  GEOMETRIC_REPRESENTATION_ITEM ( )  RATIONAL_B_SPLINE_CURVE ( ( 1.000000000000000000, 0.9510565162951535312, 1.000000000000000000, 0.9510565162951535312, 1.000000000000000000, 0.9510565162951535312, 1.000000000000000000, 0.9510565162951535312, 1.000000000000000000, 0.9510565162951535312, 1.000000000000000000 ) ) 
 REPRESENTATION_ITEM ( '' )  );
#1913 = CARTESIAN_POINT ( 'NONE',  ( 1.158151615644164864E-06, -9.463160436884182403, 21.18052127342231472 ) ) ;
#1914 =( BOUNDED_CURVE ( )  B_SPLINE_CURVE ( 2, ( #3889, #322, #3256, #5028, #527, #7168, #6733, #6639, #1089, #7270, #1630 ),
 .UNSPECIFIED., .F., .F. ) 
 B_SPLINE_CURVE_WITH_KNOTS ( ( 3, 2, 2, 2, 2, 3 ),
 ( 0.7857142850070588658, 0.7892857142857142572, 0.7928571428571428159, 0.7964285714285713746, 0.8000000000000000444, 0.8035714278642016595 ),
 .UNSPECIFIED. ) 
 CURVE ( )  GEOMETRIC_REPRESENTATION_ITEM ( )  RATIONAL_B_SPLINE_CURVE ( ( 1.000000000000000000, 0.9510565162951535312, 1.000000000000000000, 0.9510565162951535312, 1.000000000000000000, 0.9510565162951535312, 1.000000000000000000, 0.9510565162951535312, 1.000000000000000000, 0.9510565162951535312, 1.000000000000000000 ) ) 
 REPRESENTATION_ITEM ( '' )  );
#1915 = EDGE_CURVE ( 'NONE', #3133, #4652, #5566, .T. ) ;
#1916 = VECTOR ( 'NONE', #7178, 1000.000000000000000 ) ;
#1917 = CARTESIAN_POINT ( 'NONE',  ( 2.781152480892353118, 3.827928977956359446, 33.89055923783853785 ) ) ;
#1918 = EDGE_LOOP ( 'NONE', ( #3116, #4734, #6286, #607 ) ) ;
#1919 = CARTESIAN_POINT ( 'NONE',  ( -5.790757543787579004E-07, 4.731580009072167137, 43.07069971932098440 ) ) ;
#1920 =( BOUNDED_CURVE ( )  B_SPLINE_CURVE ( 2, ( #6718, #4688, #1897, #374, #4120, #324, #5483, #3610, #4166, #6546, #6500 ),
 .UNSPECIFIED., .F., .F. ) 
 B_SPLINE_CURVE_WITH_KNOTS ( ( 3, 2, 2, 2, 2, 3 ),
 ( 0.6607142850070587548, 0.6642857142857142572, 0.6678571428571428159, 0.6714285714285713746, 0.6750000000000000444, 0.6785714278642016595 ),
 .UNSPECIFIED. ) 
 CURVE ( )  GEOMETRIC_REPRESENTATION_ITEM ( )  RATIONAL_B_SPLINE_CURVE ( ( 1.000000000000000000, 0.9510565162951535312, 1.000000000000000000, 0.9510565162951535312, 1.000000000000000000, 0.9510565162951535312, 1.000000000000000000, 0.9510565162951535312, 1.000000000000000000, 0.9510565162951535312, 1.000000000000000000 ) ) 
 REPRESENTATION_ITEM ( '' )  );
#1921 = CARTESIAN_POINT ( 'NONE',  ( 9.000000398245260769, 0.0000000000000000000, 0.0000000000000000000 ) ) ;
#1922 = CARTESIAN_POINT ( 'NONE',  ( -2.781152480892327361, -3.827928977956377654, 48.60085006354800896 ) ) ;
#1923 = VECTOR ( 'NONE', #6589, 1000.000000000000000 ) ;
#1924 = CARTESIAN_POINT ( 'NONE',  ( -4.499999821055700622, -1.462139183781890006, 55.55031475272775054 ) ) ;
#1925 = FACE_OUTER_BOUND ( 'NONE', #3715, .T. ) ;
#1926 = CARTESIAN_POINT ( 'NONE',  ( 9.000000398245257216, -2.243306420102374438E-15, 5.626973386887868855 ) ) ;
#1927 = CARTESIAN_POINT ( 'NONE',  ( 4.500000178944223883, -1.462138082314272003, 21.64136713544122870 ) ) ;
#1928 = EDGE_CURVE ( 'NONE', #4751, #2479, #5782, .T. ) ;
#1929 = CARTESIAN_POINT ( 'NONE',  ( 2.781152024881097251, 8.559509365782282941, 54.47663480428923322 ) ) ;
#1930 = VECTOR ( 'NONE', #5784, 1000.000000000000000 ) ;
#1931 = ORIENTED_EDGE ( 'NONE', *, *, #7003, .T. ) ;
#1932 = EDGE_CURVE ( 'NONE', #703, #5853, #413, .T. ) ;
#1933 = CARTESIAN_POINT ( 'NONE',  ( 4.499999821055698845, 1.462139183781898222, 6.009384585693923420 ) ) ;
#1934 = CARTESIAN_POINT ( 'NONE',  ( 3.640576798400453562, -2.645033189763090320, 47.13987777088247810 ) ) ;
#1935 = ADVANCED_FACE ( 'NONE', ( #510, #473 ), #5676, .F. ) ;
#1936 = CARTESIAN_POINT ( 'NONE',  ( 0.0000000000000000000, 0.0000000000000000000, 0.0000000000000000000 ) ) ;
#1937 = ORIENTED_EDGE ( 'NONE', *, *, #4929, .F. ) ;
#1938 = CARTESIAN_POINT ( 'NONE',  ( -9.000000398245260769, 1.102182168003596278E-15, 0.0000000000000000000 ) ) ;
#1939 = LINE ( 'NONE', #4785, #4417 ) ;
#1940 = ORIENTED_EDGE ( 'NONE', *, *, #6233, .T. ) ;
#1941 = CARTESIAN_POINT ( 'NONE',  ( 7.281152624135188489, 5.290068395820993530, 15.34151329157703714 ) ) ;
#1942 = EDGE_CURVE ( 'NONE', #5500, #4908, #1453, .T. ) ;
#1943 = DIRECTION ( 'NONE',  ( 1.000000000000000000, 0.0000000000000000000, 0.0000000000000000000 ) ) ;
#1944 = CYLINDRICAL_SURFACE ( 'NONE', #1986, 4.500000000000000888 ) ;
#1945 = DIRECTION ( 'NONE',  ( 0.0000000000000000000, 0.0000000000000000000, 1.000000000000000000 ) ) ;
#1946 = CARTESIAN_POINT ( 'NONE',  ( -1.158151629562714861E-06, 9.463160436884182403, 41.03367009913178975 ) ) ;
#1947 = ORIENTED_EDGE ( 'NONE', *, *, #489, .T. ) ;
#1948 = CARTESIAN_POINT ( 'NONE',  ( -5.562307081842498668, 7.655856933191484970, 36.65563440995205724 ) ) ;
#1949 = CARTESIAN_POINT ( 'NONE',  ( 0.0000000000000000000, 0.0000000000000000000, 0.0000000000000000000 ) ) ;
#1950 = DIRECTION ( 'NONE',  ( 0.0000000000000000000, 0.0000000000000000000, 1.000000000000000000 ) ) ;
#1951 = CARTESIAN_POINT ( 'NONE',  ( -5.562307081842484457, 7.655856933191496516, 6.700653378722298825 ) ) ;
#1952 = FACE_OUTER_BOUND ( 'NONE', #717, .T. ) ;
#1953 = ORIENTED_EDGE ( 'NONE', *, *, #1329, .F. ) ;
#1954 = CARTESIAN_POINT ( 'NONE',  ( -4.499999821055697069, -1.462139183781903551, 27.89956303159259221 ) ) ;
#1955 = CARTESIAN_POINT ( 'NONE',  ( -3.640576150974017988, -2.645034080869130833, 7.276710706245951066 ) ) ;
#1956 = DIRECTION ( 'NONE',  ( 0.0000000000000000000, 0.0000000000000000000, 1.000000000000000000 ) ) ;
#1957 = CARTESIAN_POINT ( 'NONE',  ( -2.781154119997005569, 8.559508685037858555, 38.84465225454191994 ) ) ;
#1958 = CARTESIAN_POINT ( 'NONE',  ( -5.562305207913765592, -7.655858294680404796, 37.07970351307503876 ) ) ;
#1959 = CARTESIAN_POINT ( 'NONE',  ( -1.158151685213484863E-06, 9.463160436884182403, 52.55481664960477417 ) ) ;
#1960 = ORIENTED_EDGE ( 'NONE', *, *, #5836, .F. ) ;
#1961 = AXIS2_PLACEMENT_3D ( 'NONE', #3777, #2025, #6622 ) ;
#1962 = DIRECTION ( 'NONE',  ( 1.000000000000000000, 0.0000000000000000000, 0.0000000000000000000 ) ) ;
#1963 = ORIENTED_EDGE ( 'NONE', *, *, #3396, .T. ) ;
#1964 = CARTESIAN_POINT ( 'NONE',  ( -2.781153417856645937, 3.827928297211952824, 43.30112265033043428 ) ) ;
#1965 = CARTESIAN_POINT ( 'NONE',  ( -5.562305207913778915, -7.655858294680393250, 55.78073768373720753 ) ) ;
#1966 = CARTESIAN_POINT ( 'NONE',  ( -4.500000000000000888, 5.510910596163089556E-16, 0.0000000000000000000 ) ) ;
#1967 = CARTESIAN_POINT ( 'NONE',  ( 1.390576998466231506, -4.279754153142053319, 9.774586188454060576 ) ) ;
#1968 = VECTOR ( 'NONE', #4477, 1000.000000000000000 ) ;
#1969 = CARTESIAN_POINT ( 'NONE',  ( -9.000000398245257216, 7.754206589531009626E-15, 11.38754666212435929 ) ) ;
#1970 = CARTESIAN_POINT ( 'NONE',  ( 2.781152024881067941, 8.559509365782291823, 22.21742446296488538 ) ) ;
#1971 = EDGE_LOOP ( 'NONE', ( #2023, #2600, #5092, #605 ) ) ;
#1972 = AXIS2_PLACEMENT_3D ( 'NONE', #6610, #4807, #2603 ) ;
#1973 = CARTESIAN_POINT ( 'NONE',  ( -9.000000398245262545, 5.249167542000558224E-14, 48.52241531354332693 ) ) ;
#1974 = VECTOR ( 'NONE', #3091, 1000.000000000000000 ) ;
#1975 = EDGE_LOOP ( 'NONE', ( #2141, #2758, #2395, #2358 ) ) ;
#1976 = CIRCLE ( 'NONE', #1550, 9.000000398245260769 ) ;
#1977 = CARTESIAN_POINT ( 'NONE',  ( 7.281153918988111151, -5.290066613608842339, 3.359520879085135636 ) ) ;
#1978 = CARTESIAN_POINT ( 'NONE',  ( -2.781152480892354006, -3.827928977956358558, 46.29662075345342487 ) ) ;
#1979 = EDGE_LOOP ( 'NONE', ( #3055, #4203, #2524, #5126 ) ) ;
#1980 = CARTESIAN_POINT ( 'NONE',  ( 9.000000040356653130, 2.924278496961520979, 38.00139523711287382 ) ) ;
#1981 = DIRECTION ( 'NONE',  ( 0.0000000000000000000, 0.0000000000000000000, 1.000000000000000000 ) ) ;
#1982 = EDGE_CURVE ( 'NONE', #2451, #2811, #2951, .T. ) ;
#1983 = VECTOR ( 'NONE', #6182, 1000.000000000000000 ) ;
#1984 = ORIENTED_EDGE ( 'NONE', *, *, #6030, .F. ) ;
#1985 = CARTESIAN_POINT ( 'NONE',  ( 7.281153918988104934, -5.290066613608851220, 49.17690739107166564 ) ) ;
#1986 = AXIS2_PLACEMENT_3D ( 'NONE', #3459, #2852, #3850 ) ;
#1987 = FACE_OUTER_BOUND ( 'NONE', #6540, .T. ) ;
#1988 = CARTESIAN_POINT ( 'NONE',  ( 2.781152480892358891, 3.827928977956354561, 24.40644230755475164 ) ) ;
#1989 =( BOUNDED_CURVE ( )  B_SPLINE_CURVE ( 2, ( #904, #6724, #3244, #949, #4282, #1475, #2678, #5619, #1985, #6167, #5574 ),
 .UNSPECIFIED., .F., .F. ) 
 B_SPLINE_CURVE_WITH_KNOTS ( ( 3, 2, 2, 2, 2, 3 ),
 ( 0.7321428564356301516, 0.7357142857142857650, 0.7392857142857143238, 0.7428571428571428825, 0.7464285714285714413, 0.7499999992927729453 ),
 .UNSPECIFIED. ) 
 CURVE ( )  GEOMETRIC_REPRESENTATION_ITEM ( )  RATIONAL_B_SPLINE_CURVE ( ( 1.000000000000000000, 0.9510565162951535312, 1.000000000000000000, 0.9510565162951535312, 1.000000000000000000, 0.9510565162951535312, 1.000000000000000000, 0.9510565162951535312, 1.000000000000000000, 0.9510565162951535312, 1.000000000000000000 ) ) 
 REPRESENTATION_ITEM ( '' )  );
#1990 = CYLINDRICAL_SURFACE ( 'NONE', #6032, 4.500000000000000888 ) ;
#1991 = CARTESIAN_POINT ( 'NONE',  ( 9.000000398245262545, -3.484561915055386176E-14, 63.23270613925279093 ) ) ;
#1992 = ORIENTED_EDGE ( 'NONE', *, *, #2469, .F. ) ;
#1993 = CARTESIAN_POINT ( 'NONE',  ( 2.781152480892363332, 3.827928977956351897, 35.92758885802773250 ) ) ;
#1994 = CARTESIAN_POINT ( 'NONE',  ( 4.500000000000000000, -4.196623319253583891E-15, 35.58195441811763260 ) ) ;
#1995 = CARTESIAN_POINT ( 'NONE',  ( 0.0000000000000000000, 0.0000000000000000000, 0.0000000000000000000 ) ) ;
#1996 = CARTESIAN_POINT ( 'NONE',  ( 4.500000000000000888, -1.434784355027890828E-14, 33.27772510802302719 ) ) ;
#1997 = CYLINDRICAL_SURFACE ( 'NONE', #5986, 9.000000398245260769 ) ;
#1998 = ORIENTED_EDGE ( 'NONE', *, *, #3911, .F. ) ;
#1999 = EDGE_CURVE ( 'NONE', #3263, #16, #487, .T. ) ;
#2000 = CARTESIAN_POINT ( 'NONE',  ( 1.158151592466106702E-06, -9.463160436884182403, 44.49001406427368011 ) ) ;
#2001 = DIRECTION ( 'NONE',  ( 1.000000000000000000, 0.0000000000000000000, 0.0000000000000000000 ) ) ;
#2002 = DIRECTION ( 'NONE',  ( 1.000000000000000000, 0.0000000000000000000, 0.0000000000000000000 ) ) ;
#2003 = EDGE_CURVE ( 'NONE', #3038, #5671, #6702, .T. ) ;
#2004 = CARTESIAN_POINT ( 'NONE',  ( 1.158151666659323021E-06, -9.463160436884182403, 37.31012644408448864 ) ) ;
#2005 = CARTESIAN_POINT ( 'NONE',  ( 3.640576150974012659, 2.645034080869138382, 22.25420122186082850 ) ) ;
#2006 = ORIENTED_EDGE ( 'NONE', *, *, #833, .F. ) ;
#2007 = CARTESIAN_POINT ( 'NONE',  ( -2.781154119996984697, 8.559508685037865661, 61.88694535548789588 ) ) ;
#2008 = CARTESIAN_POINT ( 'NONE',  ( -5.790758065089131717E-07, 4.731580009072167137, 29.51252354865880889 ) ) ;
#2009 = CYLINDRICAL_SURFACE ( 'NONE', #757, 4.500000000000000888 ) ;
#2010 = CARTESIAN_POINT ( 'NONE',  ( -4.500000178944221219, 1.462138082314282883, 34.58182803086692303 ) ) ;
#2011 = ORIENTED_EDGE ( 'NONE', *, *, #4797, .T. ) ;
#2012 = ADVANCED_FACE ( 'NONE', ( #450 ), #5487, .F. ) ;
#2013 = CARTESIAN_POINT ( 'NONE',  ( 2.781153417856648602, -3.827928297211951048, 26.28660251452637198 ) ) ;
#2014 = CARTESIAN_POINT ( 'NONE',  ( 4.500000000000000888, -1.121653106653608678E-15, 5.626973386887868855 ) ) ;
#2015 = EDGE_CURVE ( 'NONE', #5132, #947, #1231, .T. ) ;
#2016 = CARTESIAN_POINT ( 'NONE',  ( 2.781153417856598864, -3.827928297211987463, 58.27861316594532326 ) ) ;
#2017 = CARTESIAN_POINT ( 'NONE',  ( -4.500000000000000888, 5.510910596163089556E-16, 0.0000000000000000000 ) ) ;
#2018 = FACE_OUTER_BOUND ( 'NONE', #2463, .T. ) ;
#2019 = DIRECTION ( 'NONE',  ( 0.0000000000000000000, 0.0000000000000000000, 1.000000000000000000 ) ) ;
#2020 = VERTEX_POINT ( 'NONE', #7024 ) ;
#2021 = EDGE_CURVE ( 'NONE', #3976, #2209, #3634, .T. ) ;
#2022 = CARTESIAN_POINT ( 'NONE',  ( -4.500000000000000888, 5.510910596163089556E-16, 0.0000000000000000000 ) ) ;
#2023 = ORIENTED_EDGE ( 'NONE', *, *, #5352, .F. ) ;
#2024 = CYLINDRICAL_SURFACE ( 'NONE', #5402, 4.500000000000000888 ) ;
#2025 = DIRECTION ( 'NONE',  ( 0.0000000000000000000, 0.0000000000000000000, 1.000000000000000000 ) ) ;
#2026 = DIRECTION ( 'NONE',  ( 1.000000000000000000, 0.0000000000000000000, 0.0000000000000000000 ) ) ;
#2027 = CARTESIAN_POINT ( 'NONE',  ( 9.000000398245260769, 0.0000000000000000000, 0.0000000000000000000 ) ) ;
#2028 = ORIENTED_EDGE ( 'NONE', *, *, #2838, .T. ) ;
#2029 = CARTESIAN_POINT ( 'NONE',  ( 1.390575950908308878, 4.279754493514254854, 40.91845863362706837 ) ) ;
#2030 = CARTESIAN_POINT ( 'NONE',  ( 2.781154119997030882, -8.559508685037849673, 44.33802583987301205 ) ) ;
#2031 = CARTESIAN_POINT ( 'NONE',  ( -2.781154119996926077, 8.559508685037885201, 59.31551635548788681 ) ) ;
#2032 = EDGE_CURVE ( 'NONE', #6390, #5433, #1225, .T. ) ;
#2033 = ORIENTED_EDGE ( 'NONE', *, *, #6588, .T. ) ;
#2034 = CYLINDRICAL_SURFACE ( 'NONE', #576, 4.500000000000000888 ) ;
#2035 = CARTESIAN_POINT ( 'NONE',  ( 9.000000398245257216, -4.447680963534829263E-15, 7.931202696982466271 ) ) ;
#2036 = EDGE_CURVE ( 'NONE', #7150, #6955, #5510, .T. ) ;
#2037 = CARTESIAN_POINT ( 'NONE',  ( 2.781152024881065721, 8.559509365782293600, 19.91319515287028707 ) ) ;
#2038 = LINE ( 'NONE', #3098, #6859 ) ;
#2039 = CARTESIAN_POINT ( 'NONE',  ( -5.562305207913841087, -7.655858294680351506, 62.42622592411559168 ) ) ;
#2040 = ORIENTED_EDGE ( 'NONE', *, *, #1982, .T. ) ;
#2041 = CARTESIAN_POINT ( 'NONE',  ( -2.781152480892377099, -3.827928977956342571, 34.77547420298042624 ) ) ;
#2042 = CARTESIAN_POINT ( 'NONE',  ( 1.390575950908273350, 4.279754493514266400, 6.087819292302707908 ) ) ;
#2043 = CARTESIAN_POINT ( 'NONE',  ( 4.500000000000000000, 2.447124652394544211E-14, 42.49464234840142041 ) ) ;
#2044 = CYLINDRICAL_SURFACE ( 'NONE', #393, 4.500000000000000888 ) ;
#2045 = ORIENTED_EDGE ( 'NONE', *, *, #4250, .F. ) ;
#2046 = DIRECTION ( 'NONE',  ( 0.0000000000000000000, 0.0000000000000000000, 1.000000000000000000 ) ) ;
#2047 = AXIS2_PLACEMENT_3D ( 'NONE', #3732, #349, #6068 ) ;
#2048 = CARTESIAN_POINT ( 'NONE',  ( -2.781153417856659704, 3.827928297211943498, 32.04717578976286774 ) ) ;
#2049 = DIRECTION ( 'NONE',  ( 0.0000000000000000000, 0.0000000000000000000, 1.000000000000000000 ) ) ;
#2050 = CARTESIAN_POINT ( 'NONE',  ( -3.640576150974003777, -2.645034080869150372, 23.40631587690812765 ) ) ;
#2051 = CYLINDRICAL_SURFACE ( 'NONE', #901, 4.500000000000000888 ) ;
#2052 = AXIS2_PLACEMENT_3D ( 'NONE', #6159, #3521, #566 ) ;
#2053 = DIRECTION ( 'NONE',  ( 1.000000000000000000, 0.0000000000000000000, 0.0000000000000000000 ) ) ;
#2054 = EDGE_LOOP ( 'NONE', ( #51, #5376, #4902, #6989 ) ) ;
#2055 = CARTESIAN_POINT ( 'NONE',  ( -9.000000398245262545, -3.570517449157042910E-14, 23.17589290250275624 ) ) ;
#2056 = CYLINDRICAL_SURFACE ( 'NONE', #4362, 9.000000398245260769 ) ;
#2057 = CARTESIAN_POINT ( 'NONE',  ( -3.640576798400422920, 2.645033189763132953, 31.89518756536219257 ) ) ;
#2058 = VERTEX_POINT ( 'NONE', #1110 ) ;
#2059 = CARTESIAN_POINT ( 'NONE',  ( 3.640576150974025094, 2.645034080869121063, 42.72506532280679181 ) ) ;
#2060 = CARTESIAN_POINT ( 'NONE',  ( 3.640576798400449121, -2.645033189763096537, 5.396550499274328061 ) ) ;
#2061 = CARTESIAN_POINT ( 'NONE',  ( -5.790757520609521902E-07, 4.731580009072167137, 47.67915833951017390 ) ) ;
#2062 = AXIS2_PLACEMENT_3D ( 'NONE', #1729, #3054, #5913 ) ;
#2063 = DIRECTION ( 'NONE',  ( 0.0000000000000000000, 0.0000000000000000000, 1.000000000000000000 ) ) ;
#2064 = CARTESIAN_POINT ( 'NONE',  ( 5.562307081842484457, -7.655856933191495628, 5.281339033769596902 ) ) ;
#2065 = AXIS2_PLACEMENT_3D ( 'NONE', #585, #1686, #5826 ) ;
#2066 = ORIENTED_EDGE ( 'NONE', *, *, #1002, .T. ) ;
#2067 = CARTESIAN_POINT ( 'NONE',  ( 3.640576798400430469, -2.645033189763122294, 37.65576084059868123 ) ) ;
#2068 = VECTOR ( 'NONE', #1735, 1000.000000000000000 ) ;
#2069 = ORIENTED_EDGE ( 'NONE', *, *, #3647, .T. ) ;
#2070 = ADVANCED_FACE ( 'NONE', ( #3117 ), #3056, .T. ) ;
#2071 = VECTOR ( 'NONE', #5543, 1000.000000000000000 ) ;
#2072 = CARTESIAN_POINT ( 'NONE',  ( 0.0000000000000000000, 0.0000000000000000000, 0.0000000000000000000 ) ) ;
#2073 = AXIS2_PLACEMENT_3D ( 'NONE', #1492, #6137, #429 ) ;
#2074 = DIRECTION ( 'NONE',  ( 0.0000000000000000000, 0.0000000000000000000, -1.000000000000000000 ) ) ;
#2075 = ORIENTED_EDGE ( 'NONE', *, *, #7294, .T. ) ;
#2076 = CARTESIAN_POINT ( 'NONE',  ( -5.562305207913746052, -7.655858294680418119, 14.03741041212906282 ) ) ;
#2077 = AXIS2_PLACEMENT_3D ( 'NONE', #342, #3114, #1557 ) ;
#2078 = CARTESIAN_POINT ( 'NONE',  ( -4.500000000000000000, -4.211171415427525904E-14, 39.03829838325953006 ) ) ;
#2079 = CARTESIAN_POINT ( 'NONE',  ( 5.562305207913758487, 7.655858294680410125, 61.27411126906827832 ) ) ;
#2080 = EDGE_LOOP ( 'NONE', ( #3200, #982, #5207, #1536 ) ) ;
#2081 = CARTESIAN_POINT ( 'NONE',  ( -2.781152024881092810, -8.559509365782284718, 16.45685118772839317 ) ) ;
#2082 = ORIENTED_EDGE ( 'NONE', *, *, #2318, .T. ) ;
#2083 = FACE_OUTER_BOUND ( 'NONE', #7139, .T. ) ;
#2084 = CARTESIAN_POINT ( 'NONE',  ( 0.0000000000000000000, 0.0000000000000000000, 0.0000000000000000000 ) ) ;
#2085 = DIRECTION ( 'NONE',  ( 1.000000000000000000, 0.0000000000000000000, 0.0000000000000000000 ) ) ;
#2086 = LINE ( 'NONE', #5091, #6960 ) ;
#2087 = EDGE_LOOP ( 'NONE', ( #2986, #3171, #842, #881 ) ) ;
#2088 = EDGE_CURVE ( 'NONE', #7075, #1404, #557, .T. ) ;
#2089 = CARTESIAN_POINT ( 'NONE',  ( 1.390575950908286895, 4.279754493514261959, 36.04280032353246099 ) ) ;
#2090 = CARTESIAN_POINT ( 'NONE',  ( -1.390576998466245273, 4.279754153142047990, 1.976983293028378830 ) ) ;
#2091 = CARTESIAN_POINT ( 'NONE',  ( -9.000000398245260769, 1.102182168003596278E-15, 0.0000000000000000000 ) ) ;
#2092 = DIRECTION ( 'NONE',  ( 1.000000000000000000, 0.0000000000000000000, 0.0000000000000000000 ) ) ;
#2093 = CARTESIAN_POINT ( 'NONE',  ( -4.500000000000000888, 5.790173823830402552E-15, 13.95897566212436125 ) ) ;
#2094 = FACE_OUTER_BOUND ( 'NONE', #1732, .T. ) ;
#2095 = ORIENTED_EDGE ( 'NONE', *, *, #3313, .F. ) ;
#2096 = VERTEX_POINT ( 'NONE', #5599 ) ;
#2097 = CARTESIAN_POINT ( 'NONE',  ( 4.500000000000000888, 0.0000000000000000000, 0.0000000000000000000 ) ) ;
#2098 = LINE ( 'NONE', #3847, #4754 ) ;
#2099 = CARTESIAN_POINT ( 'NONE',  ( 4.500000000000000888, 1.472790022038344647E-14, 31.24069548783384320 ) ) ;
#2100 = CARTESIAN_POINT ( 'NONE',  ( -6.970598694936104955, -5.693044967552067348, 64.90317691394324129 ) ) ;
#2101 = CARTESIAN_POINT ( 'NONE',  ( -4.500000000000000888, 5.510910596163089556E-16, 1.203706215242022408E-32 ) ) ;
#2102 = CARTESIAN_POINT ( 'NONE',  ( -4.500000000000000888, 7.994547023094337917E-15, 18.56743428231354898 ) ) ;
#2103 = LINE ( 'NONE', #6583, #4591 ) ;
#2104 = EDGE_LOOP ( 'NONE', ( #5416, #3207, #3367, #5467, #779, #3358 ) ) ;
#2105 = CARTESIAN_POINT ( 'NONE',  ( 9.000000756133726298, -2.924276294026221912, 19.33713782534663750 ) ) ;
#2106 = EDGE_CURVE ( 'NONE', #836, #5363, #789, .T. ) ;
#2107 = DIRECTION ( 'NONE',  ( 0.0000000000000000000, 0.0000000000000000000, 1.000000000000000000 ) ) ;
#2108 =( LENGTH_UNIT ( ) NAMED_UNIT ( * ) SI_UNIT ( .MILLI., .METRE. ) );
#2109 = ORIENTED_EDGE ( 'NONE', *, *, #5240, .T. ) ;
#2110 = CARTESIAN_POINT ( 'NONE',  ( -4.500000000000001776, -3.965470251685004604E-14, 39.30549807316493371 ) ) ;
#2111 = ORIENTED_EDGE ( 'NONE', *, *, #4519, .F. ) ;
#2112 = CARTESIAN_POINT ( 'NONE',  ( -4.500000000000000000, 2.624583652093063533E-14, 48.25521562363792327 ) ) ;
#2113 = EDGE_CURVE ( 'NONE', #6436, #5699, #2977, .T. ) ;
#2114 = CARTESIAN_POINT ( 'NONE',  ( 3.640576150974021985, 2.645034080869125948, 54.51341156318518699 ) ) ;
#2115 = FACE_OUTER_BOUND ( 'NONE', #1484, .T. ) ;
#2116 = DIRECTION ( 'NONE',  ( 0.0000000000000000000, 0.0000000000000000000, 1.000000000000000000 ) ) ;
#2117 = ORIENTED_EDGE ( 'NONE', *, *, #6761, .T. ) ;
#2118 = CARTESIAN_POINT ( 'NONE',  ( 5.790758077058620999E-07, -4.731580009072167137, 37.31012644408448864 ) ) ;
#2119 = ORIENTED_EDGE ( 'NONE', *, *, #6828, .F. ) ;
#2120 = ORIENTED_EDGE ( 'NONE', *, *, #4324, .F. ) ;
#2121 = LINE ( 'NONE', #7031, #7152 ) ;
#2122 = CARTESIAN_POINT ( 'NONE',  ( -4.500000000000000888, 2.342511195845331885E-14, 50.82664462363791102 ) ) ;
#2123 = VECTOR ( 'NONE', #4901, 1000.000000000000000 ) ;
#2124 = DIRECTION ( 'NONE',  ( 0.0000000000000000000, 0.0000000000000000000, 1.000000000000000000 ) ) ;
#2125 = ORIENTED_EDGE ( 'NONE', *, *, #5257, .F. ) ;
#2126 = ORIENTED_EDGE ( 'NONE', *, *, #6897, .F. ) ;
#2127 = CARTESIAN_POINT ( 'NONE',  ( 0.0000000000000000000, 0.0000000000000000000, 0.0000000000000000000 ) ) ;
#2128 = CARTESIAN_POINT ( 'NONE',  ( -1.390576998466242165, 4.279754153142048878, 8.889671223312168635 ) ) ;
#2129 = CARTESIAN_POINT ( 'NONE',  ( -4.500000000000000000, -3.549859729651930302E-14, 52.86367424382710567 ) ) ;
#2130 = EDGE_CURVE ( 'NONE', #5656, #2186, #536, .T. ) ;
#2131 = LINE ( 'NONE', #1685, #2068 ) ;
#2132 = CARTESIAN_POINT ( 'NONE',  ( -9.000000398245257216, 3.345488625337251553E-15, 6.779088041935164455 ) ) ;
#2133 = ORIENTED_EDGE ( 'NONE', *, *, #631, .F. ) ;
#2134 = DIRECTION ( 'NONE',  ( 0.0000000000000000000, 0.0000000000000000000, 1.000000000000000000 ) ) ;
#2135 = ADVANCED_FACE ( 'NONE', ( #3127 ), #2892, .T. ) ;
#2136 = EDGE_LOOP ( 'NONE', ( #312, #412, #1834, #6156 ) ) ;
#2137 = VECTOR ( 'NONE', #790, 1000.000000000000000 ) ;
#2138 = CARTESIAN_POINT ( 'NONE',  ( 9.000000756133731628, -2.924276294026209921, 7.815991274873654859 ) ) ;
#2139 =( BOUNDED_CURVE ( )  B_SPLINE_CURVE ( 2, ( #6480, #6889, #2471, #2972, #4664, #4605, #3687, #6942, #2527, #7034, #2919 ),
 .UNSPECIFIED., .F., .F. ) 
 B_SPLINE_CURVE_WITH_KNOTS ( ( 3, 2, 2, 2, 2, 3 ),
 ( 0.5178571421499158500, 0.5214285714285714635, 0.5250000000000000222, 0.5285714285714285809, 0.5321428571428571397, 0.5357142850070587548 ),
 .UNSPECIFIED. ) 
 CURVE ( )  GEOMETRIC_REPRESENTATION_ITEM ( )  RATIONAL_B_SPLINE_CURVE ( ( 1.000000000000000000, 0.9510565162951535312, 1.000000000000000000, 0.9510565162951535312, 1.000000000000000000, 0.9510565162951535312, 1.000000000000000000, 0.9510565162951535312, 1.000000000000000000, 0.9510565162951535312, 1.000000000000000000 ) ) 
 REPRESENTATION_ITEM ( '' )  );
#2140 = VECTOR ( 'NONE', #4973, 1000.000000000000000 ) ;
#2141 = ORIENTED_EDGE ( 'NONE', *, *, #6649, .F. ) ;
#2142 = CARTESIAN_POINT ( 'NONE',  ( -4.500000000000000888, 3.877103087970347730E-15, 11.38754666212435929 ) ) ;
#2143 = ORIENTED_EDGE ( 'NONE', *, *, #3412, .T. ) ;
#2144 = CARTESIAN_POINT ( 'NONE',  ( 0.0000000000000000000, 0.0000000000000000000, 0.0000000000000000000 ) ) ;
#2145 =( BOUNDED_CURVE ( )  B_SPLINE_CURVE ( 2, ( #6433, #5199, #4722, #3023, #5842, #3594, #5932, #1882, #3640, #5792, #3122 ),
 .UNSPECIFIED., .F., .F. ) 
 B_SPLINE_CURVE_WITH_KNOTS ( ( 3, 2, 2, 2, 2, 3 ),
 ( 0.8571428564356301516, 0.8607142857142857650, 0.8642857142857143238, 0.8678571428571428825, 0.8714285714285714413, 0.8749999992927730563 ),
 .UNSPECIFIED. ) 
 CURVE ( )  GEOMETRIC_REPRESENTATION_ITEM ( )  RATIONAL_B_SPLINE_CURVE ( ( 1.000000000000000000, 0.9510565162951535312, 1.000000000000000000, 0.9510565162951535312, 1.000000000000000000, 0.9510565162951535312, 1.000000000000000000, 0.9510565162951535312, 1.000000000000000000, 0.9510565162951535312, 1.000000000000000000 ) ) 
 REPRESENTATION_ITEM ( '' )  );
#2146 = CARTESIAN_POINT ( 'NONE',  ( 4.500000000000000888, 2.261713360437586282E-15, 10.50263169698246557 ) ) ;
#2147 = AXIS2_PLACEMENT_3D ( 'NONE', #2540, #4841, #2735 ) ;
#2148 = CARTESIAN_POINT ( 'NONE',  ( -9.000000398245262545, -1.807021815897372425E-14, 41.60972738325951781 ) ) ;
#2149 = CARTESIAN_POINT ( 'NONE',  ( 9.000000040356653130, 2.924278496961525420, 33.66013630682908087 ) ) ;
#2150 = CARTESIAN_POINT ( 'NONE',  ( 9.000000398245257216, -2.243306420102374438E-15, 5.626973386887868855 ) ) ;
#2151 = ORIENTED_EDGE ( 'NONE', *, *, #4170, .F. ) ;
#2152 = ORIENTED_EDGE ( 'NONE', *, *, #708, .T. ) ;
#2153 =( LENGTH_UNIT ( ) NAMED_UNIT ( * ) SI_UNIT ( .MILLI., .METRE. ) );
#2154 = LINE ( 'NONE', #4875, #7123 ) ;
#2155 =( BOUNDED_CURVE ( )  B_SPLINE_CURVE ( 2, ( #6437, #5154, #6290, #159, #115, #4502, #747, #1705, #3551, #4005, #649 ),
 .UNSPECIFIED., .F., .F. ) 
 B_SPLINE_CURVE_WITH_KNOTS ( ( 3, 2, 2, 2, 2, 3 ),
 ( 0.1724137924206084194, 0.1758620689655172320, 0.1793103448275862044, 0.1827586206896551768, 0.1862068965517241492, 0.1896551717309532537 ),
 .UNSPECIFIED. ) 
 CURVE ( )  GEOMETRIC_REPRESENTATION_ITEM ( )  RATIONAL_B_SPLINE_CURVE ( ( 1.000000000000000000, 0.9510565162951535312, 1.000000000000000000, 0.9510565162951535312, 1.000000000000000000, 0.9510565162951535312, 1.000000000000000000, 0.9510565162951535312, 1.000000000000000000, 0.9510565162951535312, 1.000000000000000000 ) ) 
 REPRESENTATION_ITEM ( '' )  );
#2156 = CARTESIAN_POINT ( 'NONE',  ( 0.0000000000000000000, 0.0000000000000000000, 0.0000000000000000000 ) ) ;
#2157 =( BOUNDED_CURVE ( )  B_SPLINE_CURVE ( 2, ( #6252, #610, #1122, #7059, #2290, #6503, #3092, #6760, #275, #2545, #4254 ),
 .UNSPECIFIED., .F., .F. ) 
 B_SPLINE_CURVE_WITH_KNOTS ( ( 3, 2, 2, 2, 2, 3 ),
 ( 0.7241379303516428667, 0.7275862068965517349, 0.7310344827586207073, 0.7344827586206896797, 0.7379310344827586521, 0.7413793096619878398 ),
 .UNSPECIFIED. ) 
 CURVE ( )  GEOMETRIC_REPRESENTATION_ITEM ( )  RATIONAL_B_SPLINE_CURVE ( ( 1.000000000000000000, 0.9510565162951535312, 1.000000000000000000, 0.9510565162951535312, 1.000000000000000000, 0.9510565162951535312, 1.000000000000000000, 0.9510565162951535312, 1.000000000000000000, 0.9510565162951535312, 1.000000000000000000 ) ) 
 REPRESENTATION_ITEM ( '' )  );
#2158 = DIRECTION ( 'NONE',  ( 1.000000000000000000, 0.0000000000000000000, 0.0000000000000000000 ) ) ;
#2159 = CARTESIAN_POINT ( 'NONE',  ( -2.781153417856662369, 3.827928297211941722, 27.43871716957366758 ) ) ;
#2160 = FACE_OUTER_BOUND ( 'NONE', #167, .T. ) ;
#2161 = ORIENTED_EDGE ( 'NONE', *, *, #3985, .F. ) ;
#2162 = ORIENTED_EDGE ( 'NONE', *, *, #5971, .F. ) ;
#2163 =( BOUNDED_CURVE ( )  B_SPLINE_CURVE ( 2, ( #4472, #3289, #508, #1516, #988, #4379, #2030, #2775, #5662, #4927, #6207 ),
 .UNSPECIFIED., .F., .F. ) 
 B_SPLINE_CURVE_WITH_KNOTS ( ( 3, 2, 2, 2, 2, 3 ),
 ( 0.6607142850070587548, 0.6642857142857142572, 0.6678571428571428159, 0.6714285714285713746, 0.6750000000000000444, 0.6785714278642016595 ),
 .UNSPECIFIED. ) 
 CURVE ( )  GEOMETRIC_REPRESENTATION_ITEM ( )  RATIONAL_B_SPLINE_CURVE ( ( 1.000000000000000000, 0.9510565162951535312, 1.000000000000000000, 0.9510565162951535312, 1.000000000000000000, 0.9510565162951535312, 1.000000000000000000, 0.9510565162951535312, 1.000000000000000000, 0.9510565162951535312, 1.000000000000000000 ) ) 
 REPRESENTATION_ITEM ( '' )  );
#2164 =( BOUNDED_CURVE ( )  B_SPLINE_CURVE ( 2, ( #914, #6596, #5904, #6449, #7112, #7057, #3566, #2587, #6961, #3705, #3044 ),
 .UNSPECIFIED., .F., .F. ) 
 B_SPLINE_CURVE_WITH_KNOTS ( ( 3, 2, 2, 2, 2, 3 ),
 ( 0.1785714278642015762, 0.1821428571428571341, 0.1857142857142857206, 0.1892857142857142794, 0.1928571428571428659, 0.1964285707213444532 ),
 .UNSPECIFIED. ) 
 CURVE ( )  GEOMETRIC_REPRESENTATION_ITEM ( )  RATIONAL_B_SPLINE_CURVE ( ( 1.000000000000000000, 0.9510565162951535312, 1.000000000000000000, 0.9510565162951535312, 1.000000000000000000, 0.9510565162951535312, 1.000000000000000000, 0.9510565162951535312, 1.000000000000000000, 0.9510565162951535312, 1.000000000000000000 ) ) 
 REPRESENTATION_ITEM ( '' )  );
#2165 = CARTESIAN_POINT ( 'NONE',  ( -5.562307081842487122, 7.655856933191493852, 2.092194758533107546 ) ) ;
#2166 = LINE ( 'NONE', #1966, #4640 ) ;
#2167 = ORIENTED_EDGE ( 'NONE', *, *, #4589, .F. ) ;
#2168 = CARTESIAN_POINT ( 'NONE',  ( -3.640576798400406489, 2.645033189763155157, 45.98776311583517895 ) ) ;
#2169 = EDGE_LOOP ( 'NONE', ( #5338, #3196, #2921, #3021 ) ) ;
#2170 = VECTOR ( 'NONE', #4540, 1000.000000000000000 ) ;
#2171 = AXIS2_PLACEMENT_3D ( 'NONE', #3795, #1633, #2207 ) ;
#2172 = CARTESIAN_POINT ( 'NONE',  ( -4.500000000000000888, 5.510910596163089556E-16, 0.0000000000000000000 ) ) ;
#2173 = CARTESIAN_POINT ( 'NONE',  ( 9.000000398245260769, 0.0000000000000000000, 0.0000000000000000000 ) ) ;
#2174 = ORIENTED_EDGE ( 'NONE', *, *, #6767, .F. ) ;
#2175 = ORIENTED_EDGE ( 'NONE', *, *, #5365, .T. ) ;
#2176 = CARTESIAN_POINT ( 'NONE',  ( 7.281152624135229345, 5.290068395820936686, 22.25420122186082850 ) ) ;
#2177 = ORIENTED_EDGE ( 'NONE', *, *, #1141, .T. ) ;
#2178 = ORIENTED_EDGE ( 'NONE', *, *, #5983, .F. ) ;
#2179 = AXIS2_PLACEMENT_3D ( 'NONE', #5706, #1305, #4216 ) ;
#2180 = VECTOR ( 'NONE', #2694, 1000.000000000000000 ) ;
#2181 = CARTESIAN_POINT ( 'NONE',  ( -1.390575950908261138, -4.279754493514270841, 2.898675017066217663 ) ) ;
#2182 = CYLINDRICAL_SURFACE ( 'NONE', #2368, 9.000000398245260769 ) ;
#2183 = CARTESIAN_POINT ( 'NONE',  ( 4.499999821055717497, 1.462139183781838492, 40.30562454720745791 ) ) ;
#2184 = ORIENTED_EDGE ( 'NONE', *, *, #5514, .F. ) ;
#2185 = CARTESIAN_POINT ( 'NONE',  ( -1.158151624927103441E-06, 9.463160436884182403, 45.64212871932098636 ) ) ;
#2186 = VERTEX_POINT ( 'NONE', #3467 ) ;
#2187 = CARTESIAN_POINT ( 'NONE',  ( 2.781154119997049090, -8.559508685037844344, 23.86716173892704518 ) ) ;
#2188 = CARTESIAN_POINT ( 'NONE',  ( 5.562307081842490675, -7.655856933191491187, 14.49825627414798390 ) ) ;
#2189 = ADVANCED_FACE ( 'NONE', ( #2909 ), #3066, .T. ) ;
#2190 = CARTESIAN_POINT ( 'NONE',  ( 4.500000000000000888, -1.214347924320673299E-14, 28.66926648783383058 ) ) ;
#2191 = FACE_OUTER_BOUND ( 'NONE', #1975, .T. ) ;
#2192 = CARTESIAN_POINT ( 'NONE',  ( -7.281153918988078289, 5.290066613608886747, 61.85016859659194921 ) ) ;
#2193 = ORIENTED_EDGE ( 'NONE', *, *, #1506, .F. ) ;
#2194 = DIRECTION ( 'NONE',  ( 0.0000000000000000000, 0.0000000000000000000, 1.000000000000000000 ) ) ;
#2195 = ORIENTED_EDGE ( 'NONE', *, *, #7110, .T. ) ;
#2196 = EDGE_CURVE ( 'NONE', #5897, #626, #2936, .T. ) ;
#2197 = DIRECTION ( 'NONE',  ( 1.000000000000000000, 0.0000000000000000000, 0.0000000000000000000 ) ) ;
#2198 = CARTESIAN_POINT ( 'NONE',  ( 2.781154119997077068, -8.559508685037835463, 60.46763101053518596 ) ) ;
#2199 = LINE ( 'NONE', #3540, #2253 ) ;
#2200 = ORIENTED_EDGE ( 'NONE', *, *, #4896, .T. ) ;
#2201 = CARTESIAN_POINT ( 'NONE',  ( 0.0000000000000000000, 0.0000000000000000000, 0.0000000000000000000 ) ) ;
#2202 = VERTEX_POINT ( 'NONE', #5891 ) ;
#2203 = CARTESIAN_POINT ( 'NONE',  ( 0.0000000000000000000, 0.0000000000000000000, 0.0000000000000000000 ) ) ;
#2204 = EDGE_CURVE ( 'NONE', #2891, #639, #640, .T. ) ;
#2205 = DIRECTION ( 'NONE',  ( 0.0000000000000000000, 0.0000000000000000000, 1.000000000000000000 ) ) ;
#2206 = CARTESIAN_POINT ( 'NONE',  ( -5.562307081842486234, 7.655856933191494740, 4.129224378722299527 ) ) ;
#2207 = DIRECTION ( 'NONE',  ( 1.000000000000000000, 0.0000000000000000000, 0.0000000000000000000 ) ) ;
#2208 = CYLINDRICAL_SURFACE ( 'NONE', #4736, 9.000000398245260769 ) ;
#2209 = VERTEX_POINT ( 'NONE', #1288 ) ;
#2210 = ADVANCED_FACE ( 'NONE', ( #2963 ), #5407, .F. ) ;
#2211 = VERTEX_POINT ( 'NONE', #4668 ) ;
#2212 = CARTESIAN_POINT ( 'NONE',  ( 7.281153918988106710, -5.290066613608848556, 44.83564846078787980 ) ) ;
#2213 = CARTESIAN_POINT ( 'NONE',  ( -9.000000756133731628, 2.924276294026212586, 43.53154558133989838 ) ) ;
#2214 = CARTESIAN_POINT ( 'NONE',  ( 4.499999821055700622, 1.462139183781888008, 26.74744837654528951 ) ) ;
#2215 = CARTESIAN_POINT ( 'NONE',  ( 4.499999999999968026, 5.507338258194797734E-07, 1.018514810094594880 ) ) ;
#2216 = EDGE_CURVE ( 'NONE', #875, #6484, #3102, .T. ) ;
#2217 = FACE_OUTER_BOUND ( 'NONE', #5866, .T. ) ;
#2218 = EDGE_LOOP ( 'NONE', ( #3487, #2082, #6034, #5855 ) ) ;
#2219 = CARTESIAN_POINT ( 'NONE',  ( 9.000000398245260769, 0.0000000000000000000, 0.0000000000000000000 ) ) ;
#2220 = EDGE_LOOP ( 'NONE', ( #343, #7162, #2574, #5008 ) ) ;
#2221 = CARTESIAN_POINT ( 'NONE',  ( 0.0000000000000000000, 0.0000000000000000000, 65.00000000000000000 ) ) ;
#2222 = EDGE_CURVE ( 'NONE', #2231, #16, #2905, .T. ) ;
#2223 = CARTESIAN_POINT ( 'NONE',  ( 4.500000000000000888, 0.0000000000000000000, 0.0000000000000000000 ) ) ;
#2224 = ORIENTED_EDGE ( 'NONE', *, *, #3049, .F. ) ;
#2225 = CARTESIAN_POINT ( 'NONE',  ( -9.000000398245257216, -1.540273981978424174E-14, 20.87166359240815083 ) ) ;
#2226 = ORIENTED_EDGE ( 'NONE', *, *, #7299, .T. ) ;
#2227 = CARTESIAN_POINT ( 'NONE',  ( -3.640576798400399383, 2.645033189763164927, 48.02479273602436649 ) ) ;
#2228 = CARTESIAN_POINT ( 'NONE',  ( 2.781153417856671251, -3.827928297211935060, 14.49825627414798390 ) ) ;
#2229 = ORIENTED_EDGE ( 'NONE', *, *, #6427, .T. ) ;
#2230 = CARTESIAN_POINT ( 'NONE',  ( 0.0000000000000000000, 0.0000000000000000000, 0.0000000000000000000 ) ) ;
#2231 = VERTEX_POINT ( 'NONE', #5976 ) ;
#2232 = VECTOR ( 'NONE', #2312, 1000.000000000000000 ) ;
#2233 = ORIENTED_EDGE ( 'NONE', *, *, #2204, .F. ) ;
#2234 = EDGE_LOOP ( 'NONE', ( #4508, #434, #21, #5564 ) ) ;
#2235 = DIRECTION ( 'NONE',  ( 1.000000000000000000, 0.0000000000000000000, 0.0000000000000000000 ) ) ;
#2236 = DIRECTION ( 'NONE',  ( 0.0000000000000000000, 0.0000000000000000000, 1.000000000000000000 ) ) ;
#2237 = CYLINDRICAL_SURFACE ( 'NONE', #4684, 9.000000398245260769 ) ;
#2238 = EDGE_CURVE ( 'NONE', #5396, #3624, #499, .T. ) ;
#2239 = CARTESIAN_POINT ( 'NONE',  ( -2.781152024881030194, -8.559509365782304258, 14.41982156753919853 ) ) ;
#2240 = EDGE_LOOP ( 'NONE', ( #7106, #2510, #5457, #327 ) ) ;
#2241 = ORIENTED_EDGE ( 'NONE', *, *, #347, .T. ) ;
#2242 = CARTESIAN_POINT ( 'NONE',  ( -9.000000398245257216, 1.141126179421490200E-15, 4.742058421745974250 ) ) ;
#2243 = CARTESIAN_POINT ( 'NONE',  ( -5.562307081842481793, 7.655856933191498293, 59.43072782099260820 ) ) ;
#2244 = FACE_OUTER_BOUND ( 'NONE', #3470, .T. ) ;
#2245 = CARTESIAN_POINT ( 'NONE',  ( 5.562305207913754934, 7.655858294680413678, 5.972607826797975861 ) ) ;
#2246 = CARTESIAN_POINT ( 'NONE',  ( -9.000000398245262545, -7.099719759156837703E-14, 53.13087393373250933 ) ) ;
#2247 = ORIENTED_EDGE ( 'NONE', *, *, #7091, .T. ) ;
#2248 = CYLINDRICAL_SURFACE ( 'NONE', #2582, 4.500000000000000888 ) ;
#2249 = CARTESIAN_POINT ( 'NONE',  ( 0.0000000000000000000, 0.0000000000000000000, 0.0000000000000000000 ) ) ;
#2250 =( BOUNDED_CURVE ( )  B_SPLINE_CURVE ( 2, ( #1636, #2214, #482, #538, #1053, #3943, #6833, #2159, #6880, #2747, #3353 ),
 .UNSPECIFIED., .F., .F. ) 
 B_SPLINE_CURVE_WITH_KNOTS ( ( 3, 2, 2, 2, 2, 3 ),
 ( 0.4137931027654360161, 0.4172413793103448287, 0.4206896551724138011, 0.4241379310344827736, 0.4275862068965517460, 0.4310344820757807671 ),
 .UNSPECIFIED. ) 
 CURVE ( )  GEOMETRIC_REPRESENTATION_ITEM ( )  RATIONAL_B_SPLINE_CURVE ( ( 1.000000000000000000, 0.9510565162951535312, 1.000000000000000000, 0.9510565162951535312, 1.000000000000000000, 0.9510565162951535312, 1.000000000000000000, 0.9510565162951535312, 1.000000000000000000, 0.9510565162951535312, 1.000000000000000000 ) ) 
 REPRESENTATION_ITEM ( '' )  );
#2251 = AXIS2_PLACEMENT_3D ( 'NONE', #6377, #3073, #743 ) ;
#2252 = CARTESIAN_POINT ( 'NONE',  ( 9.000000756133720969, -2.924276294026234346, 33.16251368591421311 ) ) ;
#2253 = VECTOR ( 'NONE', #3498, 1000.000000000000000 ) ;
#2254 = EDGE_LOOP ( 'NONE', ( #7130, #1511, #6565, #1616 ) ) ;
#2255 = CARTESIAN_POINT ( 'NONE',  ( -5.790757995554958292E-07, 4.731580009072167137, 43.33789940922639516 ) ) ;
#2256 = ORIENTED_EDGE ( 'NONE', *, *, #6919, .F. ) ;
#2257 = DIRECTION ( 'NONE',  ( 0.0000000000000000000, 0.0000000000000000000, 1.000000000000000000 ) ) ;
#2258 = ADVANCED_FACE ( 'NONE', ( #5460 ), #882, .T. ) ;
#2259 = CARTESIAN_POINT ( 'NONE',  ( 4.500000178944235429, -1.462138082314234033, 33.42971337581962388 ) ) ;
#2260 = CARTESIAN_POINT ( 'NONE',  ( 9.000000040356683328, 2.924278496961437046, 59.00665871786964800 ) ) ;
#2261 = CARTESIAN_POINT ( 'NONE',  ( 2.781154119997085061, -8.559508685037831910, 51.51791346006221062 ) ) ;
#2262 = CARTESIAN_POINT ( 'NONE',  ( -5.790757590143695327E-07, 4.731580009072167137, 33.85378247894259829 ) ) ;
#2263 = VERTEX_POINT ( 'NONE', #5934 ) ;
#2264 = LINE ( 'NONE', #7064, #7222 ) ;
#2265 = DIRECTION ( 'NONE',  ( 0.0000000000000000000, 0.0000000000000000000, 1.000000000000000000 ) ) ;
#2266 = CARTESIAN_POINT ( 'NONE',  ( -4.774244571494415723, -6.670637004176751539, 64.99997486900998922 ) ) ;
#2267 = CARTESIAN_POINT ( 'NONE',  ( 2.781153417856666366, -3.827928297211937281, 26.01940282462096832 ) ) ;
#2268 = CARTESIAN_POINT ( 'NONE',  ( -2.781152480892362888, -3.827928977956352785, 23.52152734241285970 ) ) ;
#2269 = VECTOR ( 'NONE', #2726, 1000.000000000000000 ) ;
#2270 = AXIS2_PLACEMENT_3D ( 'NONE', #5, #2967, #687 ) ;
#2271 = ORIENTED_EDGE ( 'NONE', *, *, #7294, .F. ) ;
#2272 = CARTESIAN_POINT ( 'NONE',  ( 4.500000000000000888, -6.853008287334341987E-15, 60.92847682915817842 ) ) ;
#2273 = ORIENTED_EDGE ( 'NONE', *, *, #4242, .F. ) ;
#2274 = CARTESIAN_POINT ( 'NONE',  ( 1.158151573923659961E-06, -9.463160436884182403, 62.92384854503045233 ) ) ;
#2275 = CARTESIAN_POINT ( 'NONE',  ( 0.0000000000000000000, 0.0000000000000000000, 0.0000000000000000000 ) ) ;
#2276 = ADVANCED_FACE ( 'NONE', ( #691 ), #5679, .F. ) ;
#2277 = EDGE_LOOP ( 'NONE', ( #1629, #4692, #2161, #7216 ) ) ;
#2278 = CARTESIAN_POINT ( 'NONE',  ( -3.640576798400469105, 2.645033189763069004, 25.24969932498380487 ) ) ;
#2279 = DIRECTION ( 'NONE',  ( 1.000000000000000000, 0.0000000000000000000, 0.0000000000000000000 ) ) ;
#2280 = CARTESIAN_POINT ( 'NONE',  ( -9.000000398245257216, 5.549846935349869874E-15, 9.083317352029762759 ) ) ;
#2281 = FACE_OUTER_BOUND ( 'NONE', #75, .T. ) ;
#2282 = ORIENTED_EDGE ( 'NONE', *, *, #2664, .F. ) ;
#2283 = CARTESIAN_POINT ( 'NONE',  ( -3.640576150974008662, -2.645034080869143267, 41.84015035766490342 ) ) ;
#2284 = ORIENTED_EDGE ( 'NONE', *, *, #5799, .F. ) ;
#2285 = EDGE_CURVE ( 'NONE', #2976, #3277, #3197, .T. ) ;
#2286 = ORIENTED_EDGE ( 'NONE', *, *, #6938, .F. ) ;
#2287 = LINE ( 'NONE', #4395, #2071 ) ;
#2288 = CARTESIAN_POINT ( 'NONE',  ( 3.640576150974046410, 2.645034080869090420, 54.24621187327977623 ) ) ;
#2289 = CARTESIAN_POINT ( 'NONE',  ( 3.640576798400430025, -2.645033189763122738, 63.26948294154465202 ) ) ;
#2290 = CARTESIAN_POINT ( 'NONE',  ( 1.390575950908220948, 4.279754493514283276, 47.83114656391085617 ) ) ;
#2291 = CYLINDRICAL_SURFACE ( 'NONE', #4877, 9.000000398245260769 ) ;
#2292 = CARTESIAN_POINT ( 'NONE',  ( 7.281153918988085394, -5.290066613608876978, 14.88066742955811783 ) ) ;
#2293 = CARTESIAN_POINT ( 'NONE',  ( 0.0000000000000000000, 0.0000000000000000000, 64.99985808877012516 ) ) ;
#2294 = ORIENTED_EDGE ( 'NONE', *, *, #1397, .F. ) ;
#2295 = CARTESIAN_POINT ( 'NONE',  ( 7.281153918988080065, -5.290066613608884971, 24.09758466993650572 ) ) ;
#2296 = CARTESIAN_POINT ( 'NONE',  ( -5.790757566965637166E-07, 4.731580009072167137, 38.46224109913178779 ) ) ;
#2297 = EDGE_CURVE ( 'NONE', #6928, #4865, #5549, .T. ) ;
#2298 = DIRECTION ( 'NONE',  ( 1.000000000000000000, 0.0000000000000000000, 0.0000000000000000000 ) ) ;
#2299 = CARTESIAN_POINT ( 'NONE',  ( 1.390576998466146463, -4.279754153142080852, 62.77186032062978427 ) ) ;
#2300 = CARTESIAN_POINT ( 'NONE',  ( -1.390575950908282454, -4.279754493514263736, 60.23720807952572898 ) ) ;
#2301 = ORIENTED_EDGE ( 'NONE', *, *, #2021, .F. ) ;
#2302 = ADVANCED_FACE ( 'NONE', ( #5766 ), #5649, .T. ) ;
#2303 = LINE ( 'NONE', #106, #2170 ) ;
#2304 = EDGE_CURVE ( 'NONE', #269, #5664, #2411, .T. ) ;
#2305 = CARTESIAN_POINT ( 'NONE',  ( 9.000000398245257216, -1.987823111304005947E-14, 24.06080786764463753 ) ) ;
#2306 = FACE_OUTER_BOUND ( 'NONE', #5226, .T. ) ;
#2307 = ORIENTED_EDGE ( 'NONE', *, *, #760, .T. ) ;
#2308 = CARTESIAN_POINT ( 'NONE',  ( 7.281152624135204476, 5.290068395820972214, 8.161625671387843894 ) ) ;
#2309 = ORIENTED_EDGE ( 'NONE', *, *, #3212, .T. ) ;
#2310 = DIRECTION ( 'NONE',  ( 1.000000000000000000, 0.0000000000000000000, 0.0000000000000000000 ) ) ;
#2311 = CARTESIAN_POINT ( 'NONE',  ( 3.640576150974025538, 2.645034080869120618, 10.46585498148244042 ) ) ;
#2312 = DIRECTION ( 'NONE',  ( 0.0000000000000000000, 0.0000000000000000000, 1.000000000000000000 ) ) ;
#2313 = ORIENTED_EDGE ( 'NONE', *, *, #3815, .T. ) ;
#2314 = FACE_OUTER_BOUND ( 'NONE', #3086, .T. ) ;
#2315 = DIRECTION ( 'NONE',  ( 1.000000000000000000, 0.0000000000000000000, 0.0000000000000000000 ) ) ;
#2316 = CARTESIAN_POINT ( 'NONE',  ( -9.000000398245262545, -6.217974015648454797E-14, 62.34779117411090255 ) ) ;
#2317 = CYLINDRICAL_SURFACE ( 'NONE', #6559, 4.500000000000000888 ) ;
#2318 = EDGE_CURVE ( 'NONE', #6299, #5517, #3156, .T. ) ;
#2319 = ORIENTED_EDGE ( 'NONE', *, *, #1157, .T. ) ;
#2320 = CARTESIAN_POINT ( 'NONE',  ( -4.500000000000000888, 5.510910596163089556E-16, 0.0000000000000000000 ) ) ;
#2321 = ORIENTED_EDGE ( 'NONE', *, *, #2676, .T. ) ;
#2322 = ADVANCED_FACE ( 'NONE', ( #819 ), #5621, .T. ) ;
#2323 = DIRECTION ( 'NONE',  ( 0.0000000000000000000, 0.0000000000000000000, 1.000000000000000000 ) ) ;
#2324 = CARTESIAN_POINT ( 'NONE',  ( -2.781152024881013318, -8.559509365782311363, 62.80863707952573094 ) ) ;
#2325 = CARTESIAN_POINT ( 'NONE',  ( -2.781152480892342016, -3.827928977956367440, 39.65113251307504783 ) ) ;
#2326 = ORIENTED_EDGE ( 'NONE', *, *, #6, .F. ) ;
#2327 = CARTESIAN_POINT ( 'NONE',  ( 9.000000398245260769, -6.663304491431817256E-14, 49.67452996859060477 ) ) ;
#2328 = FACE_OUTER_BOUND ( 'NONE', #5270, .T. ) ;
#2329 = CARTESIAN_POINT ( 'NONE',  ( -4.500000000000000888, -1.496143833404757974E-15, 25.48012221259734744 ) ) ;
#2330 = CARTESIAN_POINT ( 'NONE',  ( 2.781153417856665477, -3.827928297211938613, 51.63312492556693201 ) ) ;
#2331 = CARTESIAN_POINT ( 'NONE',  ( -5.562307081842498668, 7.655856933191484970, 36.38843472004664648 ) ) ;
#2332 = CYLINDRICAL_SURFACE ( 'NONE', #3659, 4.500000000000000888 ) ;
#2333 = DIRECTION ( 'NONE',  ( 1.000000000000000000, 0.0000000000000000000, 0.0000000000000000000 ) ) ;
#2334 = ORIENTED_EDGE ( 'NONE', *, *, #2736, .F. ) ;
#2335 = CARTESIAN_POINT ( 'NONE',  ( -4.500000000000000888, 1.901635930437194263E-14, 41.60972738325952491 ) ) ;
#2336 = EDGE_LOOP ( 'NONE', ( #2282, #7115, #6965, #7201 ) ) ;
#2337 = CARTESIAN_POINT ( 'NONE',  ( -5.562307081842488898, 7.655856933191492963, 50.48101027051963996 ) ) ;
#2338 = EDGE_CURVE ( 'NONE', #3946, #1531, #3402, .T. ) ;
#2339 = CARTESIAN_POINT ( 'NONE',  ( 0.0000000000000000000, 0.0000000000000000000, 0.0000000000000000000 ) ) ;
#2340 = CARTESIAN_POINT ( 'NONE',  ( 5.562307081842405410, -7.655856933191553360, 51.36592523566152835 ) ) ;
#2341 = FACE_OUTER_BOUND ( 'NONE', #3646, .T. ) ;
#2342 = CARTESIAN_POINT ( 'NONE',  ( -5.562307081842507550, 7.655856933191478753, 27.43871716957366758 ) ) ;
#2343 = EDGE_LOOP ( 'NONE', ( #3018, #4653, #4117, #5459 ) ) ;
#2344 = CARTESIAN_POINT ( 'NONE',  ( -7.281153918988124474, 5.290066613608822799, 45.98776311583517895 ) ) ;
#2345 = ORIENTED_EDGE ( 'NONE', *, *, #1167, .F. ) ;
#2346 = CARTESIAN_POINT ( 'NONE',  ( -4.500000000000000000, -1.785258647030337451E-14, 22.90869321259734903 ) ) ;
#2347 = CARTESIAN_POINT ( 'NONE',  ( -9.000000756133738733, 2.924276294026180167, 9.235305619826354118 ) ) ;
#2348 = DIRECTION ( 'NONE',  ( 1.000000000000000000, 0.0000000000000000000, 0.0000000000000000000 ) ) ;
#2349 = AXIS2_PLACEMENT_3D ( 'NONE', #1846, #6900, #1943 ) ;
#2350 = DIRECTION ( 'NONE',  ( 0.0000000000000000000, 0.0000000000000000000, 1.000000000000000000 ) ) ;
#2351 = CARTESIAN_POINT ( 'NONE',  ( 4.500000000000000000, -8.605351778301561735E-15, 44.79887165849601871 ) ) ;
#2352 = ORIENTED_EDGE ( 'NONE', *, *, #4837, .F. ) ;
#2353 = FACE_OUTER_BOUND ( 'NONE', #4969, .T. ) ;
#2354 = DIRECTION ( 'NONE',  ( 0.0000000000000000000, 0.0000000000000000000, 1.000000000000000000 ) ) ;
#2355 = VECTOR ( 'NONE', #5591, 1000.000000000000000 ) ;
#2356 = ORIENTED_EDGE ( 'NONE', *, *, #489, .F. ) ;
#2357 = CARTESIAN_POINT ( 'NONE',  ( 5.562305207913769145, 7.655858294680402132, 8.276837136892574165 ) ) ;
#2358 = ORIENTED_EDGE ( 'NONE', *, *, #127, .F. ) ;
#2359 = DIRECTION ( 'NONE',  ( 0.0000000000000000000, 0.0000000000000000000, 1.000000000000000000 ) ) ;
#2360 = CARTESIAN_POINT ( 'NONE',  ( 1.390576998466232395, -4.279754153142053319, 7.470356878359464048 ) ) ;
#2361 = CARTESIAN_POINT ( 'NONE',  ( 9.000000398245260769, 0.0000000000000000000, 0.0000000000000000000 ) ) ;
#2362 = VERTEX_POINT ( 'NONE', #3376 ) ;
#2363 = AXIS2_PLACEMENT_3D ( 'NONE', #6538, #5480, #6590 ) ;
#2364 = LINE ( 'NONE', #4804, #80 ) ;
#2365 = LINE ( 'NONE', #6823, #5033 ) ;
#2366 = CARTESIAN_POINT ( 'NONE',  ( 5.790757462283916297E-07, -4.731580009072167137, 49.09847268446288382 ) ) ;
#2367 = CARTESIAN_POINT ( 'NONE',  ( 9.000000398245257216, -8.856400892282580803E-15, 12.53966131717165666 ) ) ;
#2368 = AXIS2_PLACEMENT_3D ( 'NONE', #1725, #4260, #2298 ) ;
#2369 = FACE_OUTER_BOUND ( 'NONE', #4455, .T. ) ;
#2370 = ORIENTED_EDGE ( 'NONE', *, *, #1242, .F. ) ;
#2371 = EDGE_LOOP ( 'NONE', ( #6967, #2900, #5362, #6978 ) ) ;
#2372 = CARTESIAN_POINT ( 'NONE',  ( 0.0000000000000000000, 0.0000000000000000000, 0.0000000000000000000 ) ) ;
#2373 = CARTESIAN_POINT ( 'NONE',  ( -2.781152480892316703, -3.827928977956385204, 46.56382044335882142 ) ) ;
#2374 = ORIENTED_EDGE ( 'NONE', *, *, #5827, .T. ) ;
#2375 = DIRECTION ( 'NONE',  ( 1.000000000000000000, 0.0000000000000000000, 0.0000000000000000000 ) ) ;
#2376 = FACE_OUTER_BOUND ( 'NONE', #4903, .T. ) ;
#2377 = DIRECTION ( 'NONE',  ( 0.0000000000000000000, 0.0000000000000000000, 1.000000000000000000 ) ) ;
#2378 = EDGE_CURVE ( 'NONE', #2891, #1600, #5542, .T. ) ;
#2379 = CARTESIAN_POINT ( 'NONE',  ( -9.000000398245260769, 1.102182168003596278E-15, 0.0000000000000000000 ) ) ;
#2380 = DIRECTION ( 'NONE',  ( 0.0000000000000000000, 0.0000000000000000000, 1.000000000000000000 ) ) ;
#2381 = VECTOR ( 'NONE', #1278, 1000.000000000000000 ) ;
#2382 = EDGE_CURVE ( 'NONE', #4813, #5818, #677, .T. ) ;
#2383 = CARTESIAN_POINT ( 'NONE',  ( 2.781154119997034879, -8.559508685037849673, 39.72956721968382254 ) ) ;
#2384 = EDGE_LOOP ( 'NONE', ( #2370, #7372, #6599, #2334 ) ) ;
#2385 = ORIENTED_EDGE ( 'NONE', *, *, #3812, .F. ) ;
#2386 = ADVANCED_FACE ( 'NONE', ( #5844 ), #854, .F. ) ;
#2387 = CARTESIAN_POINT ( 'NONE',  ( 9.000000398245260769, -6.663304491431817256E-14, 49.67452996859060477 ) ) ;
#2388 = EDGE_LOOP ( 'NONE', ( #1517, #1653, #2075, #4090 ) ) ;
#2389 = CARTESIAN_POINT ( 'NONE',  ( 2.781153417856633947, -3.827928297211961706, 37.54054937509394563 ) ) ;
#2390 = CARTESIAN_POINT ( 'NONE',  ( -9.000000398245262545, -9.252843752145473688E-15, 50.55944493373250737 ) ) ;
#2391 = EDGE_CURVE ( 'NONE', #5517, #2485, #5795, .T. ) ;
#2392 = VECTOR ( 'NONE', #1638, 1000.000000000000000 ) ;
#2393 = CARTESIAN_POINT ( 'NONE',  ( 0.0000000000000000000, 0.0000000000000000000, 0.0000000000000000000 ) ) ;
#2394 = DIRECTION ( 'NONE',  ( 1.000000000000000000, 0.0000000000000000000, 0.0000000000000000000 ) ) ;
#2395 = ORIENTED_EDGE ( 'NONE', *, *, #7203, .T. ) ;
#2396 = DIRECTION ( 'NONE',  ( 1.000000000000000000, 0.0000000000000000000, 0.0000000000000000000 ) ) ;
#2397 = EDGE_CURVE ( 'NONE', #6651, #2096, #3298, .T. ) ;
#2398 = CARTESIAN_POINT ( 'NONE',  ( 5.790757984346392588E-07, -4.731580009072167137, 55.74396092484126086 ) ) ;
#2399 =( BOUNDED_CURVE ( )  B_SPLINE_CURVE ( 2, ( #1877, #5233, #2464, #5832, #5730, #3401, #6277, #1690, #589, #5680, #634 ),
 .UNSPECIFIED., .F., .F. ) 
 B_SPLINE_CURVE_WITH_KNOTS ( ( 3, 2, 2, 2, 2, 3 ),
 ( 0.5535714278642016595, 0.5571428571428571619, 0.5607142857142857206, 0.5642857142857142794, 0.5678571428571428381, 0.5714285707213444532 ),
 .UNSPECIFIED. ) 
 CURVE ( )  GEOMETRIC_REPRESENTATION_ITEM ( )  RATIONAL_B_SPLINE_CURVE ( ( 1.000000000000000000, 0.9510565162951535312, 1.000000000000000000, 0.9510565162951535312, 1.000000000000000000, 0.9510565162951535312, 1.000000000000000000, 0.9510565162951535312, 1.000000000000000000, 0.9510565162951535312, 1.000000000000000000 ) ) 
 REPRESENTATION_ITEM ( '' )  );
#2400 = CARTESIAN_POINT ( 'NONE',  ( 3.640576798400462000, -2.645033189763079218, 60.69805394154465006 ) ) ;
#2401 = ADVANCED_FACE ( 'NONE', ( #3215 ), #3288, .T. ) ;
#2402 = VERTEX_POINT ( 'NONE', #3819 ) ;
#2403 = CARTESIAN_POINT ( 'NONE',  ( -4.500000000000001776, -3.524599835623303368E-14, 48.52241531354331272 ) ) ;
#2404 = CARTESIAN_POINT ( 'NONE',  ( -5.790757995876846693E-07, 4.731580009072167137, 20.02840661837501557 ) ) ;
#2405 =( BOUNDED_CURVE ( )  B_SPLINE_CURVE ( 2, ( #3317, #4008, #3866, #6708, #4558, #4410, #5603, #6153, #5159, #314, #5851 ),
 .UNSPECIFIED., .F., .F. ) 
 B_SPLINE_CURVE_WITH_KNOTS ( ( 3, 2, 2, 2, 2, 3 ),
 ( 0.5862068958688841924, 0.5896551724137930606, 0.5931034482758620330, 0.5965517241379310054, 0.5999999999999999778, 0.6034482751792291655 ),
 .UNSPECIFIED. ) 
 CURVE ( )  GEOMETRIC_REPRESENTATION_ITEM ( )  RATIONAL_B_SPLINE_CURVE ( ( 1.000000000000000000, 0.9510565162951535312, 1.000000000000000000, 0.9510565162951535312, 1.000000000000000000, 0.9510565162951535312, 1.000000000000000000, 0.9510565162951535312, 1.000000000000000000, 0.9510565162951535312, 1.000000000000000000 ) ) 
 REPRESENTATION_ITEM ( '' )  );
#2406 = ORIENTED_EDGE ( 'NONE', *, *, #4097, .T. ) ;
#2407 = DIRECTION ( 'NONE',  ( 0.0000000000000000000, 0.0000000000000000000, 1.000000000000000000 ) ) ;
#2408 = ORIENTED_EDGE ( 'NONE', *, *, #6311, .T. ) ;
#2409 =( BOUNDED_CURVE ( )  B_SPLINE_CURVE ( 2, ( #1969, #7027, #835, #6419, #5504, #1366, #6061, #6014, #3493, #6614, #2520 ),
 .UNSPECIFIED., .F., .F. ) 
 B_SPLINE_CURVE_WITH_KNOTS ( ( 3, 2, 2, 2, 2, 3 ),
 ( 0.1607142850070587270, 0.1642857142857142849, 0.1678571428571428437, 0.1714285714285714302, 0.1749999999999999889, 0.1785714278642015762 ),
 .UNSPECIFIED. ) 
 CURVE ( )  GEOMETRIC_REPRESENTATION_ITEM ( )  RATIONAL_B_SPLINE_CURVE ( ( 1.000000000000000000, 0.9510565162951535312, 1.000000000000000000, 0.9510565162951535312, 1.000000000000000000, 0.9510565162951535312, 1.000000000000000000, 0.9510565162951535312, 1.000000000000000000, 0.9510565162951535312, 1.000000000000000000 ) ) 
 REPRESENTATION_ITEM ( '' )  );
#2410 = CARTESIAN_POINT ( 'NONE',  ( 4.500000000000001776, 2.642297042830234551E-14, 33.54492479792843795 ) ) ;
#2411 =( BOUNDED_CURVE ( )  B_SPLINE_CURVE ( 2, ( #3779, #3075, #3688, #7151, #6380, #4241, #5845, #745, #1977, #4829, #7096 ),
 .UNSPECIFIED., .F., .F. ) 
 B_SPLINE_CURVE_WITH_KNOTS ( ( 3, 2, 2, 2, 2, 3 ),
 ( 0.01785714214991585697, 0.02142857142857142877, 0.02500000000000000139, 0.02857142857142857054, 0.03214285714285713969, 0.03571428500705871312 ),
 .UNSPECIFIED. ) 
 CURVE ( )  GEOMETRIC_REPRESENTATION_ITEM ( )  RATIONAL_B_SPLINE_CURVE ( ( 1.000000000000000000, 0.9510565162951535312, 1.000000000000000000, 0.9510565162951535312, 1.000000000000000000, 0.9510565162951535312, 1.000000000000000000, 0.9510565162951535312, 1.000000000000000000, 0.9510565162951535312, 1.000000000000000000 ) ) 
 REPRESENTATION_ITEM ( '' )  );
#2412 = CARTESIAN_POINT ( 'NONE',  ( -5.562305207913883720, -7.655858294680315979, 51.17227906354801092 ) ) ;
#2413 = CARTESIAN_POINT ( 'NONE',  ( 4.500000000000000888, -3.224811558795307152E-14, 35.84915410802303626 ) ) ;
#2414 = EDGE_CURVE ( 'NONE', #3305, #5608, #4307, .T. ) ;
#2415 = ORIENTED_EDGE ( 'NONE', *, *, #7241, .F. ) ;
#2416 = CARTESIAN_POINT ( 'NONE',  ( 5.790757937551241089E-07, -4.731580009072167137, 21.44772096332771483 ) ) ;
#2417 =( BOUNDED_CURVE ( )  B_SPLINE_CURVE ( 2, ( #1631, #3936, #5081, #6830, #5674, #3794, #630, #1734, #4587, #1321, #3224 ),
 .UNSPECIFIED., .F., .F. ) 
 B_SPLINE_CURVE_WITH_KNOTS ( ( 3, 2, 2, 2, 2, 3 ),
 ( 0.1249999992927730008, 0.1285714285714285587, 0.1321428571428571452, 0.1357142857142857040, 0.1392857142857142905, 0.1428571421499158500 ),
 .UNSPECIFIED. ) 
 CURVE ( )  GEOMETRIC_REPRESENTATION_ITEM ( )  RATIONAL_B_SPLINE_CURVE ( ( 1.000000000000000000, 0.9510565162951535312, 1.000000000000000000, 0.9510565162951535312, 1.000000000000000000, 0.9510565162951535312, 1.000000000000000000, 0.9510565162951535312, 1.000000000000000000, 0.9510565162951535312, 1.000000000000000000 ) ) 
 REPRESENTATION_ITEM ( '' )  );
#2418 = CARTESIAN_POINT ( 'NONE',  ( 0.0000000000000000000, 0.0000000000000000000, 64.99985808877012516 ) ) ;
#2419 = CARTESIAN_POINT ( 'NONE',  ( -5.790758169829425973E-07, 4.731580009072167137, 52.28761695969936341 ) ) ;
#2420 = DIRECTION ( 'NONE',  ( 0.0000000000000000000, 0.0000000000000000000, 1.000000000000000000 ) ) ;
#2421 = SURFACE_STYLE_FILL_AREA ( #587 ) ;
#2422 = EDGE_CURVE ( 'NONE', #6874, #2976, #4539, .T. ) ;
#2423 = EDGE_LOOP ( 'NONE', ( #4465, #1338, #6941, #1680 ) ) ;
#2424 = CARTESIAN_POINT ( 'NONE',  ( -3.640576150974028202, -2.645034080869116622, 44.14437966775949462 ) ) ;
#2425 = ORIENTED_EDGE ( 'NONE', *, *, #4170, .T. ) ;
#2426 = DIRECTION ( 'NONE',  ( 1.000000000000000000, 0.0000000000000000000, 0.0000000000000000000 ) ) ;
#2427 = ORIENTED_EDGE ( 'NONE', *, *, #820, .T. ) ;
#2428 = CARTESIAN_POINT ( 'NONE',  ( 0.0000000000000000000, 0.0000000000000000000, 0.0000000000000000000 ) ) ;
#2429 = ADVANCED_FACE ( 'NONE', ( #869 ), #3379, .T. ) ;
#2430 = CARTESIAN_POINT ( 'NONE',  ( 2.539121011054171984, 8.638149976525662410, 63.97077806033267677 ) ) ;
#2431 = DIRECTION ( 'NONE',  ( 1.000000000000000000, 0.0000000000000000000, 0.0000000000000000000 ) ) ;
#2432 = AXIS2_PLACEMENT_3D ( 'NONE', #4662, #894, #5244 ) ;
#2433 = CARTESIAN_POINT ( 'NONE',  ( 1.390576998466238612, -4.279754153142050654, 16.95447380864325737 ) ) ;
#2434 = PRODUCT_DEFINITION_SHAPE ( 'NONE', 'NONE',  #5077 ) ;
#2435 = ORIENTED_EDGE ( 'NONE', *, *, #641, .T. ) ;
#2436 = CARTESIAN_POINT ( 'NONE',  ( -7.281153918988088058, 5.290066613608873425, 43.68353380574058065 ) ) ;
#2437 = VERTEX_POINT ( 'NONE', #3429 ) ;
#2438 = CARTESIAN_POINT ( 'NONE',  ( -9.000000040356658459, -2.924278496961513873, 11.76995786093041119 ) ) ;
#2439 = VERTEX_POINT ( 'NONE', #7305 ) ;
#2440 = CARTESIAN_POINT ( 'NONE',  ( 4.500000000000000888, 0.0000000000000000000, 0.0000000000000000000 ) ) ;
#2441 = CARTESIAN_POINT ( 'NONE',  ( 9.000000398245258992, 8.513856656889261750E-14, 51.71155958877980652 ) ) ;
#2442 = CARTESIAN_POINT ( 'NONE',  ( -4.500000000000000888, 5.510910596163089556E-16, 0.0000000000000000000 ) ) ;
#2443 = ORIENTED_EDGE ( 'NONE', *, *, #1845, .F. ) ;
#2444 = CARTESIAN_POINT ( 'NONE',  ( -4.500000000000000888, -9.905738352867439391E-15, 15.99600528231355590 ) ) ;
#2445 = ORIENTED_EDGE ( 'NONE', *, *, #3212, .F. ) ;
#2446 = CARTESIAN_POINT ( 'NONE',  ( 2.781152024881131002, 8.559509365782272283, 24.52165377305948013 ) ) ;
#2447 = CARTESIAN_POINT ( 'NONE',  ( 9.000000040356647801, 2.924278496961536078, 6.009384585693921643 ) ) ;
#2448 = ADVANCED_FACE ( 'NONE', ( #752 ), #5609, .T. ) ;
#2449 = DIRECTION ( 'NONE',  ( 1.000000000000000000, 0.0000000000000000000, 0.0000000000000000000 ) ) ;
#2450 = DIRECTION ( 'NONE',  ( 0.0000000000000000000, 0.0000000000000000000, 1.000000000000000000 ) ) ;
#2451 = VERTEX_POINT ( 'NONE', #6764 ) ;
#2452 = CARTESIAN_POINT ( 'NONE',  ( -5.562307081842459588, 7.655856933191513392, 18.22179992919528857 ) ) ;
#2453 = CARTESIAN_POINT ( 'NONE',  ( 9.000000398245257216, -1.767384995216257524E-14, 21.75657855755004633 ) ) ;
#2454 = VECTOR ( 'NONE', #4657, 1000.000000000000000 ) ;
#2455 = ORIENTED_EDGE ( 'NONE', *, *, #3571, .T. ) ;
#2456 = DIRECTION ( 'NONE',  ( 0.0000000000000000000, 0.0000000000000000000, 1.000000000000000000 ) ) ;
#2457 = ORIENTED_EDGE ( 'NONE', *, *, #2491, .F. ) ;
#2458 = AXIS2_PLACEMENT_3D ( 'NONE', #6504, #5486, #3754 ) ;
#2459 = CARTESIAN_POINT ( 'NONE',  ( -4.500000178944216778, 1.462138082314292431, 32.01039903086692107 ) ) ;
#2460 = CARTESIAN_POINT ( 'NONE',  ( 2.781152480892339796, 3.827928977956369216, 42.84027678831152031 ) ) ;
#2461 = CARTESIAN_POINT ( 'NONE',  ( -7.281153918988104934, 5.290066613608851220, 15.76558239470001332 ) ) ;
#2462 = ADVANCED_FACE ( 'NONE', ( #3228 ), #3319, .F. ) ;
#2463 = EDGE_LOOP ( 'NONE', ( #5412, #2679, #466, #5118 ) ) ;
#2464 = CARTESIAN_POINT ( 'NONE',  ( -7.281152624135219575, -5.290068395820950897, 37.23169173747570682 ) ) ;
#2465 = CARTESIAN_POINT ( 'NONE',  ( -4.542547550230105813, -6.346476367735109925, 64.99996230351435145 ) ) ;
#2466 = ORIENTED_EDGE ( 'NONE', *, *, #5872, .T. ) ;
#2467 = CARTESIAN_POINT ( 'NONE',  ( 5.562305207913746052, 7.655858294680418119, 47.71593509840612057 ) ) ;
#2468 = ORIENTED_EDGE ( 'NONE', *, *, #592, .T. ) ;
#2469 = EDGE_CURVE ( 'NONE', #3916, #2402, #3239, .T. ) ;
#2470 = CARTESIAN_POINT ( 'NONE',  ( -4.500000000000000888, -3.914992510253091508E-15, 7.046287731840572555 ) ) ;
#2471 = CARTESIAN_POINT ( 'NONE',  ( -7.281152624135181384, -5.290068395821005076, 34.92746242738110851 ) ) ;
#2472 = VERTEX_POINT ( 'NONE', #5215 ) ;
#2473 = CYLINDRICAL_SURFACE ( 'NONE', #5860, 4.500000000000000888 ) ;
#2474 = DIRECTION ( 'NONE',  ( 1.000000000000000000, 0.0000000000000000000, 0.0000000000000000000 ) ) ;
#2475 = EDGE_CURVE ( 'NONE', #5907, #1755, #3330, .T. ) ;
#2476 = DIRECTION ( 'NONE',  ( 0.0000000000000000000, 0.0000000000000000000, 1.000000000000000000 ) ) ;
#2477 = CARTESIAN_POINT ( 'NONE',  ( 0.0000000000000000000, 0.0000000000000000000, 0.0000000000000000000 ) ) ;
#2478 = CYLINDRICAL_SURFACE ( 'NONE', #421, 4.500000000000000888 ) ;
#2479 = VERTEX_POINT ( 'NONE', #1720 ) ;
#2480 = DIRECTION ( 'NONE',  ( 0.0000000000000000000, 0.0000000000000000000, 1.000000000000000000 ) ) ;
#2481 = VERTEX_POINT ( 'NONE', #6860 ) ;
#2482 = EDGE_CURVE ( 'NONE', #5608, #3979, #5703, .T. ) ;
#2483 = CARTESIAN_POINT ( 'NONE',  ( 0.0000000000000000000, 0.0000000000000000000, 0.0000000000000000000 ) ) ;
#2484 =( BOUNDED_CURVE ( )  B_SPLINE_CURVE ( 2, ( #6519, #242, #2516, #1364, #3109, #7077, #3674, #6335, #4926, #1883, #208 ),
 .UNSPECIFIED., .F., .F. ) 
 B_SPLINE_CURVE_WITH_KNOTS ( ( 3, 2, 2, 2, 2, 3 ),
 ( 0.6071428564356300406, 0.6107142857142857650, 0.6142857142857143238, 0.6178571428571428825, 0.6214285714285714413, 0.6249999992927730563 ),
 .UNSPECIFIED. ) 
 CURVE ( )  GEOMETRIC_REPRESENTATION_ITEM ( )  RATIONAL_B_SPLINE_CURVE ( ( 1.000000000000000000, 0.9510565162951535312, 1.000000000000000000, 0.9510565162951535312, 1.000000000000000000, 0.9510565162951535312, 1.000000000000000000, 0.9510565162951535312, 1.000000000000000000, 0.9510565162951535312, 1.000000000000000000 ) ) 
 REPRESENTATION_ITEM ( '' )  );
#2485 = VERTEX_POINT ( 'NONE', #5115 ) ;
#2486 = CARTESIAN_POINT ( 'NONE',  ( 5.562307081842412515, -7.655856933191547142, 42.14900799528312803 ) ) ;
#2487 = ADVANCED_FACE ( 'NONE', ( #704 ), #5636, .F. ) ;
#2488 = VECTOR ( 'NONE', #5078, 1000.000000000000000 ) ;
#2489 = CARTESIAN_POINT ( 'NONE',  ( -3.640576798400454006, 2.645033189763089876, 54.93748066630816140 ) ) ;
#2490 = CARTESIAN_POINT ( 'NONE',  ( -7.281153918988052531, 5.290066613608923163, 41.37930449564598234 ) ) ;
#2491 = EDGE_CURVE ( 'NONE', #3734, #1844, #1018, .T. ) ;
#2492 =( BOUNDED_CURVE ( )  B_SPLINE_CURVE ( 2, ( #4247, #4556, #5696, #4613, #6245, #6387, #1201, #2228, #2815, #5105, #3420 ),
 .UNSPECIFIED., .F., .F. ) 
 B_SPLINE_CURVE_WITH_KNOTS ( ( 3, 2, 2, 2, 2, 3 ),
 ( 0.1964285707213444532, 0.2000000000000000111, 0.2035714285714285698, 0.2071428571428571563, 0.2107142857142857151, 0.2142857135784872746 ),
 .UNSPECIFIED. ) 
 CURVE ( )  GEOMETRIC_REPRESENTATION_ITEM ( )  RATIONAL_B_SPLINE_CURVE ( ( 1.000000000000000000, 0.9510565162951535312, 1.000000000000000000, 0.9510565162951535312, 1.000000000000000000, 0.9510565162951535312, 1.000000000000000000, 0.9510565162951535312, 1.000000000000000000, 0.9510565162951535312, 1.000000000000000000 ) ) 
 REPRESENTATION_ITEM ( '' )  );
#2493 = CARTESIAN_POINT ( 'NONE',  ( 5.562305207913752270, 7.655858294680414566, 3.935578206608784768 ) ) ;
#2494 = ORIENTED_EDGE ( 'NONE', *, *, #3906, .T. ) ;
#2495 = CARTESIAN_POINT ( 'NONE',  ( 2.781153417856670362, -3.827928297211935060, 16.80248558424257865 ) ) ;
#2496 = ORIENTED_EDGE ( 'NONE', *, *, #4977, .T. ) ;
#2497 = DIRECTION ( 'NONE',  ( 0.0000000000000000000, 0.0000000000000000000, 1.000000000000000000 ) ) ;
#2498 = ADVANCED_BREP_SHAPE_REPRESENTATION ( '1752434124255', ( #5610, #4195 ), #3767 ) ;
#2499 = CARTESIAN_POINT ( 'NONE',  ( 2.293044671060478379, 8.702985309929294644, 63.98136811349451847 ) ) ;
#2500 = CARTESIAN_POINT ( 'NONE',  ( 5.790758007085413456E-07, -4.731580009072167137, 7.622345102760139213 ) ) ;
#2501 = CARTESIAN_POINT ( 'NONE',  ( 9.000000398245260769, -7.545046771121321988E-14, 58.89144720896899798 ) ) ;
#2502 = CARTESIAN_POINT ( 'NONE',  ( -9.000000398245260769, 1.102182168003596278E-15, 0.0000000000000000000 ) ) ;
#2503 = ORIENTED_EDGE ( 'NONE', *, *, #267, .F. ) ;
#2504 = CARTESIAN_POINT ( 'NONE',  ( 4.500000000000000888, 3.032853742208792869E-15, 28.93646617773924135 ) ) ;
#2505 = LINE ( 'NONE', #4027, #2488 ) ;
#2506 = CARTESIAN_POINT ( 'NONE',  ( -2.781154119996992691, 8.559508685037862108, 52.67002811510950266 ) ) ;
#2507 = DIRECTION ( 'NONE',  ( 0.0000000000000000000, 0.0000000000000000000, 1.000000000000000000 ) ) ;
#2508 = VERTEX_POINT ( 'NONE', #4419 ) ;
#2509 = DIRECTION ( 'NONE',  ( 0.0000000000000000000, 0.0000000000000000000, 1.000000000000000000 ) ) ;
#2510 = ORIENTED_EDGE ( 'NONE', *, *, #6574, .T. ) ;
#2511 = CARTESIAN_POINT ( 'NONE',  ( -4.500000000000001776, -4.185906677222342674E-14, 34.69703945297575132 ) ) ;
#2512 = CARTESIAN_POINT ( 'NONE',  ( -9.000000040356660236, -2.924278496961510321, 16.37841648111960424 ) ) ;
#2513 = ADVANCED_FACE ( 'NONE', ( #5857 ), #1119, .T. ) ;
#2514 = CARTESIAN_POINT ( 'NONE',  ( 9.000000040356679776, 2.924278496961446372, 49.52254178758585113 ) ) ;
#2515 = AXIS2_PLACEMENT_3D ( 'NONE', #2203, #3394, #5079 ) ;
#2516 = CARTESIAN_POINT ( 'NONE',  ( 7.281152624135240892, 5.290068395820923364, 40.42083601271219351 ) ) ;
#2517 = CARTESIAN_POINT ( 'NONE',  ( -3.640576150974023761, -2.645034080869122839, 4.705281706245949103 ) ) ;
#2518 = EDGE_CURVE ( 'NONE', #3916, #6150, #1920, .T. ) ;
#2519 = ORIENTED_EDGE ( 'NONE', *, *, #3736, .F. ) ;
#2520 = CARTESIAN_POINT ( 'NONE',  ( 9.000000398245257216, -8.856400892282580803E-15, 12.53966131717165666 ) ) ;
#2521 = CARTESIAN_POINT ( 'NONE',  ( 4.500000000000000888, -2.223840223273468081E-15, 7.931202696982466271 ) ) ;
#2522 = DIRECTION ( 'NONE',  ( -1.000000000000000000, 0.0000000000000000000, 0.0000000000000000000 ) ) ;
#2523 = VECTOR ( 'NONE', #1262, 1000.000000000000000 ) ;
#2524 = ORIENTED_EDGE ( 'NONE', *, *, #3676, .F. ) ;
#2525 = CARTESIAN_POINT ( 'NONE',  ( 0.0000000000000000000, 0.0000000000000000000, 0.0000000000000000000 ) ) ;
#2526 = ORIENTED_EDGE ( 'NONE', *, *, #3068, .T. ) ;
#2527 = CARTESIAN_POINT ( 'NONE',  ( 7.281153918988111151, -5.290066613608841450, 35.61873122040948658 ) ) ;
#2528 = ORIENTED_EDGE ( 'NONE', *, *, #2948, .F. ) ;
#2529 = CYLINDRICAL_SURFACE ( 'NONE', #3877, 4.500000000000000888 ) ;
#2530 = CARTESIAN_POINT ( 'NONE',  ( -9.000000756133735180, 2.924276294026189937, 20.75645217029934386 ) ) ;
#2531 = CARTESIAN_POINT ( 'NONE',  ( -9.000000398245262545, -2.247894697991322797E-14, 36.73406907316493175 ) ) ;
#2532 = VECTOR ( 'NONE', #668, 1000.000000000000000 ) ;
#2533 = ORIENTED_EDGE ( 'NONE', *, *, #659, .T. ) ;
#2534 = CARTESIAN_POINT ( 'NONE',  ( 7.281152624135204476, 5.290068395820972214, 42.99226501271220258 ) ) ;
#2535 = ORIENTED_EDGE ( 'NONE', *, *, #6239, .F. ) ;
#2536 = CARTESIAN_POINT ( 'NONE',  ( -1.158151655058579157E-06, 9.463160436884182403, 15.68714768809122795 ) ) ;
#2537 = CARTESIAN_POINT ( 'NONE',  ( 4.500000000000000888, 0.0000000000000000000, 0.0000000000000000000 ) ) ;
#2538 = ORIENTED_EDGE ( 'NONE', *, *, #4487, .F. ) ;
#2539 = CIRCLE ( 'NONE', #6190, 4.500000000000000888 ) ;
#2540 = CARTESIAN_POINT ( 'NONE',  ( 0.0000000000000000000, 0.0000000000000000000, 0.0000000000000000000 ) ) ;
#2541 = CARTESIAN_POINT ( 'NONE',  ( 9.000000398245260769, -5.781553898576993545E-14, 40.45761272821221866 ) ) ;
#2542 = CARTESIAN_POINT ( 'NONE',  ( -4.500000000000000000, -1.123947302466751154E-14, 36.73406907316493175 ) ) ;
#2543 = CARTESIAN_POINT ( 'NONE',  ( -2.781154119997077068, 8.559508685037835463, 27.32350570406894263 ) ) ;
#2544 = CARTESIAN_POINT ( 'NONE',  ( 4.500000000000000888, 0.0000000000000000000, 0.0000000000000000000 ) ) ;
#2545 = CARTESIAN_POINT ( 'NONE',  ( -4.500000178944238982, 1.462138082314225151, 48.40720389143450575 ) ) ;
#2546 = CARTESIAN_POINT ( 'NONE',  ( -1.390575950908288005, -4.279754493514261959, 28.24519742810678125 ) ) ;
#2547 = DIRECTION ( 'NONE',  ( 0.0000000000000000000, 0.0000000000000000000, 1.000000000000000000 ) ) ;
#2548 = CARTESIAN_POINT ( 'NONE',  ( 9.000000398245262545, 4.242103829863659045E-16, 26.36503717773924294 ) ) ;
#2549 = ORIENTED_EDGE ( 'NONE', *, *, #3812, .T. ) ;
#2550 = ADVANCED_FACE ( 'NONE', ( #3592 ), #3422, .T. ) ;
#2551 = EDGE_CURVE ( 'NONE', #6955, #5584, #6051, .T. ) ;
#2552 = CARTESIAN_POINT ( 'NONE',  ( 9.000000040356660236, 2.924278496961507212, 52.09397078758585309 ) ) ;
#2553 = CARTESIAN_POINT ( 'NONE',  ( -2.781154119997014007, 8.559508685037856779, 29.36053532425813373 ) ) ;
#2554 = ORIENTED_EDGE ( 'NONE', *, *, #2106, .T. ) ;
#2555 = CARTESIAN_POINT ( 'NONE',  ( 2.781152480892393086, 3.827928977956330137, 63.84554026906828739 ) ) ;
#2556 = CARTESIAN_POINT ( 'NONE',  ( -9.000000398245262545, -8.422343182406819715E-14, 39.03829838325953006 ) ) ;
#2557 = DIRECTION ( 'NONE',  ( 1.000000000000000000, 0.0000000000000000000, 0.0000000000000000000 ) ) ;
#2558 = CARTESIAN_POINT ( 'NONE',  ( -2.781152024881189622, -8.559509365782252743, 55.89594914924193603 ) ) ;
#2559 = DIRECTION ( 'NONE',  ( 0.0000000000000000000, 0.0000000000000000000, 1.000000000000000000 ) ) ;
#2560 = CARTESIAN_POINT ( 'NONE',  ( 5.790757879927985675E-07, -4.731580009072167137, 9.659374722949328529 ) ) ;
#2561 = EDGE_LOOP ( 'NONE', ( #1565, #3564, #5045, #5021 ) ) ;
#2562 = DIRECTION ( 'NONE',  ( 1.000000000000000000, 0.0000000000000000000, 0.0000000000000000000 ) ) ;
#2563 = CARTESIAN_POINT ( 'NONE',  ( 1.158151648678755585E-06, -9.463160436884182403, 5.050916102760137250 ) ) ;
#2564 = EDGE_CURVE ( 'NONE', #4840, #7075, #3638, .T. ) ;
#2565 = LINE ( 'NONE', #7011, #5059 ) ;
#2566 = CARTESIAN_POINT ( 'NONE',  ( -9.000000398245260769, 4.016953110638495178E-14, 55.16790355392169687 ) ) ;
#2567 = EDGE_CURVE ( 'NONE', #2020, #2891, #2164, .T. ) ;
#2568 = CARTESIAN_POINT ( 'NONE',  ( 1.390575950908262692, 4.279754493514269953, 6.355018982208112455 ) ) ;
#2569 = CARTESIAN_POINT ( 'NONE',  ( 1.390576998466244829, -4.279754153142048878, 3.129097948075677316 ) ) ;
#2570 = ORIENTED_EDGE ( 'NONE', *, *, #4929, .T. ) ;
#2571 = FACE_OUTER_BOUND ( 'NONE', #524, .T. ) ;
#2572 = CARTESIAN_POINT ( 'NONE',  ( 5.562307081842345902, -7.655856933191595992, 58.27861316594532326 ) ) ;
#2573 = CARTESIAN_POINT ( 'NONE',  ( 0.0000000000000000000, 0.0000000000000000000, 0.0000000000000000000 ) ) ;
#2574 = ORIENTED_EDGE ( 'NONE', *, *, #2021, .T. ) ;
#2575 = CARTESIAN_POINT ( 'NONE',  ( 4.499999821055699734, 1.462139183781893337, 15.22630182607230687 ) ) ;
#2576 = EDGE_CURVE ( 'NONE', #3405, #7033, #6935, .T. ) ;
#2577 = CARTESIAN_POINT ( 'NONE',  ( -5.562305207913741611, -7.655858294680424336, 7.124722481845276789 ) ) ;
#2578 = ORIENTED_EDGE ( 'NONE', *, *, #108, .T. ) ;
#2579 = FACE_OUTER_BOUND ( 'NONE', #2768, .T. ) ;
#2580 = DIRECTION ( 'NONE',  ( 0.0000000000000000000, 0.0000000000000000000, 1.000000000000000000 ) ) ;
#2581 = FACE_OUTER_BOUND ( 'NONE', #7303, .T. ) ;
#2582 = AXIS2_PLACEMENT_3D ( 'NONE', #1097, #3403, #3496 ) ;
#2583 = DIRECTION ( 'NONE',  ( 0.0000000000000000000, 0.0000000000000000000, 1.000000000000000000 ) ) ;
#2584 = FACE_OUTER_BOUND ( 'NONE', #2798, .T. ) ;
#2585 = CARTESIAN_POINT ( 'NONE',  ( 4.500000000000000888, 0.0000000000000000000, 0.0000000000000000000 ) ) ;
#2586 = ORIENTED_EDGE ( 'NONE', *, *, #3488, .T. ) ;
#2587 = CARTESIAN_POINT ( 'NONE',  ( -5.562307081842463141, 7.655856933191510727, 13.61334130900608841 ) ) ;
#2588 = CARTESIAN_POINT ( 'NONE',  ( -7.281153918988009899, 5.290066613608980006, 48.02479273602436649 ) ) ;
#2589 = DIRECTION ( 'NONE',  ( 0.0000000000000000000, 0.0000000000000000000, 1.000000000000000000 ) ) ;
#2590 = CARTESIAN_POINT ( 'NONE',  ( -9.000000398245257216, -6.585299652096002638E-15, 30.08858083278653339 ) ) ;
#2591 = CARTESIAN_POINT ( 'NONE',  ( 4.499999821055701510, 1.462139183781885787, 31.35590699673448967 ) ) ;
#2592 = CARTESIAN_POINT ( 'NONE',  ( 0.5347263882265068657, -9.448040703973791921, 65.24881131045742677 ) ) ;
#2593 = CARTESIAN_POINT ( 'NONE',  ( -2.781152024881101248, -8.559509365782281165, 25.67376842810677928 ) ) ;
#2594 = ORIENTED_EDGE ( 'NONE', *, *, #2576, .F. ) ;
#2595 = FACE_OUTER_BOUND ( 'NONE', #6189, .T. ) ;
#2596 = CARTESIAN_POINT ( 'NONE',  ( 9.000000398245262545, 5.335118940199071414E-14, 37.88618372821222380 ) ) ;
#2597 = CYLINDRICAL_SURFACE ( 'NONE', #1458, 4.500000000000000888 ) ;
#2598 = CARTESIAN_POINT ( 'NONE',  ( -1.390576998466220626, 4.279754153142055983, 22.71504708387974958 ) ) ;
#2599 = FACE_OUTER_BOUND ( 'NONE', #5160, .T. ) ;
#2600 = ORIENTED_EDGE ( 'NONE', *, *, #6, .T. ) ;
#2601 = DIRECTION ( 'NONE',  ( 0.0000000000000000000, 0.0000000000000000000, 1.000000000000000000 ) ) ;
#2602 = CARTESIAN_POINT ( 'NONE',  ( 9.000000756133735180, -2.924276294026189937, 3.207532654684460471 ) ) ;
#2603 = DIRECTION ( 'NONE',  ( 1.000000000000000000, 0.0000000000000000000, 0.0000000000000000000 ) ) ;
#2604 = CARTESIAN_POINT ( 'NONE',  ( 7.281153918988062301, -5.290066613608908064, 56.35679501126086421 ) ) ;
#2605 = CARTESIAN_POINT ( 'NONE',  ( 5.562307081842487122, -7.655856933191493852, 19.37391458424258417 ) ) ;
#2606 = EDGE_LOOP ( 'NONE', ( #6364, #6924, #4863, #4145 ) ) ;
#2607 = FACE_OUTER_BOUND ( 'NONE', #230, .T. ) ;
#2608 = LINE ( 'NONE', #6404, #5123 ) ;
#2609 = ORIENTED_EDGE ( 'NONE', *, *, #108, .F. ) ;
#2610 = DIRECTION ( 'NONE',  ( 0.0000000000000000000, 0.0000000000000000000, 1.000000000000000000 ) ) ;
#2611 = AXIS2_PLACEMENT_3D ( 'NONE', #6893, #211, #2279 ) ;
#2612 = CARTESIAN_POINT ( 'NONE',  ( 4.499999821055703286, 1.462139183781881568, 1.133726275599323818 ) ) ;
#2613 = CARTESIAN_POINT ( 'NONE',  ( 4.500000000000000888, 5.568260544828900983E-15, 3.589943766698676875 ) ) ;
#2614 = VERTEX_POINT ( 'NONE', #174 ) ;
#2615 = FACE_OUTER_BOUND ( 'NONE', #470, .T. ) ;
#2616 = CARTESIAN_POINT ( 'NONE',  ( -4.499999821055703286, -1.462139183781878238, 14.07418717102500771 ) ) ;
#2617 = CARTESIAN_POINT ( 'NONE',  ( -9.000000756133731628, 2.924276294026208145, 38.92308696115070887 ) ) ;
#2618 = DIRECTION ( 'NONE',  ( 0.0000000000000000000, 0.0000000000000000000, 1.000000000000000000 ) ) ;
#2619 = EDGE_CURVE ( 'NONE', #233, #5762, #3408, .T. ) ;
#2620 = ADVANCED_FACE ( 'NONE', ( #5975 ), #1130, .T. ) ;
#2621 = AXIS2_PLACEMENT_3D ( 'NONE', #7337, #4555, #6195 ) ;
#2622 = CARTESIAN_POINT ( 'NONE',  ( 9.000000398245260769, 0.0000000000000000000, 0.0000000000000000000 ) ) ;
#2623 = EDGE_LOOP ( 'NONE', ( #279, #455, #2728, #7028 ) ) ;
#2624 = LINE ( 'NONE', #4168, #5133 ) ;
#2625 = CARTESIAN_POINT ( 'NONE',  ( 9.000000756133719193, -2.924276294026243672, 42.37943092629259922 ) ) ;
#2626 = CARTESIAN_POINT ( 'NONE',  ( 4.500000000000000888, 0.0000000000000000000, 0.0000000000000000000 ) ) ;
#2627 = VECTOR ( 'NONE', #4348, 1000.000000000000000 ) ;
#2628 = CARTESIAN_POINT ( 'NONE',  ( 0.0000000000000000000, 0.0000000000000000000, 0.0000000000000000000 ) ) ;
#2629 = VECTOR ( 'NONE', #1447, 1000.000000000000000 ) ;
#2630 =( BOUNDED_CURVE ( )  B_SPLINE_CURVE ( 2, ( #1316, #6008, #239, #5392, #3220, #829, #4312, #2655, #1405, #4909, #5961 ),
 .UNSPECIFIED., .F., .F. ) 
 B_SPLINE_CURVE_WITH_KNOTS ( ( 3, 2, 2, 2, 2, 3 ),
 ( 0.3571428564356301516, 0.3607142857142857095, 0.3642857142857142683, 0.3678571428571428825, 0.3714285714285714413, 0.3749999992927730008 ),
 .UNSPECIFIED. ) 
 CURVE ( )  GEOMETRIC_REPRESENTATION_ITEM ( )  RATIONAL_B_SPLINE_CURVE ( ( 1.000000000000000000, 0.9510565162951535312, 1.000000000000000000, 0.9510565162951535312, 1.000000000000000000, 0.9510565162951535312, 1.000000000000000000, 0.9510565162951535312, 1.000000000000000000, 0.9510565162951535312, 1.000000000000000000 ) ) 
 REPRESENTATION_ITEM ( '' )  );
#2631 = CARTESIAN_POINT ( 'NONE',  ( 3.640576798400450009, -2.645033189763095649, 35.35153153050408292 ) ) ;
#2632 = ORIENTED_EDGE ( 'NONE', *, *, #4118, .F. ) ;
#2633 = DIRECTION ( 'NONE',  ( 0.0000000000000000000, 0.0000000000000000000, 1.000000000000000000 ) ) ;
#2634 = CARTESIAN_POINT ( 'NONE',  ( 9.000000398245260769, 0.0000000000000000000, 0.0000000000000000000 ) ) ;
#2635 = CARTESIAN_POINT ( 'NONE',  ( -4.500000178944233653, 1.462138082314240917, 13.84376424001555073 ) ) ;
#2636 = EDGE_CURVE ( 'NONE', #2209, #6651, #7186, .T. ) ;
#2637 = DIRECTION ( 'NONE',  ( 1.000000000000000000, 0.0000000000000000000, 0.0000000000000000000 ) ) ;
#2638 = ORIENTED_EDGE ( 'NONE', *, *, #453, .T. ) ;
#2639 = CARTESIAN_POINT ( 'NONE',  ( -3.640576798400447789, 2.645033189763097869, 32.16238725526759623 ) ) ;
#2640 =( BOUNDED_CURVE ( )  B_SPLINE_CURVE ( 2, ( #3660, #2447, #1899, #5755, #3046, #5375, #1658, #1951, #4514, #6451, #6812 ),
 .UNSPECIFIED., .F., .F. ) 
 B_SPLINE_CURVE_WITH_KNOTS ( ( 3, 2, 2, 2, 2, 3 ),
 ( 0.07142857072134442542, 0.07499999999999999722, 0.07857142857142856984, 0.08214285714285714246, 0.08571428571428571508, 0.08928571357848728851 ),
 .UNSPECIFIED. ) 
 CURVE ( )  GEOMETRIC_REPRESENTATION_ITEM ( )  RATIONAL_B_SPLINE_CURVE ( ( 1.000000000000000000, 0.9510565162951535312, 1.000000000000000000, 0.9510565162951535312, 1.000000000000000000, 0.9510565162951535312, 1.000000000000000000, 0.9510565162951535312, 1.000000000000000000, 0.9510565162951535312, 1.000000000000000000 ) ) 
 REPRESENTATION_ITEM ( '' )  );
#2641 = CARTESIAN_POINT ( 'NONE',  ( 6.970598694936104955, 5.693044967552067348, 66.05529156899054044 ) ) ;
#2642 = CARTESIAN_POINT ( 'NONE',  ( 4.500000000000000888, -5.530386632182942341E-15, 14.84389062726625319 ) ) ;
#2643 = EDGE_CURVE ( 'NONE', #4163, #4460, #4313, .T. ) ;
#2644 = ORIENTED_EDGE ( 'NONE', *, *, #2760, .T. ) ;
#2645 = CYLINDRICAL_SURFACE ( 'NONE', #249, 9.000000398245260769 ) ;
#2646 = DIRECTION ( 'NONE',  ( 0.0000000000000000000, 0.0000000000000000000, 1.000000000000000000 ) ) ;
#2647 = CARTESIAN_POINT ( 'NONE',  ( 4.499999821055702398, 1.462139183781884011, 12.65487282607230313 ) ) ;
#2648 =( BOUNDED_CURVE ( )  B_SPLINE_CURVE ( 2, ( #6004, #4749, #5385, #1866, #93, #1913, #3668, #672, #4696, #286, #2453 ),
 .UNSPECIFIED., .F., .F. ) 
 B_SPLINE_CURVE_WITH_KNOTS ( ( 3, 2, 2, 2, 2, 3 ),
 ( 0.3035714278642015485, 0.3071428571428571619, 0.3107142857142857206, 0.3142857142857142794, 0.3178571428571428381, 0.3214285707213444532 ),
 .UNSPECIFIED. ) 
 CURVE ( )  GEOMETRIC_REPRESENTATION_ITEM ( )  RATIONAL_B_SPLINE_CURVE ( ( 1.000000000000000000, 0.9510565162951535312, 1.000000000000000000, 0.9510565162951535312, 1.000000000000000000, 0.9510565162951535312, 1.000000000000000000, 0.9510565162951535312, 1.000000000000000000, 0.9510565162951535312, 1.000000000000000000 ) ) 
 REPRESENTATION_ITEM ( '' )  );
#2649 = CARTESIAN_POINT ( 'NONE',  ( -2.781152024881034190, -8.559509365782304258, 18.76108049782298792 ) ) ;
#2650 = LINE ( 'NONE', #535, #2674 ) ;
#2651 = VECTOR ( 'NONE', #5493, 1000.000000000000000 ) ;
#2652 = VERTEX_POINT ( 'NONE', #7226 ) ;
#2653 = CARTESIAN_POINT ( 'NONE',  ( 1.146516483796214292, 4.351493990803398049, 63.98128827795501650 ) ) ;
#2654 = DIRECTION ( 'NONE',  ( 1.000000000000000000, 0.0000000000000000000, 0.0000000000000000000 ) ) ;
#2655 = CARTESIAN_POINT ( 'NONE',  ( -5.562307081842454259, 7.655856933191517832, 25.13448785947907282 ) ) ;
#2656 =( BOUNDED_CURVE ( )  B_SPLINE_CURVE ( 2, ( #6215, #579, #2894, #1132, #3337, #2837, #1086, #3294, #998, #4385, #3884 ),
 .UNSPECIFIED., .F., .F. ) 
 B_SPLINE_CURVE_WITH_KNOTS ( ( 3, 2, 2, 2, 2, 3 ),
 ( 0.3392857135784873579, 0.3428571428571428603, 0.3464285714285714191, 0.3499999999999999778, 0.3535714285714285920, 0.3571428564356301516 ),
 .UNSPECIFIED. ) 
 CURVE ( )  GEOMETRIC_REPRESENTATION_ITEM ( )  RATIONAL_B_SPLINE_CURVE ( ( 1.000000000000000000, 0.9510565162951535312, 1.000000000000000000, 0.9510565162951535312, 1.000000000000000000, 0.9510565162951535312, 1.000000000000000000, 0.9510565162951535312, 1.000000000000000000, 0.9510565162951535312, 1.000000000000000000 ) ) 
 REPRESENTATION_ITEM ( '' )  );
#2657 = ORIENTED_EDGE ( 'NONE', *, *, #5700, .T. ) ;
#2658 = EDGE_CURVE ( 'NONE', #1476, #795, #3600, .T. ) ;
#2659 = CARTESIAN_POINT ( 'NONE',  ( 4.499999821055730820, 1.462139183781798968, 56.43522971786963893 ) ) ;
#2660 = EDGE_LOOP ( 'NONE', ( #1998, #2702, #7180, #4469 ) ) ;
#2661 = DIRECTION ( 'NONE',  ( 1.000000000000000000, 0.0000000000000000000, 0.0000000000000000000 ) ) ;
#2662 = VECTOR ( 'NONE', #1945, 1000.000000000000000 ) ;
#2663 = FACE_OUTER_BOUND ( 'NONE', #1063, .T. ) ;
#2664 = EDGE_CURVE ( 'NONE', #639, #1677, #3501, .T. ) ;
#2665 = ORIENTED_EDGE ( 'NONE', *, *, #6079, .T. ) ;
#2666 = CARTESIAN_POINT ( 'NONE',  ( 0.0000000000000000000, 0.0000000000000000000, 0.0000000000000000000 ) ) ;
#2667 = ORIENTED_EDGE ( 'NONE', *, *, #91, .F. ) ;
#2668 = ORIENTED_EDGE ( 'NONE', *, *, #1873, .T. ) ;
#2669 = LINE ( 'NONE', #7172, #162 ) ;
#2670 = DIRECTION ( 'NONE',  ( 0.0000000000000000000, 0.0000000000000000000, 1.000000000000000000 ) ) ;
#2671 = CARTESIAN_POINT ( 'NONE',  ( 9.000000398245260769, -7.545046771121321988E-14, 58.62424751906360143 ) ) ;
#2672 = CARTESIAN_POINT ( 'NONE',  ( 9.000000756133731628, -2.924276294026192158, 5.778961654684461990 ) ) ;
#2673 = CARTESIAN_POINT ( 'NONE',  ( 9.000000756133728075, -2.924276294026216583, 14.72867920515744444 ) ) ;
#2674 = VECTOR ( 'NONE', #380, 1000.000000000000000 ) ;
#2675 = CARTESIAN_POINT ( 'NONE',  ( -3.640576150974029979, -2.645034080869113513, 27.74757480719191349 ) ) ;
#2676 = EDGE_CURVE ( 'NONE', #7313, #7095, #1012, .T. ) ;
#2677 = CARTESIAN_POINT ( 'NONE',  ( 9.000000040356647801, 2.924278496961536078, 5.742184895788516208 ) ) ;
#2678 = CARTESIAN_POINT ( 'NONE',  ( 2.781154119997026442, -8.559508685037851450, 48.94648446006220155 ) ) ;
#2679 = ORIENTED_EDGE ( 'NONE', *, *, #6555, .T. ) ;
#2680 = CARTESIAN_POINT ( 'NONE',  ( 4.500000000000000888, 0.0000000000000000000, 0.0000000000000000000 ) ) ;
#2681 = VERTEX_POINT ( 'NONE', #2791 ) ;
#2682 = CYLINDRICAL_SURFACE ( 'NONE', #889, 4.500000000000000888 ) ;
#2683 = CARTESIAN_POINT ( 'NONE',  ( 0.0000000000000000000, 0.0000000000000000000, 0.0000000000000000000 ) ) ;
#2684 = CARTESIAN_POINT ( 'NONE',  ( -2.781152024881013318, -8.559509365782311363, 62.54143738962032728 ) ) ;
#2685 = CARTESIAN_POINT ( 'NONE',  ( -5.790757914753644716E-07, 4.731580009072167137, 36.15801178903719659 ) ) ;
#2686 = DIRECTION ( 'NONE',  ( 1.000000000000000000, 0.0000000000000000000, 0.0000000000000000000 ) ) ;
#2687 = CARTESIAN_POINT ( 'NONE',  ( -7.281153918988111151, 5.290066613608842339, 4.244435844227029797 ) ) ;
#2688 = CARTESIAN_POINT ( 'NONE',  ( -4.500000000000000888, 5.705630380119559280E-16, 4.474858731840569703 ) ) ;
#2689 = CARTESIAN_POINT ( 'NONE',  ( 3.640576150974044634, 2.645034080869093973, 45.02929463290139012 ) ) ;
#2690 = ADVANCED_FACE ( 'NONE', ( #1039 ), #5880, .F. ) ;
#2691 = VERTEX_POINT ( 'NONE', #2148 ) ;
#2692 = AXIS2_PLACEMENT_3D ( 'NONE', #7145, #4920, #4274 ) ;
#2693 = CARTESIAN_POINT ( 'NONE',  ( 9.000000398245260769, 0.0000000000000000000, 0.0000000000000000000 ) ) ;
#2694 = DIRECTION ( 'NONE',  ( 0.0000000000000000000, 0.0000000000000000000, 1.000000000000000000 ) ) ;
#2695 = CARTESIAN_POINT ( 'NONE',  ( 1.390575950908317093, 4.279754493514252189, 59.35229311438383348 ) ) ;
#2696 = EDGE_LOOP ( 'NONE', ( #5750, #865, #4774, #5801 ) ) ;
#2697 = LINE ( 'NONE', #176, #151 ) ;
#2698 = CYLINDRICAL_SURFACE ( 'NONE', #2147, 4.500000000000000888 ) ;
#2699 = EDGE_CURVE ( 'NONE', #947, #6289, #782, .T. ) ;
#2700 = CARTESIAN_POINT ( 'NONE',  ( -5.562307081842541301, 7.655856933191453884, 52.78523958061423116 ) ) ;
#2701 = CARTESIAN_POINT ( 'NONE',  ( 9.000000398245257216, -1.546950270569086518E-14, 19.45234924745544447 ) ) ;
#2702 = ORIENTED_EDGE ( 'NONE', *, *, #3692, .T. ) ;
#2703 = CARTESIAN_POINT ( 'NONE',  ( 2.781153417856661036, -3.827928297211942610, 39.84477868518854393 ) ) ;
#2704 = CARTESIAN_POINT ( 'NONE',  ( 7.281153918988021445, -5.290066613608965795, 63.26948294154465202 ) ) ;
#2705 = CARTESIAN_POINT ( 'NONE',  ( -4.500000000000000888, -5.497005396024787704E-15, 25.21292252269194023 ) ) ;
#2706 = EDGE_LOOP ( 'NONE', ( #3455, #674, #7249, #3553 ) ) ;
#2707 = CARTESIAN_POINT ( 'NONE',  ( 9.000000398245257216, -1.546950270569086518E-14, 19.71954893736085523 ) ) ;
#2708 = CARTESIAN_POINT ( 'NONE',  ( 9.000000398245260769, 0.0000000000000000000, 0.0000000000000000000 ) ) ;
#2709 = ORIENTED_EDGE ( 'NONE', *, *, #1786, .T. ) ;
#2710 = AXIS2_PLACEMENT_3D ( 'NONE', #3218, #7125, #4133 ) ;
#2711 = CARTESIAN_POINT ( 'NONE',  ( 1.390575950908254255, 4.279754493514272617, 54.74383449419465109 ) ) ;
#2712 = VECTOR ( 'NONE', #6684, 1000.000000000000000 ) ;
#2713 = CARTESIAN_POINT ( 'NONE',  ( 2.781152024881057283, 8.559509365782297152, 10.96347760239730462 ) ) ;
#2714 = CYLINDRICAL_SURFACE ( 'NONE', #7056, 4.500000000000000888 ) ;
#2715 = EDGE_LOOP ( 'NONE', ( #5183, #3958, #2709, #6243 ) ) ;
#2716 = ORIENTED_EDGE ( 'NONE', *, *, #4543, .F. ) ;
#2717 = CARTESIAN_POINT ( 'NONE',  ( 4.500000000000000888, 0.0000000000000000000, 0.0000000000000000000 ) ) ;
#2718 = ORIENTED_EDGE ( 'NONE', *, *, #5454, .T. ) ;
#2719 = VECTOR ( 'NONE', #4590, 1000.000000000000000 ) ;
#2720 = FACE_OUTER_BOUND ( 'NONE', #56, .T. ) ;
#2721 = CARTESIAN_POINT ( 'NONE',  ( -3.640576798400420255, 2.645033189763136505, 41.11210480574057158 ) ) ;
#2722 = CARTESIAN_POINT ( 'NONE',  ( 1.158151713038869969E-06, -9.463160436884182403, 58.04819023493585917 ) ) ;
#2723 = DIRECTION ( 'NONE',  ( 0.0000000000000000000, 0.0000000000000000000, 1.000000000000000000 ) ) ;
#2724 = CARTESIAN_POINT ( 'NONE',  ( -2.781153417856669030, 3.827928297211935948, 9.004882688816898906 ) ) ;
#2725 =( BOUNDED_CURVE ( )  B_SPLINE_CURVE ( 2, ( #6593, #7166, #1432, #1993, #2089, #2685, #4982, #5580, #3198, #5946, #2542 ),
 .UNSPECIFIED., .F., .F. ) 
 B_SPLINE_CURVE_WITH_KNOTS ( ( 3, 2, 2, 2, 2, 3 ),
 ( 0.5357142850070587548, 0.5392857142857142572, 0.5428571428571428159, 0.5464285714285713746, 0.5500000000000000444, 0.5535714278642016595 ),
 .UNSPECIFIED. ) 
 CURVE ( )  GEOMETRIC_REPRESENTATION_ITEM ( )  RATIONAL_B_SPLINE_CURVE ( ( 1.000000000000000000, 0.9510565162951535312, 1.000000000000000000, 0.9510565162951535312, 1.000000000000000000, 0.9510565162951535312, 1.000000000000000000, 0.9510565162951535312, 1.000000000000000000, 0.9510565162951535312, 1.000000000000000000 ) ) 
 REPRESENTATION_ITEM ( '' )  );
#2726 = DIRECTION ( 'NONE',  ( 0.0000000000000000000, 0.0000000000000000000, 1.000000000000000000 ) ) ;
#2727 = CARTESIAN_POINT ( 'NONE',  ( -9.000000040356660236, -2.924278496961510321, 16.11121679121420414 ) ) ;
#2728 = ORIENTED_EDGE ( 'NONE', *, *, #2948, .T. ) ;
#2729 = CARTESIAN_POINT ( 'NONE',  ( -2.781152024881054619, -8.559509365782297152, 7.239933947350004395 ) ) ;
#2730 =( BOUNDED_CURVE ( )  B_SPLINE_CURVE ( 2, ( #4442, #685, #591, #1233, #2907, #5038, #1783, #2267, #2849, #4541, #54 ),
 .UNSPECIFIED., .F., .F. ) 
 B_SPLINE_CURVE_WITH_KNOTS ( ( 3, 2, 2, 2, 2, 3 ),
 ( 0.3749999992927730008, 0.3785714285714285587, 0.3821428571428571175, 0.3857142857142857317, 0.3892857142857142905, 0.3928571421499159055 ),
 .UNSPECIFIED. ) 
 CURVE ( )  GEOMETRIC_REPRESENTATION_ITEM ( )  RATIONAL_B_SPLINE_CURVE ( ( 1.000000000000000000, 0.9510565162951535312, 1.000000000000000000, 0.9510565162951535312, 1.000000000000000000, 0.9510565162951535312, 1.000000000000000000, 0.9510565162951535312, 1.000000000000000000, 0.9510565162951535312, 1.000000000000000000 ) ) 
 REPRESENTATION_ITEM ( '' )  );
#2731 = ORIENTED_EDGE ( 'NONE', *, *, #5073, .T. ) ;
#2732 = FACE_OUTER_BOUND ( 'NONE', #78, .T. ) ;
#2733 = CARTESIAN_POINT ( 'NONE',  ( -7.281152624135232898, -5.290068395820932245, 60.00678514851627199 ) ) ;
#2734 = FACE_OUTER_BOUND ( 'NONE', #5838, .T. ) ;
#2735 = DIRECTION ( 'NONE',  ( 1.000000000000000000, 0.0000000000000000000, 0.0000000000000000000 ) ) ;
#2736 = EDGE_CURVE ( 'NONE', #3186, #765, #2417, .T. ) ;
#2737 = CARTESIAN_POINT ( 'NONE',  ( -7.281153918988129803, 5.290066613608815693, 36.77084587545678573 ) ) ;
#2738 = CARTESIAN_POINT ( 'NONE',  ( 9.000000398245257216, -1.106077367795619885E-14, 14.84389062726625319 ) ) ;
#2739 = CARTESIAN_POINT ( 'NONE',  ( -3.640576798400417147, 2.645033189763140058, 50.32902204611896479 ) ) ;
#2740 = CARTESIAN_POINT ( 'NONE',  ( 9.000000398245257216, -8.856400892282580803E-15, 12.53966131717165666 ) ) ;
#2741 = EDGE_CURVE ( 'NONE', #5404, #461, #1140, .T. ) ;
#2742 = DIRECTION ( 'NONE',  ( 1.000000000000000000, 0.0000000000000000000, 0.0000000000000000000 ) ) ;
#2743 = CARTESIAN_POINT ( 'NONE',  ( -4.575429907059062273, 1.205525009214328813, 64.55754251742905581 ) ) ;
#2744 = ORIENTED_EDGE ( 'NONE', *, *, #3985, .T. ) ;
#2745 = CARTESIAN_POINT ( 'NONE',  ( -9.000000398245260769, 1.102182168003596278E-15, 0.0000000000000000000 ) ) ;
#2746 = DIRECTION ( 'NONE',  ( 1.000000000000000000, 0.0000000000000000000, 0.0000000000000000000 ) ) ;
#2747 = CARTESIAN_POINT ( 'NONE',  ( -4.500000178944231877, 1.462138082314247134, 27.66914010058312812 ) ) ;
#2748 = ORIENTED_EDGE ( 'NONE', *, *, #1501, .T. ) ;
#2749 = CARTESIAN_POINT ( 'NONE',  ( 4.500000000000000888, -3.772523214954656500E-14, 58.62424751906360143 ) ) ;
#2750 = FACE_OUTER_BOUND ( 'NONE', #5690, .T. ) ;
#2751 = CARTESIAN_POINT ( 'NONE',  ( 0.0000000000000000000, 0.0000000000000000000, 0.0000000000000000000 ) ) ;
#2752 = VECTOR ( 'NONE', #4856, 1000.000000000000000 ) ;
#2753 = EDGE_CURVE ( 'NONE', #4908, #1291, #3410, .T. ) ;
#2754 = ORIENTED_EDGE ( 'NONE', *, *, #4896, .F. ) ;
#2755 = CARTESIAN_POINT ( 'NONE',  ( 5.790757729270613449E-07, -4.731580009072167137, 39.61435575417909405 ) ) ;
#2756 = DIRECTION ( 'NONE',  ( 0.0000000000000000000, 0.0000000000000000000, 1.000000000000000000 ) ) ;
#2757 = ADVANCED_FACE ( 'NONE', ( #6071 ), #1081, .T. ) ;
#2758 = ORIENTED_EDGE ( 'NONE', *, *, #682, .T. ) ;
#2759 = CARTESIAN_POINT ( 'NONE',  ( 4.500000000000000888, 0.0000000000000000000, 0.0000000000000000000 ) ) ;
#2760 = EDGE_CURVE ( 'NONE', #2935, #7335, #7194, .T. ) ;
#2761 = ORIENTED_EDGE ( 'NONE', *, *, #4584, .F. ) ;
#2762 = CYLINDRICAL_SURFACE ( 'NONE', #7182, 9.000000398245260769 ) ;
#2763 = CARTESIAN_POINT ( 'NONE',  ( -9.000000398245260769, 1.102182168003596278E-15, 0.0000000000000000000 ) ) ;
#2764 = CYLINDRICAL_SURFACE ( 'NONE', #1623, 4.500000000000000888 ) ;
#2765 = CARTESIAN_POINT ( 'NONE',  ( -5.562307081842466694, 7.655856933191508062, 11.30911199891149188 ) ) ;
#2766 = ORIENTED_EDGE ( 'NONE', *, *, #1160, .F. ) ;
#2767 = CARTESIAN_POINT ( 'NONE',  ( 1.390576998466188430, -4.279754153142066642, 37.42533790958921713 ) ) ;
#2768 = EDGE_LOOP ( 'NONE', ( #1594, #1381, #6493, #3690 ) ) ;
#2769 = CARTESIAN_POINT ( 'NONE',  ( 2.781153417856679244, -3.827928297211929287, 3.244309413580406698 ) ) ;
#2770 = EDGE_LOOP ( 'NONE', ( #3231, #1626, #72, #3609 ) ) ;
#2771 = EDGE_CURVE ( 'NONE', #1497, #6402, #2409, .T. ) ;
#2772 = CARTESIAN_POINT ( 'NONE',  ( 2.781152480892365553, 3.827928977956350565, 40.53604747821692200 ) ) ;
#2773 = CARTESIAN_POINT ( 'NONE',  ( -5.562307081842491563, 7.655856933191490299, 45.87255165033043625 ) ) ;
#2774 = AXIS2_PLACEMENT_3D ( 'NONE', #2418, #3064, #2522 ) ;
#2775 = CARTESIAN_POINT ( 'NONE',  ( 5.562307081842466694, -7.655856933191508062, 44.45323730537774054 ) ) ;
#2776 = ORIENTED_EDGE ( 'NONE', *, *, #7211, .T. ) ;
#2777 = CARTESIAN_POINT ( 'NONE',  ( -1.390575950908271574, -4.279754493514267288, 2.631475327160811784 ) ) ;
#2778 = EDGE_CURVE ( 'NONE', #2835, #104, #3532, .T. ) ;
#2779 = CARTESIAN_POINT ( 'NONE',  ( -5.562307081842533307, 7.655856933191460101, 61.73495713108722072 ) ) ;
#2780 = CARTESIAN_POINT ( 'NONE',  ( -9.000000398245257216, -1.981147701592761480E-14, 15.99600528231355590 ) ) ;
#2781 = EDGE_LOOP ( 'NONE', ( #2455, #5193, #4370, #2667 ) ) ;
#2782 = CARTESIAN_POINT ( 'NONE',  ( 0.0000000000000000000, 0.0000000000000000000, 0.0000000000000000000 ) ) ;
#2783 = ORIENTED_EDGE ( 'NONE', *, *, #4341, .F. ) ;
#2784 = LINE ( 'NONE', #5289, #5221 ) ;
#2785 = CARTESIAN_POINT ( 'NONE',  ( 4.500000178944230989, -1.462138082314253129, 5.778961654684463767 ) ) ;
#2786 = DIRECTION ( 'NONE',  ( 0.0000000000000000000, 0.0000000000000000000, 1.000000000000000000 ) ) ;
#2787 = CARTESIAN_POINT ( 'NONE',  ( -5.562305207913728289, -7.655858294680431442, 58.08496699383180584 ) ) ;
#2788 = FACE_OUTER_BOUND ( 'NONE', #6645, .T. ) ;
#2789 = CARTESIAN_POINT ( 'NONE',  ( -4.500000000000000888, 5.510910596163089556E-16, 0.0000000000000000000 ) ) ;
#2790 = ORIENTED_EDGE ( 'NONE', *, *, #624, .T. ) ;
#2791 = CARTESIAN_POINT ( 'NONE',  ( 9.000000398245262545, -2.602816161207244035E-14, 54.01578889887440482 ) ) ;
#2792 = CARTESIAN_POINT ( 'NONE',  ( -9.000000040356662012, -2.924278496961504992, 20.98687510130880085 ) ) ;
#2793 = CYLINDRICAL_SURFACE ( 'NONE', #166, 9.000000398245260769 ) ;
#2794 = AXIS2_PLACEMENT_3D ( 'NONE', #935, #3275, #1596 ) ;
#2795 = ORIENTED_EDGE ( 'NONE', *, *, #448, .F. ) ;
#2796 = DIRECTION ( 'NONE',  ( 1.000000000000000000, 0.0000000000000000000, 0.0000000000000000000 ) ) ;
#2797 = CARTESIAN_POINT ( 'NONE',  ( -9.000000398245260769, 1.102182168003596278E-15, 0.0000000000000000000 ) ) ;
#2798 = EDGE_LOOP ( 'NONE', ( #5220, #1440, #6336, #1319 ) ) ;
#2799 = LINE ( 'NONE', #785, #5271 ) ;
#2800 = CARTESIAN_POINT ( 'NONE',  ( -2.781152480892333578, -3.827928977956373213, 18.91306872222365953 ) ) ;
#2801 = DIRECTION ( 'NONE',  ( 1.000000000000000000, 0.0000000000000000000, 0.0000000000000000000 ) ) ;
#2802 = ADVANCED_FACE ( 'NONE', ( #3568 ), #6036, .F. ) ;
#2803 = EDGE_LOOP ( 'NONE', ( #1312, #570, #4489, #1254 ) ) ;
#2804 = CARTESIAN_POINT ( 'NONE',  ( -4.500000000000000000, -3.108986873407374703E-14, 62.08059148420549178 ) ) ;
#2805 = AXIS2_PLACEMENT_3D ( 'NONE', #4997, #7124, #1448 ) ;
#2806 = FACE_OUTER_BOUND ( 'NONE', #5575, .T. ) ;
#2807 = CARTESIAN_POINT ( 'NONE',  ( 5.562307081842450707, -7.655856933191518721, 63.15427147603991642 ) ) ;
#2808 = DIRECTION ( 'NONE',  ( 1.000000000000000000, 0.0000000000000000000, 0.0000000000000000000 ) ) ;
#2809 = ORIENTED_EDGE ( 'NONE', *, *, #5471, .T. ) ;
#2810 = CARTESIAN_POINT ( 'NONE',  ( 2.781153417856671695, -3.827928297211935060, 37.80774906499936350 ) ) ;
#2811 = VERTEX_POINT ( 'NONE', #7137 ) ;
#2812 = FACE_OUTER_BOUND ( 'NONE', #3461, .T. ) ;
#2813 = DIRECTION ( 'NONE',  ( 0.0000000000000000000, 0.0000000000000000000, 1.000000000000000000 ) ) ;
#2814 = LINE ( 'NONE', #7108, #5085 ) ;
#2815 = CARTESIAN_POINT ( 'NONE',  ( 3.640576798400436687, -2.645033189763112969, 14.61346773965271417 ) ) ;
#2816 = CARTESIAN_POINT ( 'NONE',  ( 1.390576998466227066, -4.279754153142054207, 42.30099621968382451 ) ) ;
#2817 = ADVANCED_FACE ( 'NONE', ( #960 ), #5942, .T. ) ;
#2818 = EDGE_LOOP ( 'NONE', ( #7046, #1401, #4872, #5620 ) ) ;
#2819 = CARTESIAN_POINT ( 'NONE',  ( 5.790758065147705105E-07, -4.731580009072167137, 62.92384854503045233 ) ) ;
#2820 = EDGE_CURVE ( 'NONE', #3041, #5577, #971, .T. ) ;
#2821 = EDGE_LOOP ( 'NONE', ( #1247, #437, #5196, #401 ) ) ;
#2822 = VECTOR ( 'NONE', #2236, 1000.000000000000000 ) ;
#2823 = DIRECTION ( 'NONE',  ( 0.0000000000000000000, 0.0000000000000000000, 1.000000000000000000 ) ) ;
#2824 = VECTOR ( 'NONE', #6855, 1000.000000000000000 ) ;
#2825 = CARTESIAN_POINT ( 'NONE',  ( 0.0000000000000000000, 0.0000000000000000000, 0.0000000000000000000 ) ) ;
#2826 = CARTESIAN_POINT ( 'NONE',  ( 5.562305207913862404, 7.655858294680333742, 56.93285233878449958 ) ) ;
#2827 = CARTESIAN_POINT ( 'NONE',  ( -5.790758123034273416E-07, 4.731580009072167137, 17.99137699818582092 ) ) ;
#2828 = ORIENTED_EDGE ( 'NONE', *, *, #4193, .F. ) ;
#2829 = CARTESIAN_POINT ( 'NONE',  ( 7.281152624135176055, 5.290068395821011293, 58.85467049346897284 ) ) ;
#2830 = FACE_OUTER_BOUND ( 'NONE', #2054, .T. ) ;
#2831 = CARTESIAN_POINT ( 'NONE',  ( 2.781152024881053286, 8.559509365782297152, 6.087819292302707908 ) ) ;
#2832 = ORIENTED_EDGE ( 'NONE', *, *, #6911, .T. ) ;
#2833 = EDGE_CURVE ( 'NONE', #1077, #5325, #5898, .T. ) ;
#2834 = CARTESIAN_POINT ( 'NONE',  ( 5.562307081842483569, -7.655856933191496516, 23.71517351452637357 ) ) ;
#2835 = VERTEX_POINT ( 'NONE', #6847 ) ;
#2836 = CYLINDRICAL_SURFACE ( 'NONE', #2171, 4.500000000000000888 ) ;
#2837 = CARTESIAN_POINT ( 'NONE',  ( 5.790757810393812249E-07, -4.731580009072167137, 23.48475058351690237 ) ) ;
#2838 = EDGE_CURVE ( 'NONE', #4940, #2935, #6692, .T. ) ;
#2839 = CARTESIAN_POINT ( 'NONE',  ( 2.781154119997043761, -8.559508685037846121, 30.51264997930543288 ) ) ;
#2840 = CARTESIAN_POINT ( 'NONE',  ( -9.000000756133712088, 2.924276294026265433, 32.27759872077232473 ) ) ;
#2841 = EDGE_CURVE ( 'NONE', #947, #2652, #5956, .T. ) ;
#2842 = LINE ( 'NONE', #3800, #5224 ) ;
#2843 = ORIENTED_EDGE ( 'NONE', *, *, #6520, .T. ) ;
#2844 = CARTESIAN_POINT ( 'NONE',  ( 1.158151518272889960E-06, -9.463160436884182403, 51.40270199455747502 ) ) ;
#2845 = CARTESIAN_POINT ( 'NONE',  ( -3.784220318377649495, 2.435092725539986347, 64.44233105192431310 ) ) ;
#2846 = ORIENTED_EDGE ( 'NONE', *, *, #2391, .T. ) ;
#2847 = CARTESIAN_POINT ( 'NONE',  ( 4.500000178944228324, -1.462138082314260901, 21.90856682534663946 ) ) ;
#2848 = DIRECTION ( 'NONE',  ( 0.0000000000000000000, 0.0000000000000000000, 1.000000000000000000 ) ) ;
#2849 = CARTESIAN_POINT ( 'NONE',  ( 3.640576798400452674, -2.645033189763091652, 26.13461429012569681 ) ) ;
#2850 = VERTEX_POINT ( 'NONE', #7296 ) ;
#2851 = FACE_OUTER_BOUND ( 'NONE', #3776, .T. ) ;
#2852 = DIRECTION ( 'NONE',  ( 0.0000000000000000000, 0.0000000000000000000, 1.000000000000000000 ) ) ;
#2853 = EDGE_CURVE ( 'NONE', #5174, #765, #994, .T. ) ;
#2854 = CYLINDRICAL_SURFACE ( 'NONE', #1972, 9.000000398245260769 ) ;
#2855 = CARTESIAN_POINT ( 'NONE',  ( 4.500000000000000888, 1.159531361997866251E-15, 12.80686100707706210 ) ) ;
#2856 = ORIENTED_EDGE ( 'NONE', *, *, #1469, .F. ) ;
#2857 = DIRECTION ( 'NONE',  ( 0.0000000000000000000, -0.0000000000000000000, -1.000000000000000000 ) ) ;
#2858 = EDGE_CURVE ( 'NONE', #5762, #5174, #4306, .T. ) ;
#2859 = CARTESIAN_POINT ( 'NONE',  ( 5.562307081842457812, -7.655856933191514280, 53.67015454575611244 ) ) ;
#2860 = CARTESIAN_POINT ( 'NONE',  ( -3.640576150974024650, -2.645034080869122395, 30.31900380719191901 ) ) ;
#2861 =( GEOMETRIC_REPRESENTATION_CONTEXT ( 3 ) GLOBAL_UNCERTAINTY_ASSIGNED_CONTEXT ( ( #3419 ) ) GLOBAL_UNIT_ASSIGNED_CONTEXT ( ( #5634, #1687, #3454 ) ) REPRESENTATION_CONTEXT ( 'NONE', 'WORKASPACE' ) );
#2862 = ORIENTED_EDGE ( 'NONE', *, *, #2518, .T. ) ;
#2863 = CARTESIAN_POINT ( 'NONE',  ( -2.781153417856689902, 3.827928297211920849, 25.13448785947907282 ) ) ;
#2864 = CARTESIAN_POINT ( 'NONE',  ( -4.500000000000000888, 5.510910596163089556E-16, 0.0000000000000000000 ) ) ;
#2865 = EDGE_LOOP ( 'NONE', ( #2828, #4607, #4414, #6621 ) ) ;
#2866 = CARTESIAN_POINT ( 'NONE',  ( 9.000000398245260769, 0.0000000000000000000, 0.0000000000000000000 ) ) ;
#2867 = CARTESIAN_POINT ( 'NONE',  ( 5.562307081842470247, -7.655856933191505398, 39.84477868518854393 ) ) ;
#2868 = CARTESIAN_POINT ( 'NONE',  ( 4.500000000000001776, 2.201424196925436925E-14, 42.76184203830683117 ) ) ;
#2869 = ADVANCED_FACE ( 'NONE', ( #6023 ), #1109, .T. ) ;
#2870 = ORIENTED_EDGE ( 'NONE', *, *, #5336, .F. ) ;
#2871 = FACE_OUTER_BOUND ( 'NONE', #5777, .T. ) ;
#2872 = ORIENTED_EDGE ( 'NONE', *, *, #462, .T. ) ;
#2873 = AXIS2_PLACEMENT_3D ( 'NONE', #4482, #1222, #2310 ) ;
#2874 = ORIENTED_EDGE ( 'NONE', *, *, #6897, .T. ) ;
#2875 = LINE ( 'NONE', #4186, #3030 ) ;
#2876 = DIRECTION ( 'NONE',  ( 0.0000000000000000000, 0.0000000000000000000, 1.000000000000000000 ) ) ;
#2877 = CYLINDRICAL_SURFACE ( 'NONE', #3178, 4.500000000000000888 ) ;
#2878 = EDGE_CURVE ( 'NONE', #458, #5627, #1409, .T. ) ;
#2879 = CARTESIAN_POINT ( 'NONE',  ( 0.0000000000000000000, 0.0000000000000000000, 0.0000000000000000000 ) ) ;
#2880 = CARTESIAN_POINT ( 'NONE',  ( 9.000000398245262545, -1.721070469397648466E-14, 45.06607134840142237 ) ) ;
#2881 = CARTESIAN_POINT ( 'NONE',  ( -3.640576798400451786, 2.645033189763092540, 18.33701139470001706 ) ) ;
#2882 = ORIENTED_EDGE ( 'NONE', *, *, #4712, .F. ) ;
#2883 = CARTESIAN_POINT ( 'NONE',  ( 2.781154119996975815, -8.559508685037869213, 37.42533790958921713 ) ) ;
#2884 =( BOUNDED_CURVE ( )  B_SPLINE_CURVE ( 2, ( #2541, #265, #1892, #3139, #3653, #1946, #4781, #5371, #2490, #4842, #6496 ),
 .UNSPECIFIED., .F., .F. ) 
 B_SPLINE_CURVE_WITH_KNOTS ( ( 3, 2, 2, 2, 2, 3 ),
 ( 0.6071428564356300406, 0.6107142857142857650, 0.6142857142857143238, 0.6178571428571428825, 0.6214285714285714413, 0.6249999992927730563 ),
 .UNSPECIFIED. ) 
 CURVE ( )  GEOMETRIC_REPRESENTATION_ITEM ( )  RATIONAL_B_SPLINE_CURVE ( ( 1.000000000000000000, 0.9510565162951535312, 1.000000000000000000, 0.9510565162951535312, 1.000000000000000000, 0.9510565162951535312, 1.000000000000000000, 0.9510565162951535312, 1.000000000000000000, 0.9510565162951535312, 1.000000000000000000 ) ) 
 REPRESENTATION_ITEM ( '' )  );
#2885 = FACE_OUTER_BOUND ( 'NONE', #2384, .T. ) ;
#2886 = CARTESIAN_POINT ( 'NONE',  ( 3.640576798400404712, -2.645033189763158266, 63.00228325163924126 ) ) ;
#2887 = CARTESIAN_POINT ( 'NONE',  ( 5.790757288770374311E-07, -4.731580009072167137, 60.35241954503045747 ) ) ;
#2888 = ADVANCED_FACE ( 'NONE', ( #6218 ), #6327, .T. ) ;
#2889 = ORIENTED_EDGE ( 'NONE', *, *, #2741, .T. ) ;
#2890 = CARTESIAN_POINT ( 'NONE',  ( 5.562305207913777139, 7.655858294680395915, 17.76095406717636749 ) ) ;
#2891 = VERTEX_POINT ( 'NONE', #4503 ) ;
#2892 = CYLINDRICAL_SURFACE ( 'NONE', #5405, 9.000000398245260769 ) ;
#2893 = MECHANICAL_DESIGN_GEOMETRIC_PRESENTATION_REPRESENTATION (  '', ( #1797 ), #4219 ) ;
#2894 = CARTESIAN_POINT ( 'NONE',  ( -3.640576150974028646, -2.645034080869115733, 23.13911618700272044 ) ) ;
#2895 =( BOUNDED_CURVE ( )  B_SPLINE_CURVE ( 2, ( #2590, #5377, #918, #4217, #1306, #1439, #766, #5864, #5269, #3206, #1859 ),
 .UNSPECIFIED., .F., .F. ) 
 B_SPLINE_CURVE_WITH_KNOTS ( ( 3, 2, 2, 2, 2, 3 ),
 ( 0.4464285707213444532, 0.4500000000000000111, 0.4535714285714285698, 0.4571428571428571286, 0.4607142857142856873, 0.4642857135784873024 ),
 .UNSPECIFIED. ) 
 CURVE ( )  GEOMETRIC_REPRESENTATION_ITEM ( )  RATIONAL_B_SPLINE_CURVE ( ( 1.000000000000000000, 0.9510565162951535312, 1.000000000000000000, 0.9510565162951535312, 1.000000000000000000, 0.9510565162951535312, 1.000000000000000000, 0.9510565162951535312, 1.000000000000000000, 0.9510565162951535312, 1.000000000000000000 ) ) 
 REPRESENTATION_ITEM ( '' )  );
#2896 = LINE ( 'NONE', #2442, #5357 ) ;
#2897 = CARTESIAN_POINT ( 'NONE',  ( -4.500000000000001776, -3.745033851997061308E-14, 43.91395669335413032 ) ) ;
#2898 =( BOUNDED_CURVE ( )  B_SPLINE_CURVE ( 2, ( #811, #6809, #1805, #6905, #5900, #6856, #657, #6348, #1759, #5318, #2934 ),
 .UNSPECIFIED., .F., .F. ) 
 B_SPLINE_CURVE_WITH_KNOTS ( ( 3, 2, 2, 2, 2, 3 ),
 ( 0.1428571421499158500, 0.1464285714285714357, 0.1499999999999999944, 0.1535714285714285809, 0.1571428571428571397, 0.1607142850070587270 ),
 .UNSPECIFIED. ) 
 CURVE ( )  GEOMETRIC_REPRESENTATION_ITEM ( )  RATIONAL_B_SPLINE_CURVE ( ( 1.000000000000000000, 0.9510565162951535312, 1.000000000000000000, 0.9510565162951535312, 1.000000000000000000, 0.9510565162951535312, 1.000000000000000000, 0.9510565162951535312, 1.000000000000000000, 0.9510565162951535312, 1.000000000000000000 ) ) 
 REPRESENTATION_ITEM ( '' )  );
#2899 = CARTESIAN_POINT ( 'NONE',  ( -9.000000398245257216, 7.754206589531009626E-15, 11.38754666212435929 ) ) ;
#2900 = ORIENTED_EDGE ( 'NONE', *, *, #4601, .T. ) ;
#2901 =( BOUNDED_CURVE ( )  B_SPLINE_CURVE ( 2, ( #3260, #5541, #1051, #5435, #6738, #2000, #3845, #3208, #2212, #1586, #5587 ),
 .UNSPECIFIED., .F., .F. ) 
 B_SPLINE_CURVE_WITH_KNOTS ( ( 3, 2, 2, 2, 2, 3 ),
 ( 0.6607142850070587548, 0.6642857142857142572, 0.6678571428571428159, 0.6714285714285713746, 0.6750000000000000444, 0.6785714278642016595 ),
 .UNSPECIFIED. ) 
 CURVE ( )  GEOMETRIC_REPRESENTATION_ITEM ( )  RATIONAL_B_SPLINE_CURVE ( ( 1.000000000000000000, 0.9510565162951535312, 1.000000000000000000, 0.9510565162951535312, 1.000000000000000000, 0.9510565162951535312, 1.000000000000000000, 0.9510565162951535312, 1.000000000000000000, 0.9510565162951535312, 1.000000000000000000 ) ) 
 REPRESENTATION_ITEM ( '' )  );
#2902 = LINE ( 'NONE', #5320, #580 ) ;
#2903 = EDGE_LOOP ( 'NONE', ( #3375, #5726, #3466, #3250 ) ) ;
#2904 = DIRECTION ( 'NONE',  ( 0.0000000000000000000, 0.0000000000000000000, 1.000000000000000000 ) ) ;
#2905 =( BOUNDED_CURVE ( )  B_SPLINE_CURVE ( 2, ( #5246, #1838, #6945, #3596, #5464, #2430, #896 ),
 .UNSPECIFIED., .F., .F. ) 
 B_SPLINE_CURVE_WITH_KNOTS ( ( 3, 2, 2, 3 ),
 ( 0.9642857135784873579, 0.9678571428571428603, 0.9714285714285714191, 0.9717539141523819923 ),
 .UNSPECIFIED. ) 
 CURVE ( )  GEOMETRIC_REPRESENTATION_ITEM ( )  RATIONAL_B_SPLINE_CURVE ( ( 1.000000000000000000, 0.9510565162951535312, 1.000000000000000000, 0.9510565162951535312, 1.000000000000000000, 0.9955414462356322325, 0.9918952049657994152 ) ) 
 REPRESENTATION_ITEM ( '' )  );
#2906 = CARTESIAN_POINT ( 'NONE',  ( 7.281153918988071183, -5.290066613608898294, 42.53141915069328149 ) ) ;
#2907 = CARTESIAN_POINT ( 'NONE',  ( -1.390575950908297109, -4.279754493514258407, 25.67376842810677928 ) ) ;
#2908 = EDGE_LOOP ( 'NONE', ( #4786, #4674, #7196, #1127, #4690 ) ) ;
#2909 = FACE_OUTER_BOUND ( 'NONE', #3177, .T. ) ;
#2910 = DIRECTION ( 'NONE',  ( 0.0000000000000000000, 0.0000000000000000000, 1.000000000000000000 ) ) ;
#2911 = LINE ( 'NONE', #1504, #3032 ) ;
#2912 = AXIS2_PLACEMENT_3D ( 'NONE', #5333, #1178, #1265 ) ;
#2913 = CARTESIAN_POINT ( 'NONE',  ( 2.781152480892306489, 3.827928977956393197, 52.32439371859531718 ) ) ;
#2914 =( BOUNDED_CURVE ( )  B_SPLINE_CURVE ( 2, ( #1244, #6530, #311, #5250, #2978, #4727, #4670, #5935, #160, #748, #6993 ),
 .UNSPECIFIED., .F., .F. ) 
 B_SPLINE_CURVE_WITH_KNOTS ( ( 3, 2, 2, 2, 2, 3 ),
 ( 0.06896551655853944141, 0.07241379310344828180, 0.07586206896551724033, 0.07931034482758621273, 0.08275862068965517127, 0.08620689586888427569 ),
 .UNSPECIFIED. ) 
 CURVE ( )  GEOMETRIC_REPRESENTATION_ITEM ( )  RATIONAL_B_SPLINE_CURVE ( ( 1.000000000000000000, 0.9510565162951535312, 1.000000000000000000, 0.9510565162951535312, 1.000000000000000000, 0.9510565162951535312, 1.000000000000000000, 0.9510565162951535312, 1.000000000000000000, 0.9510565162951535312, 1.000000000000000000 ) ) 
 REPRESENTATION_ITEM ( '' )  );
#2915 = LINE ( 'NONE', #7183, #588 ) ;
#2916 = AXIS2_PLACEMENT_3D ( 'NONE', #5429, #25, #7007 ) ;
#2917 = CARTESIAN_POINT ( 'NONE',  ( 0.0000000000000000000, 0.0000000000000000000, 0.0000000000000000000 ) ) ;
#2918 = CARTESIAN_POINT ( 'NONE',  ( 3.640576150974021541, 2.645034080869125948, 28.89968946223921620 ) ) ;
#2919 = CARTESIAN_POINT ( 'NONE',  ( 9.000000398245262545, -8.393247155495060094E-15, 35.84915410802304336 ) ) ;
#2920 = DIRECTION ( 'NONE',  ( 0.0000000000000000000, 0.0000000000000000000, 1.000000000000000000 ) ) ;
#2921 = ORIENTED_EDGE ( 'NONE', *, *, #3393, .T. ) ;
#2922 = CARTESIAN_POINT ( 'NONE',  ( -9.000000398245262545, -1.366148964822695970E-14, 45.95098631354331076 ) ) ;
#2923 = DIRECTION ( 'NONE',  ( 1.000000000000000000, 0.0000000000000000000, 0.0000000000000000000 ) ) ;
#2924 = ORIENTED_EDGE ( 'NONE', *, *, #659, .F. ) ;
#2925 = CARTESIAN_POINT ( 'NONE',  ( 0.0000000000000000000, 0.0000000000000000000, 0.0000000000000000000 ) ) ;
#2926 = CYLINDRICAL_SURFACE ( 'NONE', #6869, 4.500000000000000888 ) ;
#2927 = CARTESIAN_POINT ( 'NONE',  ( 1.158151611008553231E-06, -9.463160436884182403, 26.05617958351691144 ) ) ;
#2928 = EDGE_CURVE ( 'NONE', #6874, #2263, #3693, .T. ) ;
#2929 = VECTOR ( 'NONE', #7318, 1000.000000000000000 ) ;
#2930 = DIRECTION ( 'NONE',  ( 1.000000000000000000, 0.0000000000000000000, 0.0000000000000000000 ) ) ;
#2931 = CARTESIAN_POINT ( 'NONE',  ( 4.499999821055697069, 1.462139183781903551, 61.31088802796424631 ) ) ;
#2932 = ORIENTED_EDGE ( 'NONE', *, *, #1172, .T. ) ;
#2933 = CARTESIAN_POINT ( 'NONE',  ( -4.500000000000000000, -1.344383738343847196E-14, 32.12561045297574225 ) ) ;
#2934 = CARTESIAN_POINT ( 'NONE',  ( -9.000000398245257216, 7.754206589531009626E-15, 11.38754666212435929 ) ) ;
#2935 = VERTEX_POINT ( 'NONE', #15 ) ;
#2936 = LINE ( 'NONE', #1064, #5556 ) ;
#2937 = CYLINDRICAL_SURFACE ( 'NONE', #694, 9.000000398245260769 ) ;
#2938 = CARTESIAN_POINT ( 'NONE',  ( 9.000000398245257216, -3.894211303019888661E-17, 3.589943766698675987 ) ) ;
#2939 = CARTESIAN_POINT ( 'NONE',  ( 5.790757659736441082E-07, -4.731580009072167137, 53.43973161474666966 ) ) ;
#2940 = ADVANCED_FACE ( 'NONE', ( #3804 ), #1239, .F. ) ;
#2941 = EDGE_CURVE ( 'NONE', #6951, #6748, #5291, .T. ) ;
#2942 = VERTEX_POINT ( 'NONE', #5849 ) ;
#2943 = CARTESIAN_POINT ( 'NONE',  ( 4.500000000000000888, 0.0000000000000000000, 0.0000000000000000000 ) ) ;
#2944 = CYLINDRICAL_SURFACE ( 'NONE', #3791, 9.000000398245260769 ) ;
#2945 = CARTESIAN_POINT ( 'NONE',  ( -4.500000000000000888, 2.008476441581911154E-14, 55.16790355392169687 ) ) ;
#2946 = CARTESIAN_POINT ( 'NONE',  ( -4.500000000000000888, 5.510910596163089556E-16, 0.0000000000000000000 ) ) ;
#2947 = ORIENTED_EDGE ( 'NONE', *, *, #6366, .F. ) ;
#2948 = EDGE_CURVE ( 'NONE', #5664, #1766, #6111, .T. ) ;
#2949 = CARTESIAN_POINT ( 'NONE',  ( -7.281153918988102269, 5.290066613608852997, 18.33701139470001706 ) ) ;
#2950 = VERTEX_POINT ( 'NONE', #5413 ) ;
#2951 = LINE ( 'NONE', #442, #5343 ) ;
#2952 = CARTESIAN_POINT ( 'NONE',  ( -4.500000000000000888, -2.812810563512160550E-15, 9.350517041935168194 ) ) ;
#2953 = FACE_OUTER_BOUND ( 'NONE', #898, .T. ) ;
#2954 = CARTESIAN_POINT ( 'NONE',  ( 2.781152480892357115, 3.827928977956355894, 43.10747647821693818 ) ) ;
#2955 = CARTESIAN_POINT ( 'NONE',  ( 9.000000040356676223, 2.924278496961463691, 31.35590699673448256 ) ) ;
#2956 = CARTESIAN_POINT ( 'NONE',  ( -2.781152480892366441, -3.827928977956350121, 32.73844458279124581 ) ) ;
#2957 = DIRECTION ( 'NONE',  ( 1.000000000000000000, 0.0000000000000000000, 0.0000000000000000000 ) ) ;
#2958 = ADVANCED_FACE ( 'NONE', ( #3858 ), #3773, .T. ) ;
#2959 = ORIENTED_EDGE ( 'NONE', *, *, #6149, .T. ) ;
#2960 = CARTESIAN_POINT ( 'NONE',  ( 1.390576998466254377, -4.279754153142045325, 49.21368414996761231 ) ) ;
#2961 = CARTESIAN_POINT ( 'NONE',  ( -4.500000000000000888, 5.510910596163089556E-16, 0.0000000000000000000 ) ) ;
#2962 = EDGE_LOOP ( 'NONE', ( #4949, #7231, #2457, #4104 ) ) ;
#2963 = FACE_OUTER_BOUND ( 'NONE', #6808, .T. ) ;
#2964 = CARTESIAN_POINT ( 'NONE',  ( 9.000000398245260769, 0.0000000000000000000, 0.0000000000000000000 ) ) ;
#2965 = EDGE_CURVE ( 'NONE', #3318, #5433, #3785, .T. ) ;
#2966 = VECTOR ( 'NONE', #4116, 1000.000000000000000 ) ;
#2967 = DIRECTION ( 'NONE',  ( 0.0000000000000000000, 0.0000000000000000000, 1.000000000000000000 ) ) ;
#2968 = AXIS2_PLACEMENT_3D ( 'NONE', #5638, #1692, #7326 ) ;
#2969 = ORIENTED_EDGE ( 'NONE', *, *, #3830, .T. ) ;
#2970 = CARTESIAN_POINT ( 'NONE',  ( 9.000000398245262545, 5.335118940199071414E-14, 38.15338341811762746 ) ) ;
#2971 = CARTESIAN_POINT ( 'NONE',  ( 0.0000000000000000000, 0.0000000000000000000, 0.0000000000000000000 ) ) ;
#2972 = CARTESIAN_POINT ( 'NONE',  ( -5.562305207913817107, -7.655858294680368381, 35.04267389288583701 ) ) ;
#2973 = DIRECTION ( 'NONE',  ( 1.000000000000000000, 0.0000000000000000000, 0.0000000000000000000 ) ) ;
#2974 = ORIENTED_EDGE ( 'NONE', *, *, #1761, .T. ) ;
#2975 = DIRECTION ( 'NONE',  ( 0.0000000000000000000, 0.0000000000000000000, 1.000000000000000000 ) ) ;
#2976 = VERTEX_POINT ( 'NONE', #4205 ) ;
#2977 = LINE ( 'NONE', #114, #438 ) ;
#2978 = CARTESIAN_POINT ( 'NONE',  ( 1.390575950908261804, 4.279754493514270841, 4.050789672113516815 ) ) ;
#2979 = LINE ( 'NONE', #7002, #5437 ) ;
#2980 = CARTESIAN_POINT ( 'NONE',  ( -9.000000398245257216, -1.099401120563988957E-14, 25.48012221259734744 ) ) ;
#2981 = CARTESIAN_POINT ( 'NONE',  ( -2.781152480892374879, -3.827928977956343903, 30.16701558279123674 ) ) ;
#2982 = VERTEX_POINT ( 'NONE', #900 ) ;
#2983 = CIRCLE ( 'NONE', #2073, 4.499999999997919886 ) ;
#2984 = DIRECTION ( 'NONE',  ( 0.0000000000000000000, 0.0000000000000000000, 1.000000000000000000 ) ) ;
#2985 = DIRECTION ( 'NONE',  ( 0.0000000000000000000, 0.0000000000000000000, 1.000000000000000000 ) ) ;
#2986 = ORIENTED_EDGE ( 'NONE', *, *, #2760, .F. ) ;
#2987 = CARTESIAN_POINT ( 'NONE',  ( 9.000000398245260769, 0.0000000000000000000, 0.0000000000000000000 ) ) ;
#2988 = ORIENTED_EDGE ( 'NONE', *, *, #3426, .T. ) ;
#2989 = FACE_OUTER_BOUND ( 'NONE', #2388, .T. ) ;
#2990 =( BOUNDED_CURVE ( )  B_SPLINE_CURVE ( 2, ( #1814, #4521, #6819, #618, #2300, #2887, #1175, #3483, #2400, #3573, #4128 ),
 .UNSPECIFIED., .F., .F. ) 
 B_SPLINE_CURVE_WITH_KNOTS ( ( 3, 2, 2, 2, 2, 3 ),
 ( 0.9107142850070587548, 0.9142857142857142572, 0.9178571428571428159, 0.9214285714285713746, 0.9250000000000000444, 0.9285714278642015485 ),
 .UNSPECIFIED. ) 
 CURVE ( )  GEOMETRIC_REPRESENTATION_ITEM ( )  RATIONAL_B_SPLINE_CURVE ( ( 1.000000000000000000, 0.9510565162951535312, 1.000000000000000000, 0.9510565162951535312, 1.000000000000000000, 0.9510565162951535312, 1.000000000000000000, 0.9510565162951535312, 1.000000000000000000, 0.9510565162951535312, 1.000000000000000000 ) ) 
 REPRESENTATION_ITEM ( '' )  );
#2991 = CARTESIAN_POINT ( 'NONE',  ( -9.000000040356644249, -2.924278496961552065, 39.42070958206556952 ) ) ;
#2992 = CARTESIAN_POINT ( 'NONE',  ( -5.790757981361272723E-07, 4.731580009072167137, 6.203030757807435513 ) ) ;
#2993 = CARTESIAN_POINT ( 'NONE',  ( -2.781153417856653931, 3.827928297211946607, 22.56305885947906731 ) ) ;
#2994 = CARTESIAN_POINT ( 'NONE',  ( -2.781152024881042628, -8.559509365782300705, 28.24519742810678125 ) ) ;
#2995 = ORIENTED_EDGE ( 'NONE', *, *, #6239, .T. ) ;
#2996 =( BOUNDED_CURVE ( )  B_SPLINE_CURVE ( 2, ( #2780, #2727, #3383, #6031, #2081, #3926, #5665, #7215, #6210, #6123, #6769 ),
 .UNSPECIFIED., .F., .F. ) 
 B_SPLINE_CURVE_WITH_KNOTS ( ( 3, 2, 2, 2, 2, 3 ),
 ( 0.2321428564356301516, 0.2357142857142857095, 0.2392857142857142960, 0.2428571428571428548, 0.2464285714285714413, 0.2499999992927730008 ),
 .UNSPECIFIED. ) 
 CURVE ( )  GEOMETRIC_REPRESENTATION_ITEM ( )  RATIONAL_B_SPLINE_CURVE ( ( 1.000000000000000000, 0.9510565162951535312, 1.000000000000000000, 0.9510565162951535312, 1.000000000000000000, 0.9510565162951535312, 1.000000000000000000, 0.9510565162951535312, 1.000000000000000000, 0.9510565162951535312, 1.000000000000000000 ) ) 
 REPRESENTATION_ITEM ( '' )  );
#2997 = CARTESIAN_POINT ( 'NONE',  ( 2.781153417856683685, -3.827928297211926179, 7.852768033769597977 ) ) ;
#2998 = DIRECTION ( 'NONE',  ( 0.0000000000000000000, 0.0000000000000000000, 1.000000000000000000 ) ) ;
#2999 = ORIENTED_EDGE ( 'NONE', *, *, #6296, .T. ) ;
#3000 = AXIS2_PLACEMENT_3D ( 'NONE', #6528, #209, #5358 ) ;
#3001 = CARTESIAN_POINT ( 'NONE',  ( -9.000000040356662012, -2.924278496961502771, 23.02390472149799194 ) ) ;
#3002 = ORIENTED_EDGE ( 'NONE', *, *, #1818, .F. ) ;
#3003 = CARTESIAN_POINT ( 'NONE',  ( -4.500000000000000888, 5.510910596163089556E-16, 0.0000000000000000000 ) ) ;
#3004 = CARTESIAN_POINT ( 'NONE',  ( 9.000000040356646025, 2.924278496961548957, 8.046414205883113624 ) ) ;
#3005 = CARTESIAN_POINT ( 'NONE',  ( -7.281152624135268425, -5.290068395820882508, 57.96975552832708445 ) ) ;
#3006 = ADVANCED_FACE ( 'NONE', ( #3762 ), #3728, .F. ) ;
#3007 = CARTESIAN_POINT ( 'NONE',  ( 4.500000000000000888, 1.872877015820734514E-14, 30.97349579792842889 ) ) ;
#3008 = ORIENTED_EDGE ( 'NONE', *, *, #3911, .T. ) ;
#3009 = CARTESIAN_POINT ( 'NONE',  ( 3.640576798400448677, -2.645033189763097425, 7.700779809368923701 ) ) ;
#3010 = CARTESIAN_POINT ( 'NONE',  ( 1.390575950908246039, 4.279754493514275282, 36.31000001343787176 ) ) ;
#3011 = FACE_OUTER_BOUND ( 'NONE', #4135, .T. ) ;
#3012 = EDGE_CURVE ( 'NONE', #1182, #4599, #1398, .T. ) ;
#3013 = ORIENTED_EDGE ( 'NONE', *, *, #2106, .F. ) ;
#3014 = CARTESIAN_POINT ( 'NONE',  ( 3.640576798400437131, -2.645033189763112080, 35.61873122040949369 ) ) ;
#3015 = CARTESIAN_POINT ( 'NONE',  ( -2.882717432804012603, -4.025411992748876955, 64.99987231652475828 ) ) ;
#3016 = CARTESIAN_POINT ( 'NONE',  ( -4.500000000000000888, 2.008476441581911154E-14, 55.16790355392169687 ) ) ;
#3017 = AXIS2_PLACEMENT_3D ( 'NONE', #6141, #2646, #6650 ) ;
#3018 = ORIENTED_EDGE ( 'NONE', *, *, #3750, .T. ) ;
#3019 = CYLINDRICAL_SURFACE ( 'NONE', #1056, 4.500000000000000888 ) ;
#3020 = VECTOR ( 'NONE', #3701, 1000.000000000000000 ) ;
#3021 = ORIENTED_EDGE ( 'NONE', *, *, #4341, .T. ) ;
#3022 = VECTOR ( 'NONE', #1779, 1000.000000000000000 ) ;
#3023 = CARTESIAN_POINT ( 'NONE',  ( 5.562305207913862404, 7.655858294680333742, 56.66565264887910303 ) ) ;
#3024 = ADVANCED_FACE ( 'NONE', ( #6264 ), #1204, .T. ) ;
#3025 = CARTESIAN_POINT ( 'NONE',  ( -2.781154119997051755, 8.559508685037842568, 54.97425742520410097 ) ) ;
#3026 = VERTEX_POINT ( 'NONE', #700 ) ;
#3027 = EDGE_CURVE ( 'NONE', #5404, #4936, #5035, .T. ) ;
#3028 = DIRECTION ( 'NONE',  ( 0.0000000000000000000, 0.0000000000000000000, 1.000000000000000000 ) ) ;
#3029 = ORIENTED_EDGE ( 'NONE', *, *, #6825, .T. ) ;
#3030 = VECTOR ( 'NONE', #3450, 1000.000000000000000 ) ;
#3031 = CARTESIAN_POINT ( 'NONE',  ( -7.281153918988129803, 5.290066613608815693, 36.50364618555138208 ) ) ;
#3032 = VECTOR ( 'NONE', #1870, 1000.000000000000000 ) ;
#3033 = AXIS2_PLACEMENT_3D ( 'NONE', #4744, #5327, #1811 ) ;
#3034 = CARTESIAN_POINT ( 'NONE',  ( -5.790758134623303026E-07, 4.731580009072167137, 15.68714768809122795 ) ) ;
#3035 = FACE_OUTER_BOUND ( 'NONE', #5353, .T. ) ;
#3036 = CARTESIAN_POINT ( 'NONE',  ( 9.000000398245260769, 0.0000000000000000000, 0.0000000000000000000 ) ) ;
#3037 = CARTESIAN_POINT ( 'NONE',  ( -2.781154119997022445, 8.559508685037853226, 20.14361808387974406 ) ) ;
#3038 = VERTEX_POINT ( 'NONE', #3079 ) ;
#3039 = CARTESIAN_POINT ( 'NONE',  ( 2.781152480892355783, 3.827928977956356782, 17.49375437727096028 ) ) ;
#3040 = DIRECTION ( 'NONE',  ( 0.0000000000000000000, 0.0000000000000000000, 1.000000000000000000 ) ) ;
#3041 = VERTEX_POINT ( 'NONE', #6948 ) ;
#3042 = EDGE_CURVE ( 'NONE', #2481, #3871, #2914, .T. ) ;
#3043 = EDGE_LOOP ( 'NONE', ( #1205, #801, #4142, #7107 ) ) ;
#3044 = CARTESIAN_POINT ( 'NONE',  ( -9.000000398245260769, -1.294811377129188417E-15, 13.95897566212436303 ) ) ;
#3045 = CARTESIAN_POINT ( 'NONE',  ( -1.158151578547556704E-06, 9.463160436884182403, 24.63686523856421218 ) ) ;
#3046 = CARTESIAN_POINT ( 'NONE',  ( 2.781152024881053286, 8.559509365782297152, 6.355018982208112455 ) ) ;
#3047 = CARTESIAN_POINT ( 'NONE',  ( -9.000000398245262545, -3.129640431159949625E-14, 27.78435152269194930 ) ) ;
#3048 = ORIENTED_EDGE ( 'NONE', *, *, #3242, .T. ) ;
#3049 = EDGE_CURVE ( 'NONE', #1281, #1394, #3861, .T. ) ;
#3050 = LINE ( 'NONE', #1135, #5496 ) ;
#3051 = CARTESIAN_POINT ( 'NONE',  ( -4.500000000000000888, 4.213950731999833193E-14, 34.42983976307032634 ) ) ;
#3052 = ADVANCED_FACE ( 'NONE', ( #6184 ), #6170, .T. ) ;
#3053 = ORIENTED_EDGE ( 'NONE', *, *, #6326, .F. ) ;
#3054 = DIRECTION ( 'NONE',  ( 0.0000000000000000000, 0.0000000000000000000, 1.000000000000000000 ) ) ;
#3055 = ORIENTED_EDGE ( 'NONE', *, *, #165, .T. ) ;
#3056 = CYLINDRICAL_SURFACE ( 'NONE', #6177, 9.000000398245260769 ) ;
#3057 = CARTESIAN_POINT ( 'NONE',  ( 4.500000000000001776, 4.406902597397099846E-14, 63.49990582915819459 ) ) ;
#3058 = CARTESIAN_POINT ( 'NONE',  ( 4.500000000000000000, 2.447124652394544211E-14, 42.49464234840142041 ) ) ;
#3059 = DIRECTION ( 'NONE',  ( 1.000000000000000000, 0.0000000000000000000, 0.0000000000000000000 ) ) ;
#3060 = EDGE_CURVE ( 'NONE', #3970, #6390, #2163, .T. ) ;
#3061 = DIRECTION ( 'NONE',  ( 1.000000000000000000, 0.0000000000000000000, 0.0000000000000000000 ) ) ;
#3062 = ORIENTED_EDGE ( 'NONE', *, *, #3654, .T. ) ;
#3063 = DIRECTION ( 'NONE',  ( 0.0000000000000000000, 0.0000000000000000000, 1.000000000000000000 ) ) ;
#3064 = DIRECTION ( 'NONE',  ( -0.0000000000000000000, -0.0000000000000000000, -1.000000000000000000 ) ) ;
#3065 = ORIENTED_EDGE ( 'NONE', *, *, #3574, .T. ) ;
#3066 = CYLINDRICAL_SURFACE ( 'NONE', #6267, 9.000000398245260769 ) ;
#3067 = FACE_OUTER_BOUND ( 'NONE', #1226, .T. ) ;
#3068 = EDGE_CURVE ( 'NONE', #7253, #5596, #6002, .T. ) ;
#3069 = CARTESIAN_POINT ( 'NONE',  ( 2.781152024881030194, 8.559509365782304258, 47.83114656391085617 ) ) ;
#3070 = ADVANCED_FACE ( 'NONE', ( #1355 ), #3717, .F. ) ;
#3071 = VECTOR ( 'NONE', #6130, 1000.000000000000000 ) ;
#3072 = CARTESIAN_POINT ( 'NONE',  ( 0.0000000000000000000, 0.0000000000000000000, 0.0000000000000000000 ) ) ;
#3073 = DIRECTION ( 'NONE',  ( 0.0000000000000000000, 0.0000000000000000000, 1.000000000000000000 ) ) ;
#3074 = EDGE_LOOP ( 'NONE', ( #5342, #1645, #6367, #6345 ) ) ;
#3075 = CARTESIAN_POINT ( 'NONE',  ( -9.000000040356647801, -2.924278496961538742, 2.553040620552026407 ) ) ;
#3076 = CARTESIAN_POINT ( 'NONE',  ( -3.640576150974011771, -2.645034080869139714, 51.05706759804328954 ) ) ;
#3077 = EDGE_LOOP ( 'NONE', ( #6592, #1422, #1905, #1604 ) ) ;
#3078 = AXIS2_PLACEMENT_3D ( 'NONE', #7357, #2450, #5223 ) ;
#3079 = CARTESIAN_POINT ( 'NONE',  ( -9.000000398245262545, -4.011388604511430500E-14, 18.56743428231355963 ) ) ;
#3080 = CARTESIAN_POINT ( 'NONE',  ( 9.000000398245262545, -8.393247155495060094E-15, 35.84915410802304336 ) ) ;
#3081 = ADVANCED_FACE ( 'NONE', ( #1293 ), #1248, .F. ) ;
#3082 = CARTESIAN_POINT ( 'NONE',  ( -5.562307081842456036, 7.655856933191515168, 22.83025854938447807 ) ) ;
#3083 = ORIENTED_EDGE ( 'NONE', *, *, #5642, .F. ) ;
#3084 = CARTESIAN_POINT ( 'NONE',  ( -4.500000178944214113, 1.462138082314303533, 55.05269213181288990 ) ) ;
#3085 = CARTESIAN_POINT ( 'NONE',  ( 9.000000398245257216, -6.652045374004582702E-15, 10.23543200707706013 ) ) ;
#3086 = EDGE_LOOP ( 'NONE', ( #619, #3099, #4559, #905 ) ) ;
#3087 = FACE_OUTER_BOUND ( 'NONE', #7346, .T. ) ;
#3088 = CARTESIAN_POINT ( 'NONE',  ( -9.000000756133731628, 2.924276294026190826, 4.626846999637163727 ) ) ;
#3089 = AXIS2_PLACEMENT_3D ( 'NONE', #6052, #4801, #6100 ) ;
#3090 = CARTESIAN_POINT ( 'NONE',  ( -9.000000398245260769, 1.102182168003596278E-15, 0.0000000000000000000 ) ) ;
#3091 = DIRECTION ( 'NONE',  ( 0.0000000000000000000, 0.0000000000000000000, 1.000000000000000000 ) ) ;
#3092 = CARTESIAN_POINT ( 'NONE',  ( -1.390576998466179104, 4.279754153142070194, 48.06156949492032027 ) ) ;
#3093 = AXIS2_PLACEMENT_3D ( 'NONE', #1781, #1823, #2957 ) ;
#3094 = DIRECTION ( 'NONE',  ( 0.0000000000000000000, 0.0000000000000000000, 1.000000000000000000 ) ) ;
#3095 = ORIENTED_EDGE ( 'NONE', *, *, #3589, .F. ) ;
#3096 = CARTESIAN_POINT ( 'NONE',  ( 8.820381136433397273, 3.428160157031935551, 65.94008010348581195 ) ) ;
#3097 = DIRECTION ( 'NONE',  ( 0.0000000000000000000, 0.0000000000000000000, 1.000000000000000000 ) ) ;
#3098 = CARTESIAN_POINT ( 'NONE',  ( -9.000000398245260769, 1.102182168003596278E-15, 0.0000000000000000000 ) ) ;
#3099 = ORIENTED_EDGE ( 'NONE', *, *, #1561, .T. ) ;
#3100 = CARTESIAN_POINT ( 'NONE',  ( -5.790757763657237314E-07, 4.731580009072167137, 22.59983561837501753 ) ) ;
#3101 = VERTEX_POINT ( 'NONE', #6076 ) ;
#3102 = LINE ( 'NONE', #6024, #5420 ) ;
#3103 = CARTESIAN_POINT ( 'NONE',  ( 4.500000000000000888, -7.734750784158750414E-15, 19.45234924745544447 ) ) ;
#3104 = FACE_OUTER_BOUND ( 'NONE', #5822, .T. ) ;
#3105 = CARTESIAN_POINT ( 'NONE',  ( 4.500000000000000888, 3.032853742208792869E-15, 28.93646617773924135 ) ) ;
#3106 = AXIS2_PLACEMENT_3D ( 'NONE', #3249, #4838, #4338 ) ;
#3107 = DIRECTION ( 'NONE',  ( 0.0000000000000000000, 0.0000000000000000000, 1.000000000000000000 ) ) ;
#3108 = CARTESIAN_POINT ( 'NONE',  ( -2.781154119996934959, 8.559508685037883424, 50.09859911510950781 ) ) ;
#3109 = CARTESIAN_POINT ( 'NONE',  ( 2.781152024881084817, 8.559509365782288270, 40.65125894372165760 ) ) ;
#3110 = CARTESIAN_POINT ( 'NONE',  ( -2.781152480892339796, -3.827928977956369216, 9.428951791939873317 ) ) ;
#3111 = ADVANCED_FACE ( 'NONE', ( #3683 ), #1275, .T. ) ;
#3112 = CARTESIAN_POINT ( 'NONE',  ( 4.500000000000000888, -3.326022428508344801E-15, 10.23543200707706013 ) ) ;
#3113 = ORIENTED_EDGE ( 'NONE', *, *, #4412, .F. ) ;
#3114 = DIRECTION ( 'NONE',  ( 0.0000000000000000000, 0.0000000000000000000, 1.000000000000000000 ) ) ;
#3115 = CARTESIAN_POINT ( 'NONE',  ( -4.500000000000000888, -7.701369548000596566E-15, 20.60446390250274362 ) ) ;
#3116 = ORIENTED_EDGE ( 'NONE', *, *, #2564, .F. ) ;
#3117 = FACE_OUTER_BOUND ( 'NONE', #653, .T. ) ;
#3118 = ORIENTED_EDGE ( 'NONE', *, *, #177, .T. ) ;
#3119 = CARTESIAN_POINT ( 'NONE',  ( -7.281152624135215135, -5.290068395820958003, 27.74757480719191349 ) ) ;
#3120 = EDGE_CURVE ( 'NONE', #6886, #4820, #4087, .T. ) ;
#3121 = ORIENTED_EDGE ( 'NONE', *, *, #7025, .T. ) ;
#3122 = CARTESIAN_POINT ( 'NONE',  ( -9.000000398245262545, 6.130913295848700050E-14, 57.47213286401629517 ) ) ;
#3123 = EDGE_CURVE ( 'NONE', #1261, #3186, #6929, .T. ) ;
#3124 = ORIENTED_EDGE ( 'NONE', *, *, #1167, .T. ) ;
#3125 = CARTESIAN_POINT ( 'NONE',  ( 4.499999999999967137, 5.507338137260906416E-07, 3.589943810094594401 ) ) ;
#3126 = ORIENTED_EDGE ( 'NONE', *, *, #1671, .F. ) ;
#3127 = FACE_OUTER_BOUND ( 'NONE', #6069, .T. ) ;
#3128 = CARTESIAN_POINT ( 'NONE',  ( 0.0000000000000000000, 0.0000000000000000000, 0.0000000000000000000 ) ) ;
#3129 = CYLINDRICAL_SURFACE ( 'NONE', #137, 4.500000000000000888 ) ;
#3130 = DIRECTION ( 'NONE',  ( 0.0000000000000000000, 0.0000000000000000000, 1.000000000000000000 ) ) ;
#3131 = CARTESIAN_POINT ( 'NONE',  ( -5.562307081842462253, 7.655856933191511615, 15.91757061910069027 ) ) ;
#3132 = ADVANCED_FACE ( 'NONE', ( #3741 ), #6234, .T. ) ;
#3133 = VERTEX_POINT ( 'NONE', #4629 ) ;
#3134 = EDGE_CURVE ( 'NONE', #1861, #594, #5546, .T. ) ;
#3135 = CARTESIAN_POINT ( 'NONE',  ( -1.158151620291491809E-06, 9.463160436884182403, 50.25058733951017587 ) ) ;
#3136 = CARTESIAN_POINT ( 'NONE',  ( 0.0000000000000000000, 0.0000000000000000000, 0.0000000000000000000 ) ) ;
#3137 = EDGE_LOOP ( 'NONE', ( #2117, #2229, #7143, #3173 ) ) ;
#3138 = CARTESIAN_POINT ( 'NONE',  ( 2.781154119997038876, -8.559508685037847897, 35.12110859949462593 ) ) ;
#3139 = CARTESIAN_POINT ( 'NONE',  ( 5.562305207913794014, 7.655858294680383480, 40.80324716812233277 ) ) ;
#3140 = EDGE_LOOP ( 'NONE', ( #4873, #5218, #4681, #2345 ) ) ;
#3141 = EDGE_CURVE ( 'NONE', #4840, #6788, #4546, .T. ) ;
#3142 =( BOUNDED_CURVE ( )  B_SPLINE_CURVE ( 2, ( #484, #1498, #2005, #4950, #4904, #3100, #2598, #3213, #4262, #3757, #5545 ),
 .UNSPECIFIED., .F., .F. ) 
 B_SPLINE_CURVE_WITH_KNOTS ( ( 3, 2, 2, 2, 2, 3 ),
 ( 0.3448275855240567345, 0.3482758620689654916, 0.3517241379310344640, 0.3551724137931034364, 0.3586206896551724088, 0.3620689648344014855 ),
 .UNSPECIFIED. ) 
 CURVE ( )  GEOMETRIC_REPRESENTATION_ITEM ( )  RATIONAL_B_SPLINE_CURVE ( ( 1.000000000000000000, 0.9510565162951535312, 1.000000000000000000, 0.9510565162951535312, 1.000000000000000000, 0.9510565162951535312, 1.000000000000000000, 0.9510565162951535312, 1.000000000000000000, 0.9510565162951535312, 1.000000000000000000 ) ) 
 REPRESENTATION_ITEM ( '' )  );
#3143 =( BOUNDED_CURVE ( )  B_SPLINE_CURVE ( 2, ( #3456, #4538, #195, #1230, #3990, #2366, #2960, #52, #6228, #6368, #3537 ),
 .UNSPECIFIED., .F., .F. ) 
 B_SPLINE_CURVE_WITH_KNOTS ( ( 3, 2, 2, 2, 2, 3 ),
 ( 0.7413793096619878398, 0.7448275862068965969, 0.7482758620689655693, 0.7517241379310344307, 0.7551724137931034031, 0.7586206889723325908 ),
 .UNSPECIFIED. ) 
 CURVE ( )  GEOMETRIC_REPRESENTATION_ITEM ( )  RATIONAL_B_SPLINE_CURVE ( ( 1.000000000000000000, 0.9510565162951535312, 1.000000000000000000, 0.9510565162951535312, 1.000000000000000000, 0.9510565162951535312, 1.000000000000000000, 0.9510565162951535312, 1.000000000000000000, 0.9510565162951535312, 1.000000000000000000 ) ) 
 REPRESENTATION_ITEM ( '' )  );
#3144 = DIRECTION ( 'NONE',  ( 1.000000000000000000, 0.0000000000000000000, 0.0000000000000000000 ) ) ;
#3145 = CARTESIAN_POINT ( 'NONE',  ( 7.281152624135193818, 5.290068395820986424, 24.29123084205001959 ) ) ;
#3146 = DIRECTION ( 'NONE',  ( 0.0000000000000000000, 0.0000000000000000000, 1.000000000000000000 ) ) ;
#3147 = CARTESIAN_POINT ( 'NONE',  ( 1.158151675930546709E-06, -9.463160436884182403, 28.36040889361150619 ) ) ;
#3148 = EDGE_LOOP ( 'NONE', ( #5604, #340, #542, #522 ) ) ;
#3149 =( BOUNDED_CURVE ( )  B_SPLINE_CURVE ( 2, ( #3219, #3763, #5282, #4310, #238, #4752, #1315, #5337, #7073, #2602, #6412 ),
 .UNSPECIFIED., .F., .F. ) 
 B_SPLINE_CURVE_WITH_KNOTS ( ( 3, 2, 2, 2, 2, 3 ),
 ( 0.01785714214991585697, 0.02142857142857142877, 0.02500000000000000139, 0.02857142857142857054, 0.03214285714285713969, 0.03571428500705871312 ),
 .UNSPECIFIED. ) 
 CURVE ( )  GEOMETRIC_REPRESENTATION_ITEM ( )  RATIONAL_B_SPLINE_CURVE ( ( 1.000000000000000000, 0.9510565162951535312, 1.000000000000000000, 0.9510565162951535312, 1.000000000000000000, 0.9510565162951535312, 1.000000000000000000, 0.9510565162951535312, 1.000000000000000000, 0.9510565162951535312, 1.000000000000000000 ) ) 
 REPRESENTATION_ITEM ( '' )  );
#3150 = CARTESIAN_POINT ( 'NONE',  ( -1.390575950908341518, -4.279754493514244196, 55.62874945933653237 ) ) ;
#3151 = CARTESIAN_POINT ( 'NONE',  ( -5.120816253438810861, -7.957929778072201366, 65.01838837944796978 ) ) ;
#3152 = CARTESIAN_POINT ( 'NONE',  ( 2.781152480892335799, 3.827928977956371437, 59.23708164887910499 ) ) ;
#3153 = DIRECTION ( 'NONE',  ( 0.0000000000000000000, 0.0000000000000000000, 1.000000000000000000 ) ) ;
#3154 = ORIENTED_EDGE ( 'NONE', *, *, #4421, .T. ) ;
#3155 = ORIENTED_EDGE ( 'NONE', *, *, #5263, .F. ) ;
#3156 = LINE ( 'NONE', #7347, #5691 ) ;
#3157 =( BOUNDED_CURVE ( )  B_SPLINE_CURVE ( 2, ( #5941, #1343, #7048, #1295, #3698, #5525, #5316, #2486, #6634, #2625, #5423 ),
 .UNSPECIFIED., .F., .F. ) 
 B_SPLINE_CURVE_WITH_KNOTS ( ( 3, 2, 2, 2, 2, 3 ),
 ( 0.6249999992927730563, 0.6285714285714285587, 0.6321428571428571175, 0.6357142857142856762, 0.6392857142857142350, 0.6428571421499159610 ),
 .UNSPECIFIED. ) 
 CURVE ( )  GEOMETRIC_REPRESENTATION_ITEM ( )  RATIONAL_B_SPLINE_CURVE ( ( 1.000000000000000000, 0.9510565162951535312, 1.000000000000000000, 0.9510565162951535312, 1.000000000000000000, 0.9510565162951535312, 1.000000000000000000, 0.9510565162951535312, 1.000000000000000000, 0.9510565162951535312, 1.000000000000000000 ) ) 
 REPRESENTATION_ITEM ( '' )  );
#3158 = CARTESIAN_POINT ( 'NONE',  ( -7.281153918988096940, 5.290066613608861879, 29.59095825526759072 ) ) ;
#3159 =( BOUNDED_CURVE ( )  B_SPLINE_CURVE ( 2, ( #6223, #3446, #6778, #3982, #5286, #7365, #143, #4530, #6269, #5723, #4586 ),
 .UNSPECIFIED., .F., .F. ) 
 B_SPLINE_CURVE_WITH_KNOTS ( ( 3, 2, 2, 2, 2, 3 ),
 ( 0.6964285707213444532, 0.6999999999999999556, 0.7035714285714286254, 0.7071428571428571841, 0.7107142857142857428, 0.7142857135784873579 ),
 .UNSPECIFIED. ) 
 CURVE ( )  GEOMETRIC_REPRESENTATION_ITEM ( )  RATIONAL_B_SPLINE_CURVE ( ( 1.000000000000000000, 0.9510565162951535312, 1.000000000000000000, 0.9510565162951535312, 1.000000000000000000, 0.9510565162951535312, 1.000000000000000000, 0.9510565162951535312, 1.000000000000000000, 0.9510565162951535312, 1.000000000000000000 ) ) 
 REPRESENTATION_ITEM ( '' )  );
#3160 = CYLINDRICAL_SURFACE ( 'NONE', #3616, 4.500000000000000888 ) ;
#3161 = ORIENTED_EDGE ( 'NONE', *, *, #2778, .F. ) ;
#3162 = EDGE_CURVE ( 'NONE', #6271, #4840, #4815, .T. ) ;
#3163 = CARTESIAN_POINT ( 'NONE',  ( -1.390576998466245939, 4.279754153142047990, 34.23619363435273755 ) ) ;
#3164 = CARTESIAN_POINT ( 'NONE',  ( 4.499999821055706839, 1.462139183781869356, 42.60985385730206332 ) ) ;
#3165 =( BOUNDED_CURVE ( )  B_SPLINE_CURVE ( 2, ( #2387, #5421, #1802, #1342, #317, #3135, #907, #2337, #1890, #217, #5984 ),
 .UNSPECIFIED., .F., .F. ) 
 B_SPLINE_CURVE_WITH_KNOTS ( ( 3, 2, 2, 2, 2, 3 ),
 ( 0.7499999992927729453, 0.7535714285714285587, 0.7571428571428571175, 0.7607142857142856762, 0.7642857142857142350, 0.7678571421499159610 ),
 .UNSPECIFIED. ) 
 CURVE ( )  GEOMETRIC_REPRESENTATION_ITEM ( )  RATIONAL_B_SPLINE_CURVE ( ( 1.000000000000000000, 0.9510565162951535312, 1.000000000000000000, 0.9510565162951535312, 1.000000000000000000, 0.9510565162951535312, 1.000000000000000000, 0.9510565162951535312, 1.000000000000000000, 0.9510565162951535312, 1.000000000000000000 ) ) 
 REPRESENTATION_ITEM ( '' )  );
#3166 = CARTESIAN_POINT ( 'NONE',  ( 1.158151648116876492E-06, -9.463160436884182403, 56.01116061474667163 ) ) ;
#3167 = AXIS2_PLACEMENT_3D ( 'NONE', #1691, #5090, #2315 ) ;
#3168 =( BOUNDED_CURVE ( )  B_SPLINE_CURVE ( 2, ( #2945, #4173, #88, #5330, #3150, #2398, #4022, #4574, #4300, #4897, #7279 ),
 .UNSPECIFIED., .F., .F. ) 
 B_SPLINE_CURVE_WITH_KNOTS ( ( 3, 2, 2, 2, 2, 3 ),
 ( 0.8392857135784872469, 0.8428571428571428603, 0.8464285714285714191, 0.8499999999999999778, 0.8535714285714285365, 0.8571428564356301516 ),
 .UNSPECIFIED. ) 
 CURVE ( )  GEOMETRIC_REPRESENTATION_ITEM ( )  RATIONAL_B_SPLINE_CURVE ( ( 1.000000000000000000, 0.9510565162951535312, 1.000000000000000000, 0.9510565162951535312, 1.000000000000000000, 0.9510565162951535312, 1.000000000000000000, 0.9510565162951535312, 1.000000000000000000, 0.9510565162951535312, 1.000000000000000000 ) ) 
 REPRESENTATION_ITEM ( '' )  );
#3169 = EDGE_CURVE ( 'NONE', #2479, #6659, #1452, .T. ) ;
#3170 = CARTESIAN_POINT ( 'NONE',  ( 0.0000000000000000000, 0.0000000000000000000, 0.0000000000000000000 ) ) ;
#3171 = ORIENTED_EDGE ( 'NONE', *, *, #934, .T. ) ;
#3172 = CARTESIAN_POINT ( 'NONE',  ( -9.000000398245257216, 3.345488625337251553E-15, 7.046287731840569890 ) ) ;
#3173 = ORIENTED_EDGE ( 'NONE', *, *, #1768, .F. ) ;
#3174 = VECTOR ( 'NONE', #5018, 1000.000000000000000 ) ;
#3175 = FACE_OUTER_BOUND ( 'NONE', #363, .T. ) ;
#3176 = CARTESIAN_POINT ( 'NONE',  ( 1.158151675930546709E-06, -9.463160436884182403, 28.09320920370610608 ) ) ;
#3177 = EDGE_LOOP ( 'NONE', ( #6973, #3065, #5523, #4667 ) ) ;
#3178 = AXIS2_PLACEMENT_3D ( 'NONE', #6795, #7244, #2808 ) ;
#3179 = DIRECTION ( 'NONE',  ( 0.0000000000000000000, 0.0000000000000000000, 1.000000000000000000 ) ) ;
#3180 = CARTESIAN_POINT ( 'NONE',  ( 4.500000000000001776, -1.326672756770254415E-14, 49.67452996859061898 ) ) ;
#3181 = ADVANCED_FACE ( 'NONE', ( #3816 ), #4053, .F. ) ;
#3182 = ORIENTED_EDGE ( 'NONE', *, *, #4888, .T. ) ;
#3183 = AXIS2_PLACEMENT_3D ( 'NONE', #2925, #5360, #5798 ) ;
#3184 = DIRECTION ( 'NONE',  ( 0.0000000000000000000, 0.0000000000000000000, 1.000000000000000000 ) ) ;
#3185 = CARTESIAN_POINT ( 'NONE',  ( 4.500000000000000888, -3.445247984332646484E-14, 40.45761272821222576 ) ) ;
#3186 = VERTEX_POINT ( 'NONE', #1456 ) ;
#3187 = DIRECTION ( 'NONE',  ( 0.0000000000000000000, 0.0000000000000000000, 1.000000000000000000 ) ) ;
#3188 = LINE ( 'NONE', #5611, #5693 ) ;
#3189 = ORIENTED_EDGE ( 'NONE', *, *, #1520, .F. ) ;
#3190 = CARTESIAN_POINT ( 'NONE',  ( 9.000000398245257216, -1.987823111304005947E-14, 24.32800755755004474 ) ) ;
#3191 = ORIENTED_EDGE ( 'NONE', *, *, #1754, .F. ) ;
#3192 = CARTESIAN_POINT ( 'NONE',  ( 1.158151629550999972E-06, -9.463160436884182403, 7.355145412854735554 ) ) ;
#3193 = CARTESIAN_POINT ( 'NONE',  ( 9.000000398245257216, -1.546950270569086518E-14, 19.45234924745544447 ) ) ;
#3194 = EDGE_LOOP ( 'NONE', ( #6201, #321, #1711, #6857 ) ) ;
#3195 = CARTESIAN_POINT ( 'NONE',  ( 5.790757868338956065E-07, -4.731580009072167137, 11.96360403304392506 ) ) ;
#3196 = ORIENTED_EDGE ( 'NONE', *, *, #3320, .F. ) ;
#3197 = LINE ( 'NONE', #4725, #3341 ) ;
#3198 = CARTESIAN_POINT ( 'NONE',  ( -3.640576798400458891, 2.645033189763083215, 36.50364618555138208 ) ) ;
#3199 = LINE ( 'NONE', #2717, #705 ) ;
#3200 = ORIENTED_EDGE ( 'NONE', *, *, #3123, .T. ) ;
#3201 = CARTESIAN_POINT ( 'NONE',  ( 4.500000000000000888, 0.0000000000000000000, 2.407412430484044816E-32 ) ) ;
#3202 = DIRECTION ( 'NONE',  ( 0.0000000000000000000, 0.0000000000000000000, 1.000000000000000000 ) ) ;
#3203 = CARTESIAN_POINT ( 'NONE',  ( 5.562305207913771810, 7.655858294680399467, 12.88529575708176722 ) ) ;
#3204 = CARTESIAN_POINT ( 'NONE',  ( 1.390576998466247050, -4.279754153142048878, 42.03379652977841374 ) ) ;
#3205 = ADVANCED_FACE ( 'NONE', ( #6572 ), #6397, .F. ) ;
#3206 = CARTESIAN_POINT ( 'NONE',  ( 9.000000756133740509, -2.924276294026169065, 31.12548406572502557 ) ) ;
#3207 = ORIENTED_EDGE ( 'NONE', *, *, #4509, .T. ) ;
#3208 = CARTESIAN_POINT ( 'NONE',  ( 5.562307081842466694, -7.655856933191508062, 44.72043699528313709 ) ) ;
#3209 = DIRECTION ( 'NONE',  ( 0.0000000000000000000, 0.0000000000000000000, 1.000000000000000000 ) ) ;
#3210 = CARTESIAN_POINT ( 'NONE',  ( -5.790758250630739549E-07, 4.731580009072167137, 59.46750457988856908 ) ) ;
#3211 = ORIENTED_EDGE ( 'NONE', *, *, #1469, .T. ) ;
#3212 = EDGE_CURVE ( 'NONE', #3970, #3318, #4098, .T. ) ;
#3213 = CARTESIAN_POINT ( 'NONE',  ( -2.781153417856663701, 3.827928297211940833, 22.83025854938447807 ) ) ;
#3214 = ORIENTED_EDGE ( 'NONE', *, *, #4601, .F. ) ;
#3215 = FACE_OUTER_BOUND ( 'NONE', #7122, .T. ) ;
#3216 = CARTESIAN_POINT ( 'NONE',  ( 2.781153417856682797, -3.827928297211926623, 10.15699734386419628 ) ) ;
#3217 = VECTOR ( 'NONE', #7019, 1000.000000000000000 ) ;
#3218 = CARTESIAN_POINT ( 'NONE',  ( 0.0000000000000000000, 0.0000000000000000000, 0.0000000000000000000 ) ) ;
#3219 = CARTESIAN_POINT ( 'NONE',  ( -9.000000398245257216, -1.063239678614364001E-15, 2.170629421745972287 ) ) ;
#3220 = CARTESIAN_POINT ( 'NONE',  ( 2.781152024881131002, 8.559509365782272283, 24.78885346296488379 ) ) ;
#3221 = ORIENTED_EDGE ( 'NONE', *, *, #1075, .F. ) ;
#3222 = CARTESIAN_POINT ( 'NONE',  ( 0.0000000000000000000, 0.0000000000000000000, 0.0000000000000000000 ) ) ;
#3223 = CARTESIAN_POINT ( 'NONE',  ( 3.640576798400455782, -2.645033189763086767, 37.92296053050409199 ) ) ;
#3224 = CARTESIAN_POINT ( 'NONE',  ( 9.000000398245257216, -6.652045374004582702E-15, 10.50263169698246557 ) ) ;
#3225 = VERTEX_POINT ( 'NONE', #6060 ) ;
#3226 = CARTESIAN_POINT ( 'NONE',  ( 0.0000000000000000000, 0.0000000000000000000, 0.0000000000000000000 ) ) ;
#3227 = ORIENTED_EDGE ( 'NONE', *, *, #858, .T. ) ;
#3228 = FACE_OUTER_BOUND ( 'NONE', #1558, .T. ) ;
#3229 = EDGE_CURVE ( 'NONE', #3871, #6651, #6605, .T. ) ;
#3230 = FACE_OUTER_BOUND ( 'NONE', #4177, .T. ) ;
#3231 = ORIENTED_EDGE ( 'NONE', *, *, #3830, .F. ) ;
#3232 = CARTESIAN_POINT ( 'NONE',  ( -4.500000000000001776, -3.745033851997061308E-14, 43.91395669335413032 ) ) ;
#3233 = EDGE_CURVE ( 'NONE', #2451, #5132, #6466, .T. ) ;
#3234 = CARTESIAN_POINT ( 'NONE',  ( -9.000000398245257216, 5.549846935349869874E-15, 9.083317352029762759 ) ) ;
#3235 = CARTESIAN_POINT ( 'NONE',  ( 0.0000000000000000000, 0.0000000000000000000, 0.0000000000000000000 ) ) ;
#3236 = EDGE_LOOP ( 'NONE', ( #1606, #2748, #1474, #5145 ) ) ;
#3237 = DIRECTION ( 'NONE',  ( 0.0000000000000000000, 0.0000000000000000000, 1.000000000000000000 ) ) ;
#3238 = ORIENTED_EDGE ( 'NONE', *, *, #6403, .T. ) ;
#3239 = LINE ( 'NONE', #1124, #3253 ) ;
#3240 = CARTESIAN_POINT ( 'NONE',  ( -2.781152024881030194, -8.559509365782304258, 14.15262187763379487 ) ) ;
#3241 = ORIENTED_EDGE ( 'NONE', *, *, #4739, .T. ) ;
#3242 = EDGE_CURVE ( 'NONE', #1548, #6390, #4125, .T. ) ;
#3243 = CARTESIAN_POINT ( 'NONE',  ( 5.790757998744815550E-07, -4.731580009072167137, 2.746686792665541610 ) ) ;
#3244 = CARTESIAN_POINT ( 'NONE',  ( -7.281152624135263984, -5.290068395820890501, 48.48563859804328757 ) ) ;
#3245 = ORIENTED_EDGE ( 'NONE', *, *, #397, .F. ) ;
#3246 = EDGE_CURVE ( 'NONE', #5596, #6420, #4109, .T. ) ;
#3247 = CARTESIAN_POINT ( 'NONE',  ( 0.0000000000000000000, 0.0000000000000000000, 0.0000000000000000000 ) ) ;
#3248 =( BOUNDED_CURVE ( )  B_SPLINE_CURVE ( 2, ( #4937, #5528, #1044, #7269, #6089, #1530, #7223, #1948, #2737, #863, #4289 ),
 .UNSPECIFIED., .F., .F. ) 
 B_SPLINE_CURVE_WITH_KNOTS ( ( 3, 2, 2, 2, 2, 3 ),
 ( 0.5357142850070587548, 0.5392857142857142572, 0.5428571428571428159, 0.5464285714285713746, 0.5500000000000000444, 0.5535714278642016595 ),
 .UNSPECIFIED. ) 
 CURVE ( )  GEOMETRIC_REPRESENTATION_ITEM ( )  RATIONAL_B_SPLINE_CURVE ( ( 1.000000000000000000, 0.9510565162951535312, 1.000000000000000000, 0.9510565162951535312, 1.000000000000000000, 0.9510565162951535312, 1.000000000000000000, 0.9510565162951535312, 1.000000000000000000, 0.9510565162951535312, 1.000000000000000000 ) ) 
 REPRESENTATION_ITEM ( '' )  );
#3249 = CARTESIAN_POINT ( 'NONE',  ( 0.0000000000000000000, 0.0000000000000000000, 0.0000000000000000000 ) ) ;
#3250 = ORIENTED_EDGE ( 'NONE', *, *, #4967, .F. ) ;
#3251 = CARTESIAN_POINT ( 'NONE',  ( -4.500000000000000888, 5.510910596163089556E-16, 0.0000000000000000000 ) ) ;
#3252 = ORIENTED_EDGE ( 'NONE', *, *, #7348, .T. ) ;
#3253 = VECTOR ( 'NONE', #614, 1000.000000000000000 ) ;
#3254 = CARTESIAN_POINT ( 'NONE',  ( -1.390576998466235059, 4.279754153142052431, 1.709783603122973172 ) ) ;
#3255 =( BOUNDED_CURVE ( )  B_SPLINE_CURVE ( 2, ( #545, #6842, #2918, #7291, #3505, #4359, #4453, #6103, #1106, #7243, #1022 ),
 .UNSPECIFIED., .F., .F. ) 
 B_SPLINE_CURVE_WITH_KNOTS ( ( 3, 2, 2, 2, 2, 3 ),
 ( 0.4285714278642015485, 0.4321428571428571619, 0.4357142857142857206, 0.4392857142857142794, 0.4428571428571428381, 0.4464285707213444532 ),
 .UNSPECIFIED. ) 
 CURVE ( )  GEOMETRIC_REPRESENTATION_ITEM ( )  RATIONAL_B_SPLINE_CURVE ( ( 1.000000000000000000, 0.9510565162951535312, 1.000000000000000000, 0.9510565162951535312, 1.000000000000000000, 0.9510565162951535312, 1.000000000000000000, 0.9510565162951535312, 1.000000000000000000, 0.9510565162951535312, 1.000000000000000000 ) ) 
 REPRESENTATION_ITEM ( '' )  );
#3256 = CARTESIAN_POINT ( 'NONE',  ( 7.281152624135285301, 5.290068395820861191, 51.94198256318518503 ) ) ;
#3257 = CARTESIAN_POINT ( 'NONE',  ( 2.781152024881051510, 8.559509365782298929, 3.783589982208110047 ) ) ;
#3258 = CARTESIAN_POINT ( 'NONE',  ( -1.158151657376384867E-06, 9.463160436884182403, 13.11571868809122421 ) ) ;
#3259 = ORIENTED_EDGE ( 'NONE', *, *, #3815, .F. ) ;
#3260 = CARTESIAN_POINT ( 'NONE',  ( -9.000000398245262545, -7.981470300312869343E-14, 43.91395669335413743 ) ) ;
#3261 = CARTESIAN_POINT ( 'NONE',  ( -2.781153417856702781, 3.827928297211911524, 59.69792751089802607 ) ) ;
#3262 = CARTESIAN_POINT ( 'NONE',  ( 4.500000000000000888, -1.393995251051634810E-14, 24.32800755755004474 ) ) ;
#3263 = VERTEX_POINT ( 'NONE', #3955 ) ;
#3264 = CARTESIAN_POINT ( 'NONE',  ( 0.0000000000000000000, 0.0000000000000000000, 0.0000000000000000000 ) ) ;
#3265 = ORIENTED_EDGE ( 'NONE', *, *, #1786, .F. ) ;
#3266 = VECTOR ( 'NONE', #409, 1000.000000000000000 ) ;
#3267 = AXIS2_PLACEMENT_3D ( 'NONE', #6456, #5763, #6261 ) ;
#3268 = CARTESIAN_POINT ( 'NONE',  ( -7.281152624135208917, -5.290068395820965108, 18.53065756681352738 ) ) ;
#3269 = VECTOR ( 'NONE', #337, 1000.000000000000000 ) ;
#3270 = CARTESIAN_POINT ( 'NONE',  ( 0.0000000000000000000, 0.0000000000000000000, 0.0000000000000000000 ) ) ;
#3271 = CARTESIAN_POINT ( 'NONE',  ( -4.500000000000000000, -1.344383738343847196E-14, 32.12561045297574225 ) ) ;
#3272 = ADVANCED_FACE ( 'NONE', ( #3904 ), #1542, .F. ) ;
#3273 = ORIENTED_EDGE ( 'NONE', *, *, #2222, .F. ) ;
#3274 = CARTESIAN_POINT ( 'NONE',  ( -1.390575950908274905, -4.279754493514265512, 9.544163257444601811 ) ) ;
#3275 = DIRECTION ( 'NONE',  ( 0.0000000000000000000, 0.0000000000000000000, 1.000000000000000000 ) ) ;
#3276 = CARTESIAN_POINT ( 'NONE',  ( -5.790757601410833359E-07, 4.731580009072167137, 54.85904595969937247 ) ) ;
#3277 = VERTEX_POINT ( 'NONE', #5102 ) ;
#3278 = ORIENTED_EDGE ( 'NONE', *, *, #76, .T. ) ;
#3279 = ORIENTED_EDGE ( 'NONE', *, *, #1482, .F. ) ;
#3280 = CARTESIAN_POINT ( 'NONE',  ( 4.500000000000000888, 0.0000000000000000000, 0.0000000000000000000 ) ) ;
#3281 = EDGE_LOOP ( 'NONE', ( #3053, #623, #3227, #3407 ) ) ;
#3282 = CARTESIAN_POINT ( 'NONE',  ( 3.640576150974030867, 2.645034080869113069, 19.94997191176623375 ) ) ;
#3283 = ADVANCED_FACE ( 'NONE', ( #4000 ), #1608, .T. ) ;
#3284 = VERTEX_POINT ( 'NONE', #4611 ) ;
#3285 = DIRECTION ( 'NONE',  ( 1.000000000000000000, 0.0000000000000000000, 0.0000000000000000000 ) ) ;
#3286 = CARTESIAN_POINT ( 'NONE',  ( -4.500000178944233653, 1.462138082314243359, 18.45222286020474556 ) ) ;
#3287 = ORIENTED_EDGE ( 'NONE', *, *, #6676, .F. ) ;
#3288 = CYLINDRICAL_SURFACE ( 'NONE', #6344, 9.000000398245260769 ) ;
#3289 = CARTESIAN_POINT ( 'NONE',  ( -9.000000040356646025, -2.924278496961546292, 43.76196851234935536 ) ) ;
#3290 = COLOUR_RGB ( '',0.4980392156862745168, 0.4980392156862745168, 0.4980392156862745168 ) ;
#3291 = CARTESIAN_POINT ( 'NONE',  ( -7.281153918988040985, 5.290066613608937374, 59.54593928649735091 ) ) ;
#3292 = CARTESIAN_POINT ( 'NONE',  ( -1.158151647519852730E-06, 9.463160436884182403, 6.203030757807435513 ) ) ;
#3293 = ORIENTED_EDGE ( 'NONE', *, *, #7363, .T. ) ;
#3294 = CARTESIAN_POINT ( 'NONE',  ( 2.781153417856666810, -3.827928297211936837, 23.71517351452637357 ) ) ;
#3295 = EDGE_LOOP ( 'NONE', ( #4013, #6984, #583, #2271 ) ) ;
#3296 = CARTESIAN_POINT ( 'NONE',  ( -2.781152480892340240, -3.827928977956368772, 11.73318110203446807 ) ) ;
#3297 = ORIENTED_EDGE ( 'NONE', *, *, #6099, .F. ) ;
#3298 = LINE ( 'NONE', #5017, #5658 ) ;
#3299 = CARTESIAN_POINT ( 'NONE',  ( -2.781152024881097251, -8.559509365782282941, 21.33250949782298989 ) ) ;
#3300 = EDGE_CURVE ( 'NONE', #2202, #6955, #3409, .T. ) ;
#3301 = CARTESIAN_POINT ( 'NONE',  ( -2.560408013422699192, -3.978964712969007778, 65.01838837944796978 ) ) ;
#3302 = ORIENTED_EDGE ( 'NONE', *, *, #4250, .T. ) ;
#3303 = CARTESIAN_POINT ( 'NONE',  ( -9.000000398245257216, -6.585299652096002638E-15, 29.82138114288113329 ) ) ;
#3304 = CARTESIAN_POINT ( 'NONE',  ( -7.568440971654811555, 4.870185666583114248, 64.44233105192431310 ) ) ;
#3305 = VERTEX_POINT ( 'NONE', #5202 ) ;
#3306 = CARTESIAN_POINT ( 'NONE',  ( -2.781153417856657928, 3.827928297211944830, 13.34614161910068653 ) ) ;
#3307 = VERTEX_POINT ( 'NONE', #3509 ) ;
#3308 = CARTESIAN_POINT ( 'NONE',  ( 4.500000000000000888, 2.261713360437586282E-15, 10.50263169698246557 ) ) ;
#3309 = DIRECTION ( 'NONE',  ( 1.000000000000000000, -1.776356839400250070E-15, 0.0000000000000000000 ) ) ;
#3310 = CARTESIAN_POINT ( 'NONE',  ( -4.500000000000000888, 5.510910596163089556E-16, 0.0000000000000000000 ) ) ;
#3311 = ORIENTED_EDGE ( 'NONE', *, *, #1070, .T. ) ;
#3312 = CARTESIAN_POINT ( 'NONE',  ( 9.000000756133726298, -2.924276294026221912, 19.60433751525204471 ) ) ;
#3313 = EDGE_CURVE ( 'NONE', #4751, #1861, #6386, .T. ) ;
#3314 = CARTESIAN_POINT ( 'NONE',  ( -4.499999821055697957, -1.462139183781898888, 37.11648027197097832 ) ) ;
#3315 = CARTESIAN_POINT ( 'NONE',  ( 4.500000000000000888, -4.106554846611202996E-14, 54.28298858877980138 ) ) ;
#3316 = ORIENTED_EDGE ( 'NONE', *, *, #5056, .F. ) ;
#3317 = CARTESIAN_POINT ( 'NONE',  ( 4.500000000000000888, -1.375892294427552573E-15, 38.15338341811762035 ) ) ;
#3318 = VERTEX_POINT ( 'NONE', #5744 ) ;
#3319 = CYLINDRICAL_SURFACE ( 'NONE', #2052, 4.500000000000000888 ) ;
#3320 = EDGE_CURVE ( 'NONE', #1480, #4699, #2155, .T. ) ;
#3321 = DIRECTION ( 'NONE',  ( 0.0000000000000000000, 0.0000000000000000000, 1.000000000000000000 ) ) ;
#3322 = ADVANCED_FACE ( 'NONE', ( #1526 ), #1622, .F. ) ;
#3323 = EDGE_LOOP ( 'NONE', ( #2594, #3154, #5503, #4974 ) ) ;
#3324 = DIRECTION ( 'NONE',  ( 0.0000000000000000000, 0.0000000000000000000, 1.000000000000000000 ) ) ;
#3325 = EDGE_LOOP ( 'NONE', ( #7329, #4919, #3500, #1611 ) ) ;
#3326 = CARTESIAN_POINT ( 'NONE',  ( -4.500000178944214113, 1.462138082314296872, 41.22731627124530718 ) ) ;
#3327 = CARTESIAN_POINT ( 'NONE',  ( 7.281152624135242668, 5.290068395820918923, 45.29649432280679378 ) ) ;
#3328 = CARTESIAN_POINT ( 'NONE',  ( 2.781154119997066410, -8.559508685037839015, 5.433327258170272955 ) ) ;
#3329 = ORIENTED_EDGE ( 'NONE', *, *, #4175, .F. ) ;
#3330 = LINE ( 'NONE', #4062, #5831 ) ;
#3331 = CARTESIAN_POINT ( 'NONE',  ( -3.640576798400454006, 2.645033189763088988, 9.120094154321629176 ) ) ;
#3332 = DIRECTION ( 'NONE',  ( -0.0000000000000000000, -0.0000000000000000000, -1.000000000000000000 ) ) ;
#3333 = EDGE_CURVE ( 'NONE', #4608, #4326, #1647, .T. ) ;
#3334 = CARTESIAN_POINT ( 'NONE',  ( 9.000000398245193267, 1.101467699276142687E-06, 1.018514810094594880 ) ) ;
#3335 = VERTEX_POINT ( 'NONE', #699 ) ;
#3336 = CARTESIAN_POINT ( 'NONE',  ( -9.000000398245257216, 3.345488625337251553E-15, 6.779088041935164455 ) ) ;
#3337 = CARTESIAN_POINT ( 'NONE',  ( -1.390575950908265801, -4.279754493514269065, 23.36953911801218098 ) ) ;
#3338 = VERTEX_POINT ( 'NONE', #1199 ) ;
#3339 = CARTESIAN_POINT ( 'NONE',  ( -7.281152624135196483, -5.290068395820982872, 62.31101445861086319 ) ) ;
#3340 = ORIENTED_EDGE ( 'NONE', *, *, #6828, .T. ) ;
#3341 = VECTOR ( 'NONE', #5307, 1000.000000000000000 ) ;
#3342 = CARTESIAN_POINT ( 'NONE',  ( -9.000000398245260769, 1.102182168003596278E-15, 0.0000000000000000000 ) ) ;
#3343 = LINE ( 'NONE', #1791, #3359 ) ;
#3344 = CARTESIAN_POINT ( 'NONE',  ( 7.281152624135188489, 5.290068395820993530, 15.07431360167163348 ) ) ;
#3345 = PRODUCT ( '1752434124255', '1752434124255', '', ( #5536 ) ) ;
#3346 = CARTESIAN_POINT ( 'NONE',  ( -4.500000000000000000, -4.626421720976368835E-15, 50.55944493373250737 ) ) ;
#3347 = CARTESIAN_POINT ( 'NONE',  ( -5.562307081842447154, 7.655856933191523161, 34.35140509985745894 ) ) ;
#3348 = DIRECTION ( 'NONE',  ( 0.0000000000000000000, 0.0000000000000000000, 1.000000000000000000 ) ) ;
#3349 = CARTESIAN_POINT ( 'NONE',  ( 2.993010729696236716, -3.664660441865645435, 65.47923424146689797 ) ) ;
#3350 = ORIENTED_EDGE ( 'NONE', *, *, #5796, .T. ) ;
#3351 = DIRECTION ( 'NONE',  ( 1.000000000000000000, 0.0000000000000000000, 0.0000000000000000000 ) ) ;
#3352 = CARTESIAN_POINT ( 'NONE',  ( 7.281152624135199147, 5.290068395820979319, 33.50814808242840570 ) ) ;
#3353 = CARTESIAN_POINT ( 'NONE',  ( -4.500000000000000888, 1.240327548214232523E-14, 27.78435152269194575 ) ) ;
#3354 = CARTESIAN_POINT ( 'NONE',  ( 4.499999821055721050, 1.462139183781829610, 58.73945902796423724 ) ) ;
#3355 = ORIENTED_EDGE ( 'NONE', *, *, #6396, .F. ) ;
#3356 = EDGE_CURVE ( 'NONE', #3818, #1512, #1597, .T. ) ;
#3357 = CARTESIAN_POINT ( 'NONE',  ( 2.781153417856681909, -3.827928297211927511, 12.46122665395879459 ) ) ;
#3358 = ORIENTED_EDGE ( 'NONE', *, *, #6582, .F. ) ;
#3359 = VECTOR ( 'NONE', #1835, 1000.000000000000000 ) ;
#3360 = CARTESIAN_POINT ( 'NONE',  ( 0.0000000000000000000, 0.0000000000000000000, 0.0000000000000000000 ) ) ;
#3361 = CARTESIAN_POINT ( 'NONE',  ( -7.281152624135192042, -5.290068395820989977, 53.09409721823247708 ) ) ;
#3362 = CARTESIAN_POINT ( 'NONE',  ( 1.390576998466262815, -4.279754153142042661, 30.77984966921083299 ) ) ;
#3363 = EDGE_LOOP ( 'NONE', ( #2133, #2969, #5640, #818 ) ) ;
#3364 = CARTESIAN_POINT ( 'NONE',  ( 5.562307081842510215, -7.655856933191476088, 55.97438385585071785 ) ) ;
#3365 = CARTESIAN_POINT ( 'NONE',  ( -2.781153417856640164, 3.827928297211956821, 57.12649851089801700 ) ) ;
#3366 = CARTESIAN_POINT ( 'NONE',  ( 2.781154119997062413, -8.559508685037840792, 9.774586188454060576 ) ) ;
#3367 = ORIENTED_EDGE ( 'NONE', *, *, #1311, .F. ) ;
#3368 = CARTESIAN_POINT ( 'NONE',  ( 9.000000398245260769, 0.0000000000000000000, 0.0000000000000000000 ) ) ;
#3369 = AXIS2_PLACEMENT_3D ( 'NONE', #4669, #1752, #6801 ) ;
#3370 = ORIENTED_EDGE ( 'NONE', *, *, #4421, .F. ) ;
#3371 = ADVANCED_FACE ( 'NONE', ( #1416 ), #3938, .T. ) ;
#3372 = CARTESIAN_POINT ( 'NONE',  ( 5.562305207913778915, 7.655858294680393250, 22.36941268736555344 ) ) ;
#3373 = ORIENTED_EDGE ( 'NONE', *, *, #1221, .T. ) ;
#3374 = CARTESIAN_POINT ( 'NONE',  ( -3.640576150974016656, -2.645034080869132609, 2.668252086056758010 ) ) ;
#3375 = ORIENTED_EDGE ( 'NONE', *, *, #548, .F. ) ;
#3376 = CARTESIAN_POINT ( 'NONE',  ( -4.500000000000001776, -3.965470251685004604E-14, 39.30549807316493371 ) ) ;
#3377 = AXIS2_PLACEMENT_3D ( 'NONE', #5949, #2497, #6203 ) ;
#3378 = ORIENTED_EDGE ( 'NONE', *, *, #2285, .F. ) ;
#3379 = CYLINDRICAL_SURFACE ( 'NONE', #4651, 9.000000398245260769 ) ;
#3380 = LINE ( 'NONE', #6056, #5846 ) ;
#3381 = CARTESIAN_POINT ( 'NONE',  ( 4.500000000000000888, -9.939115194628503854E-15, 24.06080786764463753 ) ) ;
#3382 = CARTESIAN_POINT ( 'NONE',  ( 4.500000000000000000, -1.742280869639751427E-14, 63.23270613925279093 ) ) ;
#3383 = CARTESIAN_POINT ( 'NONE',  ( -7.281152624135208029, -5.290068395820966884, 16.22642825671893263 ) ) ;
#3384 = ADVANCED_FACE ( 'NONE', ( #4138 ), #1657, .F. ) ;
#3385 = ORIENTED_EDGE ( 'NONE', *, *, #1313, .F. ) ;
#3386 = CARTESIAN_POINT ( 'NONE',  ( -9.000000398245262545, -4.353518856679617788E-16, 60.04356186401629714 ) ) ;
#3387 =( BOUNDED_CURVE ( )  B_SPLINE_CURVE ( 2, ( #1546, #2552, #5958, #1400, #5592, #1959, #2506, #2700, #4353, #924, #283 ),
 .UNSPECIFIED., .F., .F. ) 
 B_SPLINE_CURVE_WITH_KNOTS ( ( 3, 2, 2, 2, 2, 3 ),
 ( 0.7857142850070588658, 0.7892857142857142572, 0.7928571428571428159, 0.7964285714285713746, 0.8000000000000000444, 0.8035714278642016595 ),
 .UNSPECIFIED. ) 
 CURVE ( )  GEOMETRIC_REPRESENTATION_ITEM ( )  RATIONAL_B_SPLINE_CURVE ( ( 1.000000000000000000, 0.9510565162951535312, 1.000000000000000000, 0.9510565162951535312, 1.000000000000000000, 0.9510565162951535312, 1.000000000000000000, 0.9510565162951535312, 1.000000000000000000, 0.9510565162951535312, 1.000000000000000000 ) ) 
 REPRESENTATION_ITEM ( '' )  );
#3388 = CARTESIAN_POINT ( 'NONE',  ( 1.390576998466243941, -4.279754153142048878, 5.433327258170272955 ) ) ;
#3389 =( BOUNDED_CURVE ( )  B_SPLINE_CURVE ( 2, ( #1260, #3667, #6509, #5382, #6554, #5439, #5999 ),
 .UNSPECIFIED., .F., .F. ) 
 B_SPLINE_CURVE_WITH_KNOTS ( ( 3, 2, 2, 3 ),
 ( 0.9642857135784873579, 0.9678571428571428603, 0.9714285714285714191, 0.9717539167197175587 ),
 .UNSPECIFIED. ) 
 CURVE ( )  GEOMETRIC_REPRESENTATION_ITEM ( )  RATIONAL_B_SPLINE_CURVE ( ( 1.000000000000000000, 0.9510565162951535312, 1.000000000000000000, 0.9510565162951535312, 1.000000000000000000, 0.9955414110524152260, 0.9918951474196121554 ) ) 
 REPRESENTATION_ITEM ( '' )  );
#3390 = ORIENTED_EDGE ( 'NONE', *, *, #2778, .T. ) ;
#3391 = DIRECTION ( 'NONE',  ( 1.000000000000000000, 0.0000000000000000000, 0.0000000000000000000 ) ) ;
#3392 = ORIENTED_EDGE ( 'NONE', *, *, #4444, .F. ) ;
#3393 = EDGE_CURVE ( 'NONE', #1480, #3026, #1673, .T. ) ;
#3394 = DIRECTION ( 'NONE',  ( 0.0000000000000000000, 0.0000000000000000000, 1.000000000000000000 ) ) ;
#3395 =( BOUNDED_CURVE ( )  B_SPLINE_CURVE ( 2, ( #637, #1234, #1745, #2913, #6235, #1057, #5735, #5238, #593, #1148, #3994 ),
 .UNSPECIFIED., .F., .F. ) 
 B_SPLINE_CURVE_WITH_KNOTS ( ( 3, 2, 2, 2, 2, 3 ),
 ( 0.7931034475930223149, 0.7965517241379310720, 0.8000000000000000444, 0.8034482758620690168, 0.8068965517241378782, 0.8103448269033669549 ),
 .UNSPECIFIED. ) 
 CURVE ( )  GEOMETRIC_REPRESENTATION_ITEM ( )  RATIONAL_B_SPLINE_CURVE ( ( 1.000000000000000000, 0.9510565162951535312, 1.000000000000000000, 0.9510565162951535312, 1.000000000000000000, 0.9510565162951535312, 1.000000000000000000, 0.9510565162951535312, 1.000000000000000000, 0.9510565162951535312, 1.000000000000000000 ) ) 
 REPRESENTATION_ITEM ( '' )  );
#3396 = EDGE_CURVE ( 'NONE', #5061, #3434, #1478, .T. ) ;
#3397 = CARTESIAN_POINT ( 'NONE',  ( -5.562305207913752270, -7.655858294680414566, 21.21729803231826139 ) ) ;
#3398 = CARTESIAN_POINT ( 'NONE',  ( -4.410190373068096470, -1.714080002668830316, 64.78796544843851279 ) ) ;
#3399 = EDGE_LOOP ( 'NONE', ( #1984, #2200, #2435, #7358 ) ) ;
#3400 =( BOUNDED_CURVE ( )  B_SPLINE_CURVE ( 2, ( #3232, #4319, #2424, #6065, #3591, #4147, #4714, #5298, #709, #1559, #4371 ),
 .UNSPECIFIED., .F., .F. ) 
 B_SPLINE_CURVE_WITH_KNOTS ( ( 3, 2, 2, 2, 2, 3 ),
 ( 0.6724137924206085026, 0.6758620689655172598, 0.6793103448275862322, 0.6827586206896552046, 0.6862068965517241770, 0.6896551717309532537 ),
 .UNSPECIFIED. ) 
 CURVE ( )  GEOMETRIC_REPRESENTATION_ITEM ( )  RATIONAL_B_SPLINE_CURVE ( ( 1.000000000000000000, 0.9510565162951535312, 1.000000000000000000, 0.9510565162951535312, 1.000000000000000000, 0.9510565162951535312, 1.000000000000000000, 0.9510565162951535312, 1.000000000000000000, 0.9510565162951535312, 1.000000000000000000 ) ) 
 REPRESENTATION_ITEM ( '' )  );
#3401 = CARTESIAN_POINT ( 'NONE',  ( 1.158151666659323021E-06, -9.463160436884182403, 37.57732613398988519 ) ) ;
#3402 =( BOUNDED_CURVE ( )  B_SPLINE_CURVE ( 2, ( #3965, #7304, #504, #1566, #7207, #564, #1071, #4924, #5613, #4416, #5707 ),
 .UNSPECIFIED., .F., .F. ) 
 B_SPLINE_CURVE_WITH_KNOTS ( ( 3, 2, 2, 2, 2, 3 ),
 ( 0.4642857135784873024, 0.4678571428571428603, 0.4714285714285714191, 0.4749999999999999778, 0.4785714285714285920, 0.4821428564356302071 ),
 .UNSPECIFIED. ) 
 CURVE ( )  GEOMETRIC_REPRESENTATION_ITEM ( )  RATIONAL_B_SPLINE_CURVE ( ( 1.000000000000000000, 0.9510565162951535312, 1.000000000000000000, 0.9510565162951535312, 1.000000000000000000, 0.9510565162951535312, 1.000000000000000000, 0.9510565162951535312, 1.000000000000000000, 0.9510565162951535312, 1.000000000000000000 ) ) 
 REPRESENTATION_ITEM ( '' )  );
#3403 = DIRECTION ( 'NONE',  ( 0.0000000000000000000, 0.0000000000000000000, 1.000000000000000000 ) ) ;
#3404 = CARTESIAN_POINT ( 'NONE',  ( 5.790757949140268582E-07, -4.731580009072167137, 19.14349165323312363 ) ) ;
#3405 = VERTEX_POINT ( 'NONE', #5248 ) ;
#3406 = DIRECTION ( 'NONE',  ( 0.0000000000000000000, 0.0000000000000000000, 1.000000000000000000 ) ) ;
#3407 = ORIENTED_EDGE ( 'NONE', *, *, #3731, .F. ) ;
#3408 = LINE ( 'NONE', #3090, #3443 ) ;
#3409 =( BOUNDED_CURVE ( )  B_SPLINE_CURVE ( 2, ( #4105, #3468, #3076, #3597, #5847, #4154, #601, #2330, #5309, #4726, #69 ),
 .UNSPECIFIED., .F., .F. ) 
 B_SPLINE_CURVE_WITH_KNOTS ( ( 3, 2, 2, 2, 2, 3 ),
 ( 0.7758620682826773418, 0.7793103448275862100, 0.7827586206896551824, 0.7862068965517241548, 0.7896551724137931272, 0.7931034475930223149 ),
 .UNSPECIFIED. ) 
 CURVE ( )  GEOMETRIC_REPRESENTATION_ITEM ( )  RATIONAL_B_SPLINE_CURVE ( ( 1.000000000000000000, 0.9510565162951535312, 1.000000000000000000, 0.9510565162951535312, 1.000000000000000000, 0.9510565162951535312, 1.000000000000000000, 0.9510565162951535312, 1.000000000000000000, 0.9510565162951535312, 1.000000000000000000 ) ) 
 REPRESENTATION_ITEM ( '' )  );
#3410 =( BOUNDED_CURVE ( )  B_SPLINE_CURVE ( 2, ( #3112, #5181, #2311, #4031, #4189, #4760, #975, #5774, #786, #245, #1875 ),
 .UNSPECIFIED., .F., .F. ) 
 B_SPLINE_CURVE_WITH_KNOTS ( ( 3, 2, 2, 2, 2, 3 ),
 ( 0.1428571421499158500, 0.1464285714285714357, 0.1499999999999999944, 0.1535714285714285809, 0.1571428571428571397, 0.1607142850070587270 ),
 .UNSPECIFIED. ) 
 CURVE ( )  GEOMETRIC_REPRESENTATION_ITEM ( )  RATIONAL_B_SPLINE_CURVE ( ( 1.000000000000000000, 0.9510565162951535312, 1.000000000000000000, 0.9510565162951535312, 1.000000000000000000, 0.9510565162951535312, 1.000000000000000000, 0.9510565162951535312, 1.000000000000000000, 0.9510565162951535312, 1.000000000000000000 ) ) 
 REPRESENTATION_ITEM ( '' )  );
#3411 = VECTOR ( 'NONE', #5198, 1000.000000000000000 ) ;
#3412 = EDGE_CURVE ( 'NONE', #4582, #6095, #4021, .T. ) ;
#3413 = CARTESIAN_POINT ( 'NONE',  ( -2.781154119997014007, 8.559508685037856779, 29.62773501416354094 ) ) ;
#3414 = SURFACE_SIDE_STYLE ('',( #5743 ) ) ;
#3415 = CARTESIAN_POINT ( 'NONE',  ( 2.781153417856642829, -3.827928297211955044, 40.11197837509395470 ) ) ;
#3416 = EDGE_CURVE ( 'NONE', #3546, #795, #3961, .T. ) ;
#3417 = CARTESIAN_POINT ( 'NONE',  ( 5.562307081842493339, -7.655856933191487634, 9.889797653958790846 ) ) ;
#3418 = ORIENTED_EDGE ( 'NONE', *, *, #3333, .T. ) ;
#3419 = UNCERTAINTY_MEASURE_WITH_UNIT (LENGTH_MEASURE( 1.000000000000000082E-05 ), #5634, 'distance_accuracy_value', 'NONE');
#3420 = CARTESIAN_POINT ( 'NONE',  ( 4.500000000000000888, -5.530386632182942341E-15, 14.84389062726625319 ) ) ;
#3421 = CARTESIAN_POINT ( 'NONE',  ( -9.000000398245262545, -4.011388604511430500E-14, 18.30023459240814887 ) ) ;
#3422 = CYLINDRICAL_SURFACE ( 'NONE', #7328, 9.000000398245260769 ) ;
#3423 = ORIENTED_EDGE ( 'NONE', *, *, #6478, .F. ) ;
#3424 = DIRECTION ( 'NONE',  ( 1.000000000000000000, 0.0000000000000000000, 0.0000000000000000000 ) ) ;
#3425 = CARTESIAN_POINT ( 'NONE',  ( 4.499999821055699734, 1.462139183781894669, 12.92207251597771389 ) ) ;
#3426 = EDGE_CURVE ( 'NONE', #1203, #3942, #3973, .T. ) ;
#3427 = ORIENTED_EDGE ( 'NONE', *, *, #4015, .T. ) ;
#3428 = DIRECTION ( 'NONE',  ( 0.0000000000000000000, 0.0000000000000000000, 1.000000000000000000 ) ) ;
#3429 = CARTESIAN_POINT ( 'NONE',  ( -5.237540165881530818, -7.319028636314558689, 65.00000000000001421 ) ) ;
#3430 = CARTESIAN_POINT ( 'NONE',  ( -1.390576998466223069, 4.279754153142055983, 18.10658846369055297 ) ) ;
#3431 = CARTESIAN_POINT ( 'NONE',  ( -2.781152480892331802, -3.827928977956374545, 57.81776730392639507 ) ) ;
#3432 = CIRCLE ( 'NONE', #2432, 4.500000000000000888 ) ;
#3433 = ADVANCED_FACE ( 'NONE', ( #1508 ), #4043, .F. ) ;
#3434 = VERTEX_POINT ( 'NONE', #7040 ) ;
#3435 = EDGE_CURVE ( 'NONE', #3284, #2451, #6237, .T. ) ;
#3436 = DIRECTION ( 'NONE',  ( 0.0000000000000000000, 0.0000000000000000000, 1.000000000000000000 ) ) ;
#3437 = CARTESIAN_POINT ( 'NONE',  ( 0.0000000000000000000, 0.0000000000000000000, 0.0000000000000000000 ) ) ;
#3438 = ORIENTED_EDGE ( 'NONE', *, *, #5814, .F. ) ;
#3439 = CARTESIAN_POINT ( 'NONE',  ( -2.781152024881038631, -8.559509365782302481, 23.36953911801218098 ) ) ;
#3440 = CARTESIAN_POINT ( 'NONE',  ( -2.781152480892327361, -3.827928977956377654, 5.087692861656084808 ) ) ;
#3441 = ORIENTED_EDGE ( 'NONE', *, *, #5698, .F. ) ;
#3442 = CARTESIAN_POINT ( 'NONE',  ( 5.562307081842476464, -7.655856933191499181, 30.62786144481016137 ) ) ;
#3443 = VECTOR ( 'NONE', #1349, 1000.000000000000000 ) ;
#3444 = CARTESIAN_POINT ( 'NONE',  ( -1.158151638833938338E-06, 9.463160436884182403, 31.81675285875340364 ) ) ;
#3445 = VERTEX_POINT ( 'NONE', #309 ) ;
#3446 = CARTESIAN_POINT ( 'NONE',  ( -9.000000040356670894, -2.924278496961481455, 46.33339751234935733 ) ) ;
#3447 = AXIS2_PLACEMENT_3D ( 'NONE', #4028, #3932, #98 ) ;
#3448 = CARTESIAN_POINT ( 'NONE',  ( -9.000000756133744062, 2.924276294026164180, 59.92835044190748306 ) ) ;
#3449 = CARTESIAN_POINT ( 'NONE',  ( 4.500000178944222995, -1.462138082314278220, 58.77623578686018391 ) ) ;
#3450 = DIRECTION ( 'NONE',  ( 0.0000000000000000000, 0.0000000000000000000, 1.000000000000000000 ) ) ;
#3451 = LINE ( 'NONE', #1696, #3603 ) ;
#3452 = ADVANCED_FACE ( 'NONE', ( #1576 ), #4066, .F. ) ;
#3453 = AXIS2_PLACEMENT_3D ( 'NONE', #1255, #1808, #2394 ) ;
#3454 =( NAMED_UNIT ( * ) SI_UNIT ( $, .STERADIAN. ) SOLID_ANGLE_UNIT ( ) );
#3455 = ORIENTED_EDGE ( 'NONE', *, *, #6165, .F. ) ;
#3456 = CARTESIAN_POINT ( 'NONE',  ( -4.500000000000001776, -3.524599835623303368E-14, 48.52241531354331272 ) ) ;
#3457 = CARTESIAN_POINT ( 'NONE',  ( 9.000000040356658459, 2.924278496961516538, 42.60985385730206332 ) ) ;
#3458 = DIRECTION ( 'NONE',  ( 0.0000000000000000000, 0.0000000000000000000, 1.000000000000000000 ) ) ;
#3459 = CARTESIAN_POINT ( 'NONE',  ( 0.0000000000000000000, 0.0000000000000000000, 0.0000000000000000000 ) ) ;
#3460 = EDGE_LOOP ( 'NONE', ( #2657, #4968, #5143, #1869, #62, #5076 ) ) ;
#3461 = EDGE_LOOP ( 'NONE', ( #4026, #2307, #1463, #7310 ) ) ;
#3462 = DIRECTION ( 'NONE',  ( 1.000000000000000000, 0.0000000000000000000, 0.0000000000000000000 ) ) ;
#3463 = AXIS2_PLACEMENT_3D ( 'NONE', #364, #417, #951 ) ;
#3464 = CARTESIAN_POINT ( 'NONE',  ( 9.000000756133735180, -2.924276294026189937, 53.90057747676558364 ) ) ;
#3465 = CARTESIAN_POINT ( 'NONE',  ( 4.500000178944225659, -1.462138082314269782, 40.34240130610341168 ) ) ;
#3466 = ORIENTED_EDGE ( 'NONE', *, *, #5450, .T. ) ;
#3467 = CARTESIAN_POINT ( 'NONE',  ( -4.500000000000000888, -1.496143833404757974E-15, 25.48012221259734744 ) ) ;
#3468 = CARTESIAN_POINT ( 'NONE',  ( -4.499999821055720162, -1.462139183781828722, 50.94185613253856104 ) ) ;
#3469 = CARTESIAN_POINT ( 'NONE',  ( -9.000000398245260769, 1.102182168003596278E-15, 0.0000000000000000000 ) ) ;
#3470 = EDGE_LOOP ( 'NONE', ( #1931, #2466, #2174, #308 ) ) ;
#3471 = VECTOR ( 'NONE', #70, 1000.000000000000000 ) ;
#3472 = DIRECTION ( 'NONE',  ( 0.0000000000000000000, 0.0000000000000000000, 1.000000000000000000 ) ) ;
#3473 = AXIS2_PLACEMENT_3D ( 'NONE', #938, #3725, #1461 ) ;
#3474 = CARTESIAN_POINT ( 'NONE',  ( 4.500000000000000888, 0.0000000000000000000, 0.0000000000000000000 ) ) ;
#3475 = ORIENTED_EDGE ( 'NONE', *, *, #7092, .F. ) ;
#3476 = CARTESIAN_POINT ( 'NONE',  ( -9.000000756133704982, 2.924276294026278755, 46.10297458133990034 ) ) ;
#3477 = CARTESIAN_POINT ( 'NONE',  ( 3.640576150974011771, 2.645034080869139714, 17.64574260167163544 ) ) ;
#3478 = CARTESIAN_POINT ( 'NONE',  ( 9.000000040356646025, 2.924278496961548957, 8.313613895788517283 ) ) ;
#3479 = FACE_OUTER_BOUND ( 'NONE', #1979, .T. ) ;
#3480 = CARTESIAN_POINT ( 'NONE',  ( 9.000000398245262545, 4.453373196690685983E-14, 47.37030065849601357 ) ) ;
#3481 =( BOUNDED_CURVE ( )  B_SPLINE_CURVE ( 2, ( #6781, #584, #1821, #2412, #1138, #2844, #2261, #3984, #1780, #3535, #4086 ),
 .UNSPECIFIED., .F., .F. ) 
 B_SPLINE_CURVE_WITH_KNOTS ( ( 3, 2, 2, 2, 2, 3 ),
 ( 0.7678571421499159610, 0.7714285714285714635, 0.7750000000000000222, 0.7785714285714285809, 0.7821428571428571397, 0.7857142850070588658 ),
 .UNSPECIFIED. ) 
 CURVE ( )  GEOMETRIC_REPRESENTATION_ITEM ( )  RATIONAL_B_SPLINE_CURVE ( ( 1.000000000000000000, 0.9510565162951535312, 1.000000000000000000, 0.9510565162951535312, 1.000000000000000000, 0.9510565162951535312, 1.000000000000000000, 0.9510565162951535312, 1.000000000000000000, 0.9510565162951535312, 1.000000000000000000 ) ) 
 REPRESENTATION_ITEM ( '' )  );
#3482 = CARTESIAN_POINT ( 'NONE',  ( 9.000000398245257216, -2.243306420102374438E-15, 5.626973386887868855 ) ) ;
#3483 = CARTESIAN_POINT ( 'NONE',  ( 2.781153417856625065, -3.827928297211968367, 60.58284247603991446 ) ) ;
#3484 = EDGE_CURVE ( 'NONE', #5671, #5325, #285, .T. ) ;
#3485 = CARTESIAN_POINT ( 'NONE',  ( -1.158151652740773023E-06, 9.463160436884182403, 17.99137699818582092 ) ) ;
#3486 = CARTESIAN_POINT ( 'NONE',  ( -4.500000000000000888, -5.017171716958190137E-15, 4.742058421745974250 ) ) ;
#3487 = ORIENTED_EDGE ( 'NONE', *, *, #1428, .F. ) ;
#3488 = EDGE_CURVE ( 'NONE', #1136, #2263, #534, .T. ) ;
#3489 = CARTESIAN_POINT ( 'NONE',  ( -1.390575950908278458, -4.279754493514264624, 51.02029083914734287 ) ) ;
#3490 = VECTOR ( 'NONE', #7204, 1000.000000000000000 ) ;
#3491 = ADVANCED_FACE ( 'NONE', ( #6817 ), #4299, .F. ) ;
#3492 = CARTESIAN_POINT ( 'NONE',  ( -9.000000398245262545, -2.688767569745515197E-14, 32.12561045297574225 ) ) ;
#3493 = CARTESIAN_POINT ( 'NONE',  ( 7.281153918988105822, -5.290066613608849444, 12.30923842955811587 ) ) ;
#3494 = DIRECTION ( 'NONE',  ( -0.0000000000000000000, 0.0000000000000000000, 1.000000000000000000 ) ) ;
#3495 = CARTESIAN_POINT ( 'NONE',  ( 1.390576998466236391, -4.279754153142051543, 21.56293242883244687 ) ) ;
#3496 = DIRECTION ( 'NONE',  ( 1.000000000000000000, 0.0000000000000000000, 0.0000000000000000000 ) ) ;
#3497 = CARTESIAN_POINT ( 'NONE',  ( 4.500000000000000888, 4.256928142328989264E-14, 51.71155958877980652 ) ) ;
#3498 = DIRECTION ( 'NONE',  ( 0.0000000000000000000, 0.0000000000000000000, 1.000000000000000000 ) ) ;
#3499 = EDGE_CURVE ( 'NONE', #3225, #1261, #6638, .T. ) ;
#3500 = ORIENTED_EDGE ( 'NONE', *, *, #26, .T. ) ;
#3501 = LINE ( 'NONE', #2091, #1176 ) ;
#3502 = VECTOR ( 'NONE', #5461, 1000.000000000000000 ) ;
#3503 = CARTESIAN_POINT ( 'NONE',  ( 4.500000000000000888, -6.632568837417819061E-15, 17.14811993736085327 ) ) ;
#3504 = EDGE_CURVE ( 'NONE', #4192, #387, #4347, .T. ) ;
#3505 = CARTESIAN_POINT ( 'NONE',  ( 1.390575950908253144, 4.279754493514272617, 29.13011239324867319 ) ) ;
#3506 = ADVANCED_FACE ( 'NONE', ( #1865 ), #6743, .F. ) ;
#3507 = CARTESIAN_POINT ( 'NONE',  ( 2.781152024881097251, 8.559509365782282941, 54.74383449419464398 ) ) ;
#3508 = CARTESIAN_POINT ( 'NONE',  ( 9.000000040356679776, 2.924278496961449925, 44.91408316739666162 ) ) ;
#3509 = CARTESIAN_POINT ( 'NONE',  ( -9.000000398245262545, -9.252843752145473688E-15, 50.55944493373250737 ) ) ;
#3510 = EDGE_LOOP ( 'NONE', ( #827, #2247, #5644, #2195, #4805, #3355 ) ) ;
#3511 = CARTESIAN_POINT ( 'NONE',  ( 2.781153417856669030, -3.827928297211935948, 42.41620768518854590 ) ) ;
#3512 = FACE_OUTER_BOUND ( 'NONE', #3399, .T. ) ;
#3513 = LINE ( 'NONE', #5042, #5928 ) ;
#3514 = CARTESIAN_POINT ( 'NONE',  ( 7.281153918988105822, -5.290066613608849444, 12.57643811946352130 ) ) ;
#3515 = CARTESIAN_POINT ( 'NONE',  ( -5.790758007465874186E-07, 4.731580009072167137, 17.72417730828042082 ) ) ;
#3516 = CARTESIAN_POINT ( 'NONE',  ( -4.500000000000000888, -3.038400712106519039E-15, 62.34779117411088833 ) ) ;
#3517 =( BOUNDED_CURVE ( )  B_SPLINE_CURVE ( 2, ( #571, #1036, #3972, #6077, #2777, #3243, #7353, #4330, #4518, #1126, #5519 ),
 .UNSPECIFIED., .F., .F. ) 
 B_SPLINE_CURVE_WITH_KNOTS ( ( 3, 2, 2, 2, 2, 3 ),
 ( 0.01785714214991585697, 0.02142857142857142877, 0.02500000000000000139, 0.02857142857142857054, 0.03214285714285713969, 0.03571428500705871312 ),
 .UNSPECIFIED. ) 
 CURVE ( )  GEOMETRIC_REPRESENTATION_ITEM ( )  RATIONAL_B_SPLINE_CURVE ( ( 1.000000000000000000, 0.9510565162951535312, 1.000000000000000000, 0.9510565162951535312, 1.000000000000000000, 0.9510565162951535312, 1.000000000000000000, 0.9510565162951535312, 1.000000000000000000, 0.9510565162951535312, 1.000000000000000000 ) ) 
 REPRESENTATION_ITEM ( '' )  );
#3518 = EDGE_LOOP ( 'NONE', ( #7371, #2809, #2033, #7355 ) ) ;
#3519 = EDGE_CURVE ( 'NONE', #2681, #836, #6227, .T. ) ;
#3520 = CARTESIAN_POINT ( 'NONE',  ( 0.0000000000000000000, 0.0000000000000000000, 0.0000000000000000000 ) ) ;
#3521 = DIRECTION ( 'NONE',  ( 0.0000000000000000000, 0.0000000000000000000, 1.000000000000000000 ) ) ;
#3522 = VECTOR ( 'NONE', #1950, 1000.000000000000000 ) ;
#3523 = CARTESIAN_POINT ( 'NONE',  ( 7.281152624135204476, 5.290068395820972214, 8.428825361293247553 ) ) ;
#3524 = DIRECTION ( 'NONE',  ( 0.0000000000000000000, 0.0000000000000000000, 1.000000000000000000 ) ) ;
#3525 = CARTESIAN_POINT ( 'NONE',  ( 4.500000178944230989, -1.462138082314254461, 8.083190964779056742 ) ) ;
#3526 = VECTOR ( 'NONE', #4659, 1000.000000000000000 ) ;
#3527 = CARTESIAN_POINT ( 'NONE',  ( 2.781154119997143681, -8.559508685037814146, 53.82214277015680182 ) ) ;
#3528 = AXIS2_PLACEMENT_3D ( 'NONE', #23, #810, #5212 ) ;
#3529 = CARTESIAN_POINT ( 'NONE',  ( -2.781153417856655263, 3.827928297211946163, 20.25882954938447611 ) ) ;
#3530 = ORIENTED_EDGE ( 'NONE', *, *, #1818, .T. ) ;
#3531 = CARTESIAN_POINT ( 'NONE',  ( -3.640576798400463332, 2.645033189763076553, 43.68353380574058065 ) ) ;
#3532 = CIRCLE ( 'NONE', #4475, 9.000000398245260769 ) ;
#3533 = CARTESIAN_POINT ( 'NONE',  ( -5.562307081842503997, 7.655856933191482305, 32.04717578976285353 ) ) ;
#3534 = CARTESIAN_POINT ( 'NONE',  ( 2.781152024881048845, 8.559509365782298929, 1.479360672113513520 ) ) ;
#3535 = CARTESIAN_POINT ( 'NONE',  ( 9.000000756133715640, -2.924276294026252110, 51.86354785657639610 ) ) ;
#3536 = DIRECTION ( 'NONE',  ( 1.000000000000000000, 0.0000000000000000000, 0.0000000000000000000 ) ) ;
#3537 = CARTESIAN_POINT ( 'NONE',  ( 4.500000000000001776, -1.326672756770254415E-14, 49.67452996859061898 ) ) ;
#3538 = CARTESIAN_POINT ( 'NONE',  ( -1.158151569276333228E-06, 9.463160436884182403, 33.85378247894259829 ) ) ;
#3539 = DIRECTION ( 'NONE',  ( 0.0000000000000000000, 0.0000000000000000000, 1.000000000000000000 ) ) ;
#3540 = CARTESIAN_POINT ( 'NONE',  ( 4.500000000000000888, 0.0000000000000000000, 0.0000000000000000000 ) ) ;
#3541 = ORIENTED_EDGE ( 'NONE', *, *, #4999, .F. ) ;
#3542 = AXIS2_PLACEMENT_3D ( 'NONE', #2751, #3406, #3945 ) ;
#3543 = DIRECTION ( 'NONE',  ( 0.0000000000000000000, 0.0000000000000000000, 1.000000000000000000 ) ) ;
#3544 = ADVANCED_FACE ( 'NONE', ( #4284 ), #4382, .T. ) ;
#3545 = AXIS2_PLACEMENT_3D ( 'NONE', #3222, #1554, #7246 ) ;
#3546 = VERTEX_POINT ( 'NONE', #6573 ) ;
#3547 = CARTESIAN_POINT ( 'NONE',  ( -4.500000000000000888, -2.812810563512160550E-15, 9.350517041935168194 ) ) ;
#3548 = CARTESIAN_POINT ( 'NONE',  ( -9.000000398245257216, -1.063239678614364001E-15, 2.170629421745972287 ) ) ;
#3549 = CARTESIAN_POINT ( 'NONE',  ( -9.000000398245260769, 4.016953110638495178E-14, 55.43510324382709342 ) ) ;
#3550 = DIRECTION ( 'NONE',  ( 1.000000000000000000, 0.0000000000000000000, 0.0000000000000000000 ) ) ;
#3551 = CARTESIAN_POINT ( 'NONE',  ( -3.640576798400454006, 2.645033189763089876, 11.42432346441622393 ) ) ;
#3552 = DIRECTION ( 'NONE',  ( 1.000000000000000000, 0.0000000000000000000, 0.0000000000000000000 ) ) ;
#3553 = ORIENTED_EDGE ( 'NONE', *, *, #2699, .T. ) ;
#3554 = CARTESIAN_POINT ( 'NONE',  ( 5.562307081842481793, -7.655856933191498293, 26.28660251452637553 ) ) ;
#3555 = CARTESIAN_POINT ( 'NONE',  ( 4.500000000000000888, 1.872877015820734514E-14, 30.97349579792842889 ) ) ;
#3556 = VECTOR ( 'NONE', #7248, 1000.000000000000000 ) ;
#3557 = LINE ( 'NONE', #4340, #3614 ) ;
#3558 = ORIENTED_EDGE ( 'NONE', *, *, #4731, .F. ) ;
#3559 = DIRECTION ( 'NONE',  ( 0.0000000000000000000, 0.0000000000000000000, 1.000000000000000000 ) ) ;
#3560 = ADVANCED_FACE ( 'NONE', ( #1894 ), #4363, .T. ) ;
#3561 = CARTESIAN_POINT ( 'NONE',  ( 0.0000000000000000000, 0.0000000000000000000, 0.0000000000000000000 ) ) ;
#3562 = CARTESIAN_POINT ( 'NONE',  ( 4.500000000000000888, 0.0000000000000000000, 0.0000000000000000000 ) ) ;
#3563 = CARTESIAN_POINT ( 'NONE',  ( -4.499999821055712168, -1.462139183781854923, 62.46300268301154546 ) ) ;
#3564 = ORIENTED_EDGE ( 'NONE', *, *, #4694, .F. ) ;
#3565 = DIRECTION ( 'NONE',  ( 1.000000000000000000, 0.0000000000000000000, 0.0000000000000000000 ) ) ;
#3566 = CARTESIAN_POINT ( 'NONE',  ( -2.781154119997089502, 8.559508685037830134, 13.49812984350135991 ) ) ;
#3567 = CARTESIAN_POINT ( 'NONE',  ( -4.500000000000000000, -3.549859729651930302E-14, 52.86367424382710567 ) ) ;
#3568 = FACE_OUTER_BOUND ( 'NONE', #794, .T. ) ;
#3569 = LINE ( 'NONE', #2223, #6016 ) ;
#3570 = VERTEX_POINT ( 'NONE', #1369 ) ;
#3571 = EDGE_CURVE ( 'NONE', #626, #6835, #5780, .T. ) ;
#3572 = CARTESIAN_POINT ( 'NONE',  ( -3.640576150974068614, -2.645034080869061111, 53.36129690813788784 ) ) ;
#3573 = CARTESIAN_POINT ( 'NONE',  ( 4.500000178944217666, -1.462138082314290655, 60.81326540704937145 ) ) ;
#3574 = EDGE_CURVE ( 'NONE', #5386, #5396, #5285, .T. ) ;
#3575 = CARTESIAN_POINT ( 'NONE',  ( 0.0000000000000000000, 0.0000000000000000000, 0.0000000000000000000 ) ) ;
#3576 = ORIENTED_EDGE ( 'NONE', *, *, #5814, .T. ) ;
#3577 = VECTOR ( 'NONE', #341, 1000.000000000000000 ) ;
#3578 = CARTESIAN_POINT ( 'NONE',  ( 9.000000398245257216, 3.745754176398079381E-14, 31.24069548783383965 ) ) ;
#3579 = CARTESIAN_POINT ( 'NONE',  ( 1.390575950908282454, 4.279754493514263736, 26.82588308315407488 ) ) ;
#3580 = CYLINDRICAL_SURFACE ( 'NONE', #2047, 4.500000000000000888 ) ;
#3581 = CARTESIAN_POINT ( 'NONE',  ( -4.500000000000000888, 1.460763094872153347E-14, 32.39281014288113170 ) ) ;
#3582 = CARTESIAN_POINT ( 'NONE',  ( -3.640576150974032199, -2.645034080869110849, 57.96975552832708445 ) ) ;
#3583 = CARTESIAN_POINT ( 'NONE',  ( -3.640576798400440683, 2.645033189763107639, 34.19941687545678377 ) ) ;
#3584 = EDGE_CURVE ( 'NONE', #5132, #4201, #1706, .T. ) ;
#3585 = DIRECTION ( 'NONE',  ( 1.000000000000000000, 0.0000000000000000000, 0.0000000000000000000 ) ) ;
#3586 = CARTESIAN_POINT ( 'NONE',  ( -9.000000398245260769, 1.102182168003596278E-15, 0.0000000000000000000 ) ) ;
#3587 = CARTESIAN_POINT ( 'NONE',  ( 0.0000000000000000000, 0.0000000000000000000, 0.0000000000000000000 ) ) ;
#3588 = CARTESIAN_POINT ( 'NONE',  ( 0.0000000000000000000, 0.0000000000000000000, 0.0000000000000000000 ) ) ;
#3589 = EDGE_CURVE ( 'NONE', #2402, #3792, #3400, .T. ) ;
#3590 = ORIENTED_EDGE ( 'NONE', *, *, #1326, .T. ) ;
#3591 = CARTESIAN_POINT ( 'NONE',  ( -1.390575950908264691, -4.279754493514269953, 44.37480259876896582 ) ) ;
#3592 = FACE_OUTER_BOUND ( 'NONE', #497, .T. ) ;
#3593 = CARTESIAN_POINT ( 'NONE',  ( -5.790758180979416172E-07, 4.731580009072167137, 6.470230447712841837 ) ) ;
#3594 = CARTESIAN_POINT ( 'NONE',  ( -1.158151546098274855E-06, 9.463160436884182403, 56.89607557988856712 ) ) ;
#3595 = CARTESIAN_POINT ( 'NONE',  ( -7.281153918988119145, 5.290066613608830792, 55.20468035621356506 ) ) ;
#3596 = CARTESIAN_POINT ( 'NONE',  ( 5.562305207913706084, 7.655858294680448317, 63.84554026906828739 ) ) ;
#3597 = CARTESIAN_POINT ( 'NONE',  ( -2.781152480892373546, -3.827928977956343903, 51.17227906354801803 ) ) ;
#3598 = ORIENTED_EDGE ( 'NONE', *, *, #1999, .T. ) ;
#3599 = CARTESIAN_POINT ( 'NONE',  ( 2.781152480892345125, 3.827928977956364331, 15.45672475708177096 ) ) ;
#3600 = LINE ( 'NONE', #5531, #6062 ) ;
#3601 = ADVANCED_FACE ( 'NONE', ( #1773 ), #4208, .F. ) ;
#3602 = AXIS2_PLACEMENT_3D ( 'NONE', #6848, #3957, #2333 ) ;
#3603 = VECTOR ( 'NONE', #6185, 1000.000000000000000 ) ;
#3604 = CARTESIAN_POINT ( 'NONE',  ( -4.500000000000000888, 5.705630380119559280E-16, 4.474858731840569703 ) ) ;
#3605 = EDGE_CURVE ( 'NONE', #703, #727, #7184, .T. ) ;
#3606 = CARTESIAN_POINT ( 'NONE',  ( -9.000000756133735180, 2.924276294026189937, 20.48925248039393665 ) ) ;
#3607 = CARTESIAN_POINT ( 'NONE',  ( -9.000000040356628261, -2.924278496961604912, 50.67465644263314317 ) ) ;
#3608 = DIRECTION ( 'NONE',  ( 1.000000000000000000, 0.0000000000000000000, 0.0000000000000000000 ) ) ;
#3609 = ORIENTED_EDGE ( 'NONE', *, *, #5136, .T. ) ;
#3610 = CARTESIAN_POINT ( 'NONE',  ( 2.781153417856658816, -3.827928297211943942, 44.45323730537774054 ) ) ;
#3611 = CARTESIAN_POINT ( 'NONE',  ( -4.500000000000000888, 5.510910596163089556E-16, 0.0000000000000000000 ) ) ;
#3612 = VECTOR ( 'NONE', #3202, 1000.000000000000000 ) ;
#3613 = DIRECTION ( 'NONE',  ( 0.0000000000000000000, 0.0000000000000000000, 1.000000000000000000 ) ) ;
#3614 = VECTOR ( 'NONE', #6039, 1000.000000000000000 ) ;
#3615 =( BOUNDED_CURVE ( )  B_SPLINE_CURVE ( 2, ( #6871, #3004, #2308, #2357, #6265, #3885, #96, #673, #4431, #1678, #5821 ),
 .UNSPECIFIED., .F., .F. ) 
 B_SPLINE_CURVE_WITH_KNOTS ( ( 3, 2, 2, 2, 2, 3 ),
 ( 0.1071428564356301377, 0.1107142857142857095, 0.1142857142857142821, 0.1178571428571428548, 0.1214285714285714274, 0.1249999992927730008 ),
 .UNSPECIFIED. ) 
 CURVE ( )  GEOMETRIC_REPRESENTATION_ITEM ( )  RATIONAL_B_SPLINE_CURVE ( ( 1.000000000000000000, 0.9510565162951535312, 1.000000000000000000, 0.9510565162951535312, 1.000000000000000000, 0.9510565162951535312, 1.000000000000000000, 0.9510565162951535312, 1.000000000000000000, 0.9510565162951535312, 1.000000000000000000 ) ) 
 REPRESENTATION_ITEM ( '' )  );
#3616 = AXIS2_PLACEMENT_3D ( 'NONE', #828, #3107, #390 ) ;
#3617 =( BOUNDED_CURVE ( )  B_SPLINE_CURVE ( 2, ( #4520, #991, #574, #2079, #7262, #4332, #1521, #2779, #2192, #35, #5121 ),
 .UNSPECIFIED., .F., .F. ) 
 B_SPLINE_CURVE_WITH_KNOTS ( ( 3, 2, 2, 2, 2, 3 ),
 ( 0.9285714278642015485, 0.9321428571428571619, 0.9357142857142857206, 0.9392857142857142794, 0.9428571428571428381, 0.9464285707213444532 ),
 .UNSPECIFIED. ) 
 CURVE ( )  GEOMETRIC_REPRESENTATION_ITEM ( )  RATIONAL_B_SPLINE_CURVE ( ( 1.000000000000000000, 0.9510565162951535312, 1.000000000000000000, 0.9510565162951535312, 1.000000000000000000, 0.9510565162951535312, 1.000000000000000000, 0.9510565162951535312, 1.000000000000000000, 0.9510565162951535312, 1.000000000000000000 ) ) 
 REPRESENTATION_ITEM ( '' )  );
#3618 = CARTESIAN_POINT ( 'NONE',  ( 9.000000398245262545, -2.602816161207244035E-14, 54.28298858877981559 ) ) ;
#3619 = ADVANCED_FACE ( 'NONE', ( #4335 ), #1852, .T. ) ;
#3620 = CARTESIAN_POINT ( 'NONE',  ( -9.000000756133735180, 2.924276294026187273, 18.45222286020474556 ) ) ;
#3621 =( BOUNDED_CURVE ( )  B_SPLINE_CURVE ( 2, ( #3805, #4806, #5390, #1917, #292, #1450, #3163, #6515, #879, #2010, #1403 ),
 .UNSPECIFIED., .F., .F. ) 
 B_SPLINE_CURVE_WITH_KNOTS ( ( 3, 2, 2, 2, 2, 3 ),
 ( 0.5172413786275050773, 0.5206896551724138344, 0.5241379310344828069, 0.5275862068965517793, 0.5310344827586206407, 0.5344827579378498283 ),
 .UNSPECIFIED. ) 
 CURVE ( )  GEOMETRIC_REPRESENTATION_ITEM ( )  RATIONAL_B_SPLINE_CURVE ( ( 1.000000000000000000, 0.9510565162951535312, 1.000000000000000000, 0.9510565162951535312, 1.000000000000000000, 0.9510565162951535312, 1.000000000000000000, 0.9510565162951535312, 1.000000000000000000, 0.9510565162951535312, 1.000000000000000000 ) ) 
 REPRESENTATION_ITEM ( '' )  );
#3622 = CARTESIAN_POINT ( 'NONE',  ( -4.500000178944230100, 1.462138082314255128, 20.48925248039393665 ) ) ;
#3623 =( BOUNDED_CURVE ( )  B_SPLINE_CURVE ( 2, ( #3843, #6735, #2689, #376, #7322, #6598, #4941, #4392, #959, #1048, #6643 ),
 .UNSPECIFIED., .F., .F. ) 
 B_SPLINE_CURVE_WITH_KNOTS ( ( 3, 2, 2, 2, 2, 3 ),
 ( 0.6785714278642016595, 0.6821428571428571619, 0.6857142857142857206, 0.6892857142857142794, 0.6928571428571428381, 0.6964285707213444532 ),
 .UNSPECIFIED. ) 
 CURVE ( )  GEOMETRIC_REPRESENTATION_ITEM ( )  RATIONAL_B_SPLINE_CURVE ( ( 1.000000000000000000, 0.9510565162951535312, 1.000000000000000000, 0.9510565162951535312, 1.000000000000000000, 0.9510565162951535312, 1.000000000000000000, 0.9510565162951535312, 1.000000000000000000, 0.9510565162951535312, 1.000000000000000000 ) ) 
 REPRESENTATION_ITEM ( '' )  );
#3624 = VERTEX_POINT ( 'NONE', #5009 ) ;
#3625 = CARTESIAN_POINT ( 'NONE',  ( -9.000000398245262545, -2.247894697991322797E-14, 37.00126876307034962 ) ) ;
#3626 = CARTESIAN_POINT ( 'NONE',  ( -3.640576798400462000, 2.645033189763079218, 27.28672894517299596 ) ) ;
#3627 =( BOUNDED_CURVE ( )  B_SPLINE_CURVE ( 1, ( #3929, #4478 ),
 .UNSPECIFIED., .F., .F. ) 
 B_SPLINE_CURVE_WITH_KNOTS ( ( 2, 2 ),
 ( 1.226634733346699349E-18, 0.004500000398245261081 ),
 .UNSPECIFIED. ) 
 CURVE ( )  GEOMETRIC_REPRESENTATION_ITEM ( )  RATIONAL_B_SPLINE_CURVE ( ( 0.9761222340213626669, 0.9761222340213626669 ) ) 
 REPRESENTATION_ITEM ( '' )  );
#3628 = CARTESIAN_POINT ( 'NONE',  ( 5.562305207913803784, 7.655858294680377263, 49.75296471859531522 ) ) ;
#3629 =( BOUNDED_CURVE ( )  B_SPLINE_CURVE ( 2, ( #4342, #6173, #912, #2041, #3839, #4984, #1435, #4844, #2631, #5990, #1994 ),
 .UNSPECIFIED., .F., .F. ) 
 B_SPLINE_CURVE_WITH_KNOTS ( ( 3, 2, 2, 2, 2, 3 ),
 ( 0.5178571421499158500, 0.5214285714285714635, 0.5250000000000000222, 0.5285714285714285809, 0.5321428571428571397, 0.5357142850070587548 ),
 .UNSPECIFIED. ) 
 CURVE ( )  GEOMETRIC_REPRESENTATION_ITEM ( )  RATIONAL_B_SPLINE_CURVE ( ( 1.000000000000000000, 0.9510565162951535312, 1.000000000000000000, 0.9510565162951535312, 1.000000000000000000, 0.9510565162951535312, 1.000000000000000000, 0.9510565162951535312, 1.000000000000000000, 0.9510565162951535312, 1.000000000000000000 ) ) 
 REPRESENTATION_ITEM ( '' )  );
#3630 = CARTESIAN_POINT ( 'NONE',  ( -2.781152480892338463, -3.827928977956370549, 7.124722481845276789 ) ) ;
#3631 = DIRECTION ( 'NONE',  ( 0.0000000000000000000, 0.0000000000000000000, 1.000000000000000000 ) ) ;
#3632 = CARTESIAN_POINT ( 'NONE',  ( -3.640576150974050407, -2.645034080869086424, 55.66552621823248614 ) ) ;
#3633 = CARTESIAN_POINT ( 'NONE',  ( 0.0000000000000000000, 0.0000000000000000000, 0.0000000000000000000 ) ) ;
#3634 =( BOUNDED_CURVE ( )  B_SPLINE_CURVE ( 2, ( #6471, #6012, #2517, #3675, #6566, #7133, #5397, #1455, #2060, #5501, #2014 ),
 .UNSPECIFIED., .F., .F. ) 
 B_SPLINE_CURVE_WITH_KNOTS ( ( 3, 2, 2, 2, 2, 3 ),
 ( 0.05357142786420156927, 0.05714285714285714107, 0.06071428571428571369, 0.06428571428571427937, 0.06785714285714285199, 0.07142857072134442542 ),
 .UNSPECIFIED. ) 
 CURVE ( )  GEOMETRIC_REPRESENTATION_ITEM ( )  RATIONAL_B_SPLINE_CURVE ( ( 1.000000000000000000, 0.9510565162951535312, 1.000000000000000000, 0.9510565162951535312, 1.000000000000000000, 0.9510565162951535312, 1.000000000000000000, 0.9510565162951535312, 1.000000000000000000, 0.9510565162951535312, 1.000000000000000000 ) ) 
 REPRESENTATION_ITEM ( '' )  );
#3635 = DIRECTION ( 'NONE',  ( 0.0000000000000000000, 0.0000000000000000000, 1.000000000000000000 ) ) ;
#3636 = EDGE_LOOP ( 'NONE', ( #4923, #6534, #4243, #5015 ) ) ;
#3637 = CARTESIAN_POINT ( 'NONE',  ( 9.000000398245262545, 4.453373196690685983E-14, 47.37030065849601357 ) ) ;
#3638 = LINE ( 'NONE', #1436, #3522 ) ;
#3639 = CYLINDRICAL_SURFACE ( 'NONE', #7144, 9.000000398245260769 ) ;
#3640 = CARTESIAN_POINT ( 'NONE',  ( -7.281153918988154672, 5.290066613608780166, 57.24170997640275260 ) ) ;
#3641 = ADVANCED_FACE ( 'NONE', ( #6627 ), #4373, .F. ) ;
#3642 = DIRECTION ( 'NONE',  ( 1.000000000000000000, 0.0000000000000000000, 0.0000000000000000000 ) ) ;
#3643 = EDGE_CURVE ( 'NONE', #6382, #1476, #6777, .T. ) ;
#3644 = CARTESIAN_POINT ( 'NONE',  ( 4.500000178944219442, -1.462138082314283549, 46.98788954648178873 ) ) ;
#3645 = CARTESIAN_POINT ( 'NONE',  ( -9.000000040356660236, -2.924278496961512097, 13.80698748111960583 ) ) ;
#3646 = EDGE_LOOP ( 'NONE', ( #851, #5453, #5310, #5736 ) ) ;
#3647 = EDGE_CURVE ( 'NONE', #2485, #1861, #7193, .T. ) ;
#3648 = CARTESIAN_POINT ( 'NONE',  ( -4.500000000000000888, -5.904884389969432247E-15, 16.26320497221895778 ) ) ;
#3649 = FACE_OUTER_BOUND ( 'NONE', #4263, .T. ) ;
#3650 = CARTESIAN_POINT ( 'NONE',  ( -4.499999821055707727, -1.462139183781864915, 18.41544610130880244 ) ) ;
#3651 = CARTESIAN_POINT ( 'NONE',  ( 9.000000040356647801, 2.924278496961537854, 19.56756075635609804 ) ) ;
#3652 = CARTESIAN_POINT ( 'NONE',  ( -5.562305207913883720, -7.655858294680315979, 50.90507937364260016 ) ) ;
#3653 = CARTESIAN_POINT ( 'NONE',  ( 2.781152024881084817, 8.559509365782288270, 40.91845863362706837 ) ) ;
#3654 = EDGE_CURVE ( 'NONE', #3942, #4582, #6839, .T. ) ;
#3655 = ORIENTED_EDGE ( 'NONE', *, *, #3917, .T. ) ;
#3656 = CARTESIAN_POINT ( 'NONE',  ( 2.781152024881071938, 8.559509365782291823, 27.09308277305948209 ) ) ;
#3657 = DIRECTION ( 'NONE',  ( 0.0000000000000000000, 0.0000000000000000000, 1.000000000000000000 ) ) ;
#3658 = CARTESIAN_POINT ( 'NONE',  ( 0.0000000000000000000, 0.0000000000000000000, 0.0000000000000000000 ) ) ;
#3659 = AXIS2_PLACEMENT_3D ( 'NONE', #6166, #3436, #6723 ) ;
#3660 = CARTESIAN_POINT ( 'NONE',  ( 9.000000398245257216, -2.243306420102374438E-15, 5.894173076793274291 ) ) ;
#3661 = ADVANCED_FACE ( 'NONE', ( #1878 ), #1911, .F. ) ;
#3662 = CARTESIAN_POINT ( 'NONE',  ( -9.000000040356663789, -2.924278496961499219, 27.89956303159259221 ) ) ;
#3663 = EDGE_CURVE ( 'NONE', #6886, #4908, #4218, .T. ) ;
#3664 = DIRECTION ( 'NONE',  ( 0.0000000000000000000, 0.0000000000000000000, 1.000000000000000000 ) ) ;
#3665 = CARTESIAN_POINT ( 'NONE',  ( 9.000000398245260769, -6.663304491431817256E-14, 49.40733027868520111 ) ) ;
#3666 = CARTESIAN_POINT ( 'NONE',  ( 7.281152624135201812, 5.290068395820975766, 38.38380639252300597 ) ) ;
#3667 = CARTESIAN_POINT ( 'NONE',  ( 9.000000040356640696, 2.924278496961560059, 63.34791764815343384 ) ) ;
#3668 = CARTESIAN_POINT ( 'NONE',  ( 2.781154119997051755, -8.559508685037842568, 21.29573273892704677 ) ) ;
#3669 = ORIENTED_EDGE ( 'NONE', *, *, #2015, .F. ) ;
#3670 = CARTESIAN_POINT ( 'NONE',  ( 0.0000000000000000000, 0.0000000000000000000, 0.0000000000000000000 ) ) ;
#3671 = CARTESIAN_POINT ( 'NONE',  ( 0.0000000000000000000, 0.0000000000000000000, 0.0000000000000000000 ) ) ;
#3672 = CYLINDRICAL_SURFACE ( 'NONE', #2515, 9.000000398245260769 ) ;
#3673 = CARTESIAN_POINT ( 'NONE',  ( -2.781152480892335799, -3.827928977956371437, 25.82575665250745089 ) ) ;
#3674 = CARTESIAN_POINT ( 'NONE',  ( -2.781154119997064633, 8.559508685037839015, 40.88168187473111459 ) ) ;
#3675 = CARTESIAN_POINT ( 'NONE',  ( -2.781152480892344236, -3.827928977956366108, 4.820493171750678485 ) ) ;
#3676 = EDGE_CURVE ( 'NONE', #3942, #4660, #1223, .T. ) ;
#3677 = ADVANCED_FACE ( 'NONE', ( #4157 ), #4232, .T. ) ;
#3678 = CARTESIAN_POINT ( 'NONE',  ( 5.790758436113771875E-07, -4.731580009072167137, 56.01116061474667163 ) ) ;
#3679 = CARTESIAN_POINT ( 'NONE',  ( -9.000000756133731628, 2.924276294026192602, 22.79348179048853140 ) ) ;
#3680 = CARTESIAN_POINT ( 'NONE',  ( 3.640576798400454006, -2.645033189763089876, 21.52615566993650376 ) ) ;
#3681 = ORIENTED_EDGE ( 'NONE', *, *, #6144, .F. ) ;
#3682 = CARTESIAN_POINT ( 'NONE',  ( -5.562305207913758487, -7.655858294680410125, 27.86278627269663843 ) ) ;
#3683 = FACE_OUTER_BOUND ( 'NONE', #2254, .T. ) ;
#3684 = VECTOR ( 'NONE', #514, 1000.000000000000000 ) ;
#3685 = EDGE_LOOP ( 'NONE', ( #3214, #549, #5391, #5677 ) ) ;
#3686 = CARTESIAN_POINT ( 'NONE',  ( 4.500000000000000888, -2.223840223273468081E-15, 7.931202696982466271 ) ) ;
#3687 = CARTESIAN_POINT ( 'NONE',  ( 2.781154119997038876, -8.559508685037847897, 35.38830828940002959 ) ) ;
#3688 = CARTESIAN_POINT ( 'NONE',  ( -7.281152624135200035, -5.290068395820977543, 2.668252086056756678 ) ) ;
#3689 = CARTESIAN_POINT ( 'NONE',  ( -4.499999821055703286, -1.462139183781876683, 16.37841648111960779 ) ) ;
#3690 = ORIENTED_EDGE ( 'NONE', *, *, #1982, .F. ) ;
#3691 = CARTESIAN_POINT ( 'NONE',  ( 2.781152024881147877, 8.559509365782265178, 43.22268794372165956 ) ) ;
#3692 = EDGE_CURVE ( 'NONE', #4820, #1291, #1716, .T. ) ;
#3693 = LINE ( 'NONE', #2173, #6196 ) ;
#3694 = LINE ( 'NONE', #3342, #6302 ) ;
#3695 = CARTESIAN_POINT ( 'NONE',  ( -7.281153918988104934, 5.290066613608851220, 16.03278208460541876 ) ) ;
#3696 = CYLINDRICAL_SURFACE ( 'NONE', #4862, 4.500000000000000888 ) ;
#3697 =( BOUNDED_CURVE ( )  B_SPLINE_CURVE ( 2, ( #6172, #4585, #3005, #2787, #5672, #4134, #141, #675, #1268, #1134, #1776 ),
 .UNSPECIFIED., .F., .F. ) 
 B_SPLINE_CURVE_WITH_KNOTS ( ( 3, 2, 2, 2, 2, 3 ),
 ( 0.8749999992927730563, 0.8785714285714285587, 0.8821428571428571175, 0.8857142857142856762, 0.8892857142857142350, 0.8928571421499158500 ),
 .UNSPECIFIED. ) 
 CURVE ( )  GEOMETRIC_REPRESENTATION_ITEM ( )  RATIONAL_B_SPLINE_CURVE ( ( 1.000000000000000000, 0.9510565162951535312, 1.000000000000000000, 0.9510565162951535312, 1.000000000000000000, 0.9510565162951535312, 1.000000000000000000, 0.9510565162951535312, 1.000000000000000000, 0.9510565162951535312, 1.000000000000000000 ) ) 
 REPRESENTATION_ITEM ( '' )  );
#3698 = CARTESIAN_POINT ( 'NONE',  ( -2.781152024881055507, -8.559509365782297152, 41.80337359876895675 ) ) ;
#3699 = ADVANCED_FACE ( 'NONE', ( #6711 ), #1784, .T. ) ;
#3700 = CARTESIAN_POINT ( 'NONE',  ( 2.781153417856672139, -3.827928297211934172, 12.19402696405338737 ) ) ;
#3701 = DIRECTION ( 'NONE',  ( 0.0000000000000000000, 0.0000000000000000000, 1.000000000000000000 ) ) ;
#3702 = EDGE_LOOP ( 'NONE', ( #950, #581, #2843, #3316 ) ) ;
#3703 =( BOUNDED_CURVE ( )  B_SPLINE_CURVE ( 2, ( #5187, #3991, #4441, #5037, #6181, #6139, #53, #5139, #2906, #1187, #1741 ),
 .UNSPECIFIED., .F., .F. ) 
 B_SPLINE_CURVE_WITH_KNOTS ( ( 3, 2, 2, 2, 2, 3 ),
 ( 0.6249999992927730563, 0.6285714285714285587, 0.6321428571428571175, 0.6357142857142856762, 0.6392857142857142350, 0.6428571421499159610 ),
 .UNSPECIFIED. ) 
 CURVE ( )  GEOMETRIC_REPRESENTATION_ITEM ( )  RATIONAL_B_SPLINE_CURVE ( ( 1.000000000000000000, 0.9510565162951535312, 1.000000000000000000, 0.9510565162951535312, 1.000000000000000000, 0.9510565162951535312, 1.000000000000000000, 0.9510565162951535312, 1.000000000000000000, 0.9510565162951535312, 1.000000000000000000 ) ) 
 REPRESENTATION_ITEM ( '' )  );
#3704 = AXIS2_PLACEMENT_3D ( 'NONE', #5144, #59, #5241 ) ;
#3705 = CARTESIAN_POINT ( 'NONE',  ( -9.000000756133736957, 2.924276294026183720, 13.84376424001555073 ) ) ;
#3706 = CARTESIAN_POINT ( 'NONE',  ( -9.000000756133731628, 2.924276294026194822, 25.09771110058312615 ) ) ;
#3707 = CARTESIAN_POINT ( 'NONE',  ( 0.0000000000000000000, 0.0000000000000000000, 0.0000000000000000000 ) ) ;
#3708 = AXIS2_PLACEMENT_3D ( 'NONE', #5507, #6617, #890 ) ;
#3709 = DIRECTION ( 'NONE',  ( 0.0000000000000000000, 0.0000000000000000000, 1.000000000000000000 ) ) ;
#3710 = CARTESIAN_POINT ( 'NONE',  ( -5.790757717301123108E-07, 4.731580009072167137, 31.81675285875341075 ) ) ;
#3711 = CARTESIAN_POINT ( 'NONE',  ( -2.293044932606151498, -8.702985241022997087, 65.13359984495269828 ) ) ;
#3712 = CARTESIAN_POINT ( 'NONE',  ( -4.500000178944206120, 1.462138082314327070, 59.92835044190748306 ) ) ;
#3713 = DIRECTION ( 'NONE',  ( 0.0000000000000000000, 0.0000000000000000000, 1.000000000000000000 ) ) ;
#3714 = CARTESIAN_POINT ( 'NONE',  ( -9.000000756133731628, 2.924276294026199707, 29.70616972077232276 ) ) ;
#3715 = EDGE_LOOP ( 'NONE', ( #6405, #2783, #5751, #2974 ) ) ;
#3716 = CARTESIAN_POINT ( 'NONE',  ( -4.500000178944222107, 1.462138082314280885, 29.97336941067772287 ) ) ;
#3717 = CYLINDRICAL_SURFACE ( 'NONE', #5306, 4.500000000000000888 ) ;
#3718 = DIRECTION ( 'NONE',  ( 0.0000000000000000000, 0.0000000000000000000, 1.000000000000000000 ) ) ;
#3719 = CARTESIAN_POINT ( 'NONE',  ( -1.390576998466200864, 4.279754153142063089, 43.18591118482571289 ) ) ;
#3720 = CYLINDRICAL_SURFACE ( 'NONE', #3852, 9.000000398245260769 ) ;
#3721 = ADVANCED_FACE ( 'NONE', ( #4257 ), #6732, .T. ) ;
#3722 = CARTESIAN_POINT ( 'NONE',  ( -9.000000398245262545, -9.252843752145473688E-15, 50.55944493373250737 ) ) ;
#3723 = CARTESIAN_POINT ( 'NONE',  ( 9.000000398245262545, -1.721070469397648466E-14, 44.79887165849601871 ) ) ;
#3724 = DIRECTION ( 'NONE',  ( 0.0000000000000000000, 0.0000000000000000000, 1.000000000000000000 ) ) ;
#3725 = DIRECTION ( 'NONE',  ( 0.0000000000000000000, 0.0000000000000000000, 1.000000000000000000 ) ) ;
#3726 = ORIENTED_EDGE ( 'NONE', *, *, #3676, .T. ) ;
#3727 = CARTESIAN_POINT ( 'NONE',  ( 5.562307081842424061, -7.655856933191538261, 28.32363213471555952 ) ) ;
#3728 = CYLINDRICAL_SURFACE ( 'NONE', #7149, 4.500000000000000888 ) ;
#3729 = FACE_OUTER_BOUND ( 'NONE', #556, .T. ) ;
#3730 = ORIENTED_EDGE ( 'NONE', *, *, #4003, .F. ) ;
#3731 = EDGE_CURVE ( 'NONE', #1335, #4996, #3157, .T. ) ;
#3732 = CARTESIAN_POINT ( 'NONE',  ( 0.0000000000000000000, 0.0000000000000000000, 0.0000000000000000000 ) ) ;
#3733 = CIRCLE ( 'NONE', #3106, 9.000000398245260769 ) ;
#3734 = VERTEX_POINT ( 'NONE', #1848 ) ;
#3735 = ADVANCED_FACE ( 'NONE', ( #6248 ), #6238, .T. ) ;
#3736 = EDGE_CURVE ( 'NONE', #2472, #4814, #3896, .T. ) ;
#3737 = CARTESIAN_POINT ( 'NONE',  ( -1.390575950908281566, -4.279754493514264624, 14.41982156753920030 ) ) ;
#3738 = CARTESIAN_POINT ( 'NONE',  ( 0.0000000000000000000, 0.0000000000000000000, 0.0000000000000000000 ) ) ;
#3739 = ORIENTED_EDGE ( 'NONE', *, *, #6571, .T. ) ;
#3740 = CARTESIAN_POINT ( 'NONE',  ( 1.390575950908267133, 4.279754493514269065, 15.57193622258649945 ) ) ;
#3741 = FACE_OUTER_BOUND ( 'NONE', #6611, .T. ) ;
#3742 = CARTESIAN_POINT ( 'NONE',  ( -5.790758019054903796E-07, 4.731580009072167137, 15.41994799818582429 ) ) ;
#3743 = EDGE_CURVE ( 'NONE', #4717, #4051, #3733, .T. ) ;
#3744 = CYLINDRICAL_SURFACE ( 'NONE', #6793, 4.500000000000000888 ) ;
#3745 = CARTESIAN_POINT ( 'NONE',  ( 1.390575950908311986, 4.279754493514253966, 24.52165377305948013 ) ) ;
#3746 = DIRECTION ( 'NONE',  ( 0.0000000000000000000, 0.0000000000000000000, 1.000000000000000000 ) ) ;
#3747 = AXIS2_PLACEMENT_3D ( 'NONE', #2393, #660, #3565 ) ;
#3748 = CARTESIAN_POINT ( 'NONE',  ( -4.500000000000000888, 7.082204219686271611E-16, 30.08858083278653694 ) ) ;
#3749 = DIRECTION ( 'NONE',  ( 0.0000000000000000000, 0.0000000000000000000, 1.000000000000000000 ) ) ;
#3750 = EDGE_CURVE ( 'NONE', #1512, #1077, #4083, .T. ) ;
#3751 = ORIENTED_EDGE ( 'NONE', *, *, #298, .T. ) ;
#3752 = CARTESIAN_POINT ( 'NONE',  ( 9.000000040356647801, 2.924278496961543183, 14.95910213616690321 ) ) ;
#3753 = CARTESIAN_POINT ( 'NONE',  ( 9.000000398245193267, 1.101467698173960546E-06, 1.285714500000000093 ) ) ;
#3754 = DIRECTION ( 'NONE',  ( 1.000000000000000000, 0.0000000000000000000, 0.0000000000000000000 ) ) ;
#3755 = DIRECTION ( 'NONE',  ( 1.000000000000000000, 0.0000000000000000000, 0.0000000000000000000 ) ) ;
#3756 = CARTESIAN_POINT ( 'NONE',  ( -9.000000398245257216, -1.981147701592761480E-14, 15.99600528231355590 ) ) ;
#3757 = CARTESIAN_POINT ( 'NONE',  ( -4.500000178944231877, 1.462138082314245358, 23.06068148039393861 ) ) ;
#3758 = CARTESIAN_POINT ( 'NONE',  ( -7.281153918988078289, 5.290066613608886747, 62.11736828649735287 ) ) ;
#3759 = ORIENTED_EDGE ( 'NONE', *, *, #254, .F. ) ;
#3760 = CARTESIAN_POINT ( 'NONE',  ( 1.390575950908258696, 4.279754493514271729, 63.96075173457302299 ) ) ;
#3761 = EDGE_CURVE ( 'NONE', #1531, #6359, #780, .T. ) ;
#3762 = FACE_OUTER_BOUND ( 'NONE', #2423, .T. ) ;
#3763 = CARTESIAN_POINT ( 'NONE',  ( -9.000000040356647801, -2.924278496961538742, 2.285840930646622304 ) ) ;
#3764 = CARTESIAN_POINT ( 'NONE',  ( -5.790757961109761039E-07, 4.731580009072167137, 26.94109454865879627 ) ) ;
#3765 = ORIENTED_EDGE ( 'NONE', *, *, #2741, .F. ) ;
#3766 = CARTESIAN_POINT ( 'NONE',  ( -9.000000756133747615, 2.924276294026154410, 50.44423351162368618 ) ) ;
#3767 =( GEOMETRIC_REPRESENTATION_CONTEXT ( 3 ) GLOBAL_UNCERTAINTY_ASSIGNED_CONTEXT ( ( #6127 ) ) GLOBAL_UNIT_ASSIGNED_CONTEXT ( ( #2153, #4943, #4488 ) ) REPRESENTATION_CONTEXT ( 'NONE', 'WORKASPACE' ) );
#3768 = CARTESIAN_POINT ( 'NONE',  ( 4.500000000000000888, -3.326022428508344801E-15, 10.23543200707706013 ) ) ;
#3769 = EDGE_CURVE ( 'NONE', #3277, #5419, #787, .T. ) ;
#3770 = CARTESIAN_POINT ( 'NONE',  ( 9.000000398245257216, -1.326513829522111016E-14, 17.14811993736085327 ) ) ;
#3771 = ORIENTED_EDGE ( 'NONE', *, *, #2636, .F. ) ;
#3772 = CARTESIAN_POINT ( 'NONE',  ( -7.281153918988009899, 5.290066613608980006, 48.29199242592977015 ) ) ;
#3773 = CYLINDRICAL_SURFACE ( 'NONE', #3183, 9.000000398245260769 ) ;
#3774 = CYLINDRICAL_SURFACE ( 'NONE', #5384, 9.000000398245260769 ) ;
#3775 = ADVANCED_FACE ( 'NONE', ( #6354 ), #6259, .T. ) ;
#3776 = EDGE_LOOP ( 'NONE', ( #3726, #1465, #1371, #1193 ) ) ;
#3777 = CARTESIAN_POINT ( 'NONE',  ( 0.0000000000000000000, 0.0000000000000000000, 0.0000000000000000000 ) ) ;
#3778 = CARTESIAN_POINT ( 'NONE',  ( 3.640576798400455782, -2.645033189763086323, 3.359520879085136968 ) ) ;
#3779 = CARTESIAN_POINT ( 'NONE',  ( -9.000000398245257216, -1.063239678614364001E-15, 2.437829111651377278 ) ) ;
#3780 = CARTESIAN_POINT ( 'NONE',  ( 0.0000000000000000000, 0.0000000000000000000, 0.0000000000000000000 ) ) ;
#3781 = CARTESIAN_POINT ( 'NONE',  ( -2.781153417856656151, 3.827928297211945718, 41.26409303014125385 ) ) ;
#3782 = CARTESIAN_POINT ( 'NONE',  ( 0.0000000000000000000, 0.0000000000000000000, 0.0000000000000000000 ) ) ;
#3783 = VERTEX_POINT ( 'NONE', #6314 ) ;
#3784 = CARTESIAN_POINT ( 'NONE',  ( 9.000000040356683328, 2.924278496961437046, 58.73945902796423724 ) ) ;
#3785 = LINE ( 'NONE', #1753, #6116 ) ;
#3786 = FACE_OUTER_BOUND ( 'NONE', #7192, .T. ) ;
#3787 = CARTESIAN_POINT ( 'NONE',  ( 2.781152480892354895, 3.827928977956357226, 15.18952506717636375 ) ) ;
#3788 = CARTESIAN_POINT ( 'NONE',  ( -5.790757636499807415E-07, 4.731580009072167137, 24.63686523856421218 ) ) ;
#3789 = CARTESIAN_POINT ( 'NONE',  ( -1.158151650422967524E-06, 9.463160436884182403, 20.02840661837501557 ) ) ;
#3790 = CARTESIAN_POINT ( 'NONE',  ( -9.000000040356640696, -2.924278496961556062, 34.54505127197097636 ) ) ;
#3791 = AXIS2_PLACEMENT_3D ( 'NONE', #1532, #5482, #4389 ) ;
#3792 = VERTEX_POINT ( 'NONE', #4579 ) ;
#3793 = CARTESIAN_POINT ( 'NONE',  ( -4.500000178944231877, 1.462138082314243581, 2.322617689542568531 ) ) ;
#3794 = CARTESIAN_POINT ( 'NONE',  ( 1.158151627233194050E-06, -9.463160436884182403, 9.926574412854735741 ) ) ;
#3795 = CARTESIAN_POINT ( 'NONE',  ( 0.0000000000000000000, 0.0000000000000000000, 0.0000000000000000000 ) ) ;
#3796 = CARTESIAN_POINT ( 'NONE',  ( -4.500000178944231877, 1.462138082314250020, 32.27759872077233183 ) ) ;
#3797 = CARTESIAN_POINT ( 'NONE',  ( 1.158151611008553231E-06, -9.463160436884182403, 25.78897989361150422 ) ) ;
#3798 = DIRECTION ( 'NONE',  ( 0.0000000000000000000, 0.0000000000000000000, 1.000000000000000000 ) ) ;
#3799 = EDGE_CURVE ( 'NONE', #5907, #595, #2656, .T. ) ;
#3800 = CARTESIAN_POINT ( 'NONE',  ( -4.500000000000000888, 5.510910596163089556E-16, 0.0000000000000000000 ) ) ;
#3801 = ORIENTED_EDGE ( 'NONE', *, *, #4209, .T. ) ;
#3802 = AXIS2_PLACEMENT_3D ( 'NONE', #4473, #2618, #7308 ) ;
#3803 = CARTESIAN_POINT ( 'NONE',  ( 0.0000000000000000000, 0.0000000000000000000, 0.0000000000000000000 ) ) ;
#3804 = FACE_OUTER_BOUND ( 'NONE', #7121, .T. ) ;
#3805 = CARTESIAN_POINT ( 'NONE',  ( 4.500000000000001776, 2.642297042830234551E-14, 33.54492479792843795 ) ) ;
#3806 = CARTESIAN_POINT ( 'NONE',  ( -1.390575950908258696, -4.279754493514271729, 30.54942673820137600 ) ) ;
#3807 = CARTESIAN_POINT ( 'NONE',  ( 3.640576798400447789, -2.645033189763098314, 10.00500911946352112 ) ) ;
#3808 = ORIENTED_EDGE ( 'NONE', *, *, #2318, .F. ) ;
#3809 = CARTESIAN_POINT ( 'NONE',  ( -1.390576998466198644, 4.279754153142063089, 47.79436980501490240 ) ) ;
#3810 = CARTESIAN_POINT ( 'NONE',  ( 4.500000000000000888, 0.0000000000000000000, 0.0000000000000000000 ) ) ;
#3811 = DIRECTION ( 'NONE',  ( 1.000000000000000000, 0.0000000000000000000, 0.0000000000000000000 ) ) ;
#3812 = EDGE_CURVE ( 'NONE', #3871, #4108, #1689, .T. ) ;
#3813 = EDGE_LOOP ( 'NONE', ( #5921, #2286, #3293, #5894 ) ) ;
#3814 = CARTESIAN_POINT ( 'NONE',  ( 9.000000398245257216, -1.767384995216257524E-14, 22.02377824745544999 ) ) ;
#3815 = EDGE_CURVE ( 'NONE', #6379, #2437, #3627, .T. ) ;
#3816 = FACE_OUTER_BOUND ( 'NONE', #2770, .T. ) ;
#3817 = CARTESIAN_POINT ( 'NONE',  ( -3.640576798400451342, 2.645033189763093429, 20.64124070479461182 ) ) ;
#3818 = VERTEX_POINT ( 'NONE', #6462 ) ;
#3819 = CARTESIAN_POINT ( 'NONE',  ( -4.500000000000001776, -3.745033851997061308E-14, 43.91395669335413032 ) ) ;
#3820 = CARTESIAN_POINT ( 'NONE',  ( 9.000000398245260769, 0.0000000000000000000, 0.0000000000000000000 ) ) ;
#3821 = CARTESIAN_POINT ( 'NONE',  ( -2.781153417856665477, 3.827928297211938613, 18.22179992919528857 ) ) ;
#3822 = CARTESIAN_POINT ( 'NONE',  ( 2.781154119997057972, -8.559508685037840792, 14.38304480864325363 ) ) ;
#3823 = EDGE_LOOP ( 'NONE', ( #2795, #154, #4544, #2224 ) ) ;
#3824 = EDGE_CURVE ( 'NONE', #1077, #1203, #2648, .T. ) ;
#3825 = CARTESIAN_POINT ( 'NONE',  ( 9.000000398245260769, -7.545046771121321988E-14, 58.62424751906360143 ) ) ;
#3826 = CARTESIAN_POINT ( 'NONE',  ( -4.500000000000000000, -3.108986873407374703E-14, 62.08059148420549178 ) ) ;
#3827 = FACE_OUTER_BOUND ( 'NONE', #5615, .T. ) ;
#3828 = DIRECTION ( 'NONE',  ( 1.000000000000000000, 0.0000000000000000000, 0.0000000000000000000 ) ) ;
#3829 = ADVANCED_FACE ( 'NONE', ( #1189 ), #3696, .F. ) ;
#3830 = EDGE_CURVE ( 'NONE', #284, #4729, #6270, .T. ) ;
#3831 = DIRECTION ( 'NONE',  ( 1.000000000000000000, 0.0000000000000000000, 0.0000000000000000000 ) ) ;
#3832 = ORIENTED_EDGE ( 'NONE', *, *, #3824, .T. ) ;
#3833 = CARTESIAN_POINT ( 'NONE',  ( -2.781152024881071938, -8.559509365782291823, 60.23720807952572898 ) ) ;
#3834 =( BOUNDED_CURVE ( )  B_SPLINE_CURVE ( 2, ( #3047, #3662, #4790, #6452, #2994, #3147, #5950, #718, #7009, #7062, #1393 ),
 .UNSPECIFIED., .F., .F. ) 
 B_SPLINE_CURVE_WITH_KNOTS ( ( 3, 2, 2, 2, 2, 3 ),
 ( 0.4107142850070587548, 0.4142857142857143127, 0.4178571428571428714, 0.4214285714285714302, 0.4249999999999999889, 0.4285714278642015485 ),
 .UNSPECIFIED. ) 
 CURVE ( )  GEOMETRIC_REPRESENTATION_ITEM ( )  RATIONAL_B_SPLINE_CURVE ( ( 1.000000000000000000, 0.9510565162951535312, 1.000000000000000000, 0.9510565162951535312, 1.000000000000000000, 0.9510565162951535312, 1.000000000000000000, 0.9510565162951535312, 1.000000000000000000, 0.9510565162951535312, 1.000000000000000000 ) ) 
 REPRESENTATION_ITEM ( '' )  );
#3835 = CARTESIAN_POINT ( 'NONE',  ( 9.000000398245258992, 8.513856656889261750E-14, 51.71155958877980652 ) ) ;
#3836 = CARTESIAN_POINT ( 'NONE',  ( -2.781153417856669030, 3.827928297211935060, 1.824995068627702777 ) ) ;
#3837 = EDGE_LOOP ( 'NONE', ( #4537, #3964, #4839, #6479 ) ) ;
#3838 =( BOUNDED_CURVE ( )  B_SPLINE_CURVE ( 2, ( #3516, #3563, #5859, #759, #1299, #2819, #1851, #5163, #2289, #6251, #1715 ),
 .UNSPECIFIED., .F., .F. ) 
 B_SPLINE_CURVE_WITH_KNOTS ( ( 3, 2, 2, 2, 2, 3 ),
 ( 0.9482758613861256292, 0.9517241379310344973, 0.9551724137931034697, 0.9586206896551724421, 0.9620689655172414145, 0.9655172406964706022 ),
 .UNSPECIFIED. ) 
 CURVE ( )  GEOMETRIC_REPRESENTATION_ITEM ( )  RATIONAL_B_SPLINE_CURVE ( ( 1.000000000000000000, 0.9510565162951535312, 1.000000000000000000, 0.9510565162951535312, 1.000000000000000000, 0.9510565162951535312, 1.000000000000000000, 0.9510565162951535312, 1.000000000000000000, 0.9510565162951535312, 1.000000000000000000 ) ) 
 REPRESENTATION_ITEM ( '' )  );
#3839 = CARTESIAN_POINT ( 'NONE',  ( -1.390575950908301550, -4.279754493514256630, 34.89068566848516895 ) ) ;
#3840 =( BOUNDED_CURVE ( )  B_SPLINE_CURVE ( 2, ( #4036, #6979, #1323, #6422, #4594, #2416, #3495, #5185, #5781, #2847, #4709 ),
 .UNSPECIFIED., .F., .F. ) 
 B_SPLINE_CURVE_WITH_KNOTS ( ( 3, 2, 2, 2, 2, 3 ),
 ( 0.3275862062137118724, 0.3310344827586206851, 0.3344827586206896575, 0.3379310344827586299, 0.3413793103448276023, 0.3448275855240567345 ),
 .UNSPECIFIED. ) 
 CURVE ( )  GEOMETRIC_REPRESENTATION_ITEM ( )  RATIONAL_B_SPLINE_CURVE ( ( 1.000000000000000000, 0.9510565162951535312, 1.000000000000000000, 0.9510565162951535312, 1.000000000000000000, 0.9510565162951535312, 1.000000000000000000, 0.9510565162951535312, 1.000000000000000000, 0.9510565162951535312, 1.000000000000000000 ) ) 
 REPRESENTATION_ITEM ( '' )  );
#3841 = CARTESIAN_POINT ( 'NONE',  ( 9.000000398245257216, -3.894211303019888661E-17, 3.322744076793271439 ) ) ;
#3842 = CARTESIAN_POINT ( 'NONE',  ( 1.390575950908272240, 4.279754493514267288, 3.783589982208110047 ) ) ;
#3843 = CARTESIAN_POINT ( 'NONE',  ( 4.500000000000000000, -8.605351778301561735E-15, 44.79887165849601871 ) ) ;
#3844 = CYLINDRICAL_SURFACE ( 'NONE', #2873, 4.500000000000000888 ) ;
#3845 = CARTESIAN_POINT ( 'NONE',  ( 2.781154119997030882, -8.559508685037849673, 44.60522552977842281 ) ) ;
#3846 =( BOUNDED_CURVE ( )  B_SPLINE_CURVE ( 2, ( #4691, #280, #1955, #7063, #5273, #2500, #4126, #2997, #5865, #3525, #5379 ),
 .UNSPECIFIED., .F., .F. ) 
 B_SPLINE_CURVE_WITH_KNOTS ( ( 3, 2, 2, 2, 2, 3 ),
 ( 0.1206896544895739304, 0.1241379310344827569, 0.1275862068965517293, 0.1310344827586207017, 0.1344827586206896464, 0.1379310337999187508 ),
 .UNSPECIFIED. ) 
 CURVE ( )  GEOMETRIC_REPRESENTATION_ITEM ( )  RATIONAL_B_SPLINE_CURVE ( ( 1.000000000000000000, 0.9510565162951535312, 1.000000000000000000, 0.9510565162951535312, 1.000000000000000000, 0.9510565162951535312, 1.000000000000000000, 0.9510565162951535312, 1.000000000000000000, 0.9510565162951535312, 1.000000000000000000 ) ) 
 REPRESENTATION_ITEM ( '' )  );
#3847 = CARTESIAN_POINT ( 'NONE',  ( 9.000000398245260769, 0.0000000000000000000, 0.0000000000000000000 ) ) ;
#3848 = ORIENTED_EDGE ( 'NONE', *, *, #183, .F. ) ;
#3849 = CARTESIAN_POINT ( 'NONE',  ( 3.640576150974061065, 2.645034080869072213, 59.12187018337437650 ) ) ;
#3850 = DIRECTION ( 'NONE',  ( 1.000000000000000000, 0.0000000000000000000, 0.0000000000000000000 ) ) ;
#3851 = CARTESIAN_POINT ( 'NONE',  ( -4.500000178944230989, 1.462138082314252019, 13.57656455011014351 ) ) ;
#3852 = AXIS2_PLACEMENT_3D ( 'NONE', #552, #5251, #4049 ) ;
#3853 = CARTESIAN_POINT ( 'NONE',  ( -4.500000000000000000, -3.990734995060066662E-14, 43.64675700344871956 ) ) ;
#3854 =( BOUNDED_CURVE ( )  B_SPLINE_CURVE ( 2, ( #4703, #1318, #628, #4483, #3534, #5080, #6930, #5673, #1181, #4084, #4647 ),
 .UNSPECIFIED., .F., .F. ) 
 B_SPLINE_CURVE_WITH_KNOTS ( ( 3, 2, 2, 2, 2, 3 ),
 ( 0.0000000000000000000, 0.003571428571428571317, 0.007142857142857142634, 0.01071428571428571438, 0.01428571428571428527, 0.01785714214991585697 ),
 .UNSPECIFIED. ) 
 CURVE ( )  GEOMETRIC_REPRESENTATION_ITEM ( )  RATIONAL_B_SPLINE_CURVE ( ( 1.000000000000000000, 0.9510565162951535312, 1.000000000000000000, 0.9510565162951535312, 1.000000000000000000, 0.9510565162951535312, 1.000000000000000000, 0.9510565162951535312, 1.000000000000000000, 0.9510565162951535312, 1.000000000000000000 ) ) 
 REPRESENTATION_ITEM ( '' )  );
#3855 = ORIENTED_EDGE ( 'NONE', *, *, #2469, .T. ) ;
#3856 = CARTESIAN_POINT ( 'NONE',  ( 0.0000000000000000000, 0.0000000000000000000, 0.0000000000000000000 ) ) ;
#3857 = EDGE_CURVE ( 'NONE', #2472, #7242, #5043, .T. ) ;
#3858 = FACE_OUTER_BOUND ( 'NONE', #2908, .T. ) ;
#3859 = DIRECTION ( 'NONE',  ( 0.0000000000000000000, 0.0000000000000000000, 1.000000000000000000 ) ) ;
#3860 = FACE_OUTER_BOUND ( 'NONE', #969, .T. ) ;
#3861 =( BOUNDED_CURVE ( )  B_SPLINE_CURVE ( 2, ( #6438, #3645, #1377, #2076, #3240, #460, #3822, #2188, #6581, #2673, #5065 ),
 .UNSPECIFIED., .F., .F. ) 
 B_SPLINE_CURVE_WITH_KNOTS ( ( 3, 2, 2, 2, 2, 3 ),
 ( 0.1964285707213444532, 0.2000000000000000111, 0.2035714285714285698, 0.2071428571428571563, 0.2107142857142857151, 0.2142857135784872746 ),
 .UNSPECIFIED. ) 
 CURVE ( )  GEOMETRIC_REPRESENTATION_ITEM ( )  RATIONAL_B_SPLINE_CURVE ( ( 1.000000000000000000, 0.9510565162951535312, 1.000000000000000000, 0.9510565162951535312, 1.000000000000000000, 0.9510565162951535312, 1.000000000000000000, 0.9510565162951535312, 1.000000000000000000, 0.9510565162951535312, 1.000000000000000000 ) ) 
 REPRESENTATION_ITEM ( '' )  );
#3862 = CARTESIAN_POINT ( 'NONE',  ( -3.640576150974054848, -2.645034080869079762, 48.48563859804328757 ) ) ;
#3863 = ORIENTED_EDGE ( 'NONE', *, *, #1664, .T. ) ;
#3864 = CARTESIAN_POINT ( 'NONE',  ( -3.640576150974045078, -2.645034080869093085, 37.23169173747570682 ) ) ;
#3865 = CARTESIAN_POINT ( 'NONE',  ( -9.000000040356658459, -2.924278496961516538, 9.198528860930411000 ) ) ;
#3866 = CARTESIAN_POINT ( 'NONE',  ( 3.640576150974036196, 2.645034080869106408, 38.38380639252300597 ) ) ;
#3867 = ORIENTED_EDGE ( 'NONE', *, *, #1910, .F. ) ;
#3868 = AXIS2_PLACEMENT_3D ( 'NONE', #5738, #6287, #1642 ) ;
#3869 = VECTOR ( 'NONE', #261, 1000.000000000000000 ) ;
#3870 = CARTESIAN_POINT ( 'NONE',  ( 7.281153918988108487, -5.290066613608845891, 7.967979499274328248 ) ) ;
#3871 = VERTEX_POINT ( 'NONE', #4227 ) ;
#3872 = CARTESIAN_POINT ( 'NONE',  ( 9.000000040356679776, 2.924278496961449925, 45.18128285730206528 ) ) ;
#3873 = CARTESIAN_POINT ( 'NONE',  ( -9.000000398245262545, -3.570517449157042910E-14, 22.90869321259734903 ) ) ;
#3874 = CARTESIAN_POINT ( 'NONE',  ( -4.500000178944233653, 1.462138082314238696, 9.235305619826355894 ) ) ;
#3875 = ORIENTED_EDGE ( 'NONE', *, *, #5718, .T. ) ;
#3876 = CARTESIAN_POINT ( 'NONE',  ( 9.000000398245260769, 0.0000000000000000000, 0.0000000000000000000 ) ) ;
#3877 = AXIS2_PLACEMENT_3D ( 'NONE', #3670, #2509, #290 ) ;
#3878 = CARTESIAN_POINT ( 'NONE',  ( 4.500000000000000888, -8.836924303997027300E-15, 21.75657855755004633 ) ) ;
#3879 = LINE ( 'NONE', #320, #1322 ) ;
#3880 = CARTESIAN_POINT ( 'NONE',  ( 4.500000000000000888, -5.530386632182942341E-15, 14.84389062726625319 ) ) ;
#3881 = ORIENTED_EDGE ( 'NONE', *, *, #7211, .F. ) ;
#3882 = AXIS2_PLACEMENT_3D ( 'NONE', #6176, #2589, #2742 ) ;
#3883 = CARTESIAN_POINT ( 'NONE',  ( 4.500000000000000888, 4.466075392763034456E-15, 5.894173076793273403 ) ) ;
#3884 = CARTESIAN_POINT ( 'NONE',  ( 4.500000000000000888, -9.939115194628503854E-15, 24.06080786764463753 ) ) ;
#3885 = CARTESIAN_POINT ( 'NONE',  ( -1.158151662011996711E-06, 9.463160436884182403, 8.507260067902034706 ) ) ;
#3886 = ORIENTED_EDGE ( 'NONE', *, *, #910, .F. ) ;
#3887 = DIRECTION ( 'NONE',  ( 0.0000000000000000000, 0.0000000000000000000, 1.000000000000000000 ) ) ;
#3888 = LINE ( 'NONE', #6092, #1523 ) ;
#3889 = CARTESIAN_POINT ( 'NONE',  ( 9.000000398245258992, 8.513856656889261750E-14, 51.71155958877980652 ) ) ;
#3890 = CARTESIAN_POINT ( 'NONE',  ( -9.000000398245260769, 8.427901856910466183E-14, 34.69703945297572290 ) ) ;
#3891 = DIRECTION ( 'NONE',  ( 0.0000000000000000000, 0.0000000000000000000, 1.000000000000000000 ) ) ;
#3892 = CYLINDRICAL_SURFACE ( 'NONE', #6003, 9.000000398245260769 ) ;
#3893 = ADVANCED_FACE ( 'NONE', ( #1386 ), #6285, .T. ) ;
#3894 = DIRECTION ( 'NONE',  ( 0.0000000000000000000, -0.0000000000000000000, -1.000000000000000000 ) ) ;
#3895 = DIRECTION ( 'NONE',  ( 1.000000000000000000, 0.0000000000000000000, 0.0000000000000000000 ) ) ;
#3896 = LINE ( 'NONE', #2440, #1327 ) ;
#3897 = DIRECTION ( 'NONE',  ( 1.000000000000000000, 0.0000000000000000000, 0.0000000000000000000 ) ) ;
#3898 = CARTESIAN_POINT ( 'NONE',  ( 0.0000000000000000000, 0.0000000000000000000, 0.0000000000000000000 ) ) ;
#3899 = AXIS2_PLACEMENT_3D ( 'NONE', #4092, #107, #792 ) ;
#3900 = CARTESIAN_POINT ( 'NONE',  ( 3.640576798400459335, -2.645033189763081882, 24.09758466993650572 ) ) ;
#3901 = CARTESIAN_POINT ( 'NONE',  ( 7.281152624135232898, 5.290068395820932245, 26.59546015214461789 ) ) ;
#3902 = ORIENTED_EDGE ( 'NONE', *, *, #3356, .F. ) ;
#3903 = CARTESIAN_POINT ( 'NONE',  ( 1.390576998466217518, -4.279754153142057760, 39.72956721968382254 ) ) ;
#3904 = FACE_OUTER_BOUND ( 'NONE', #2104, .T. ) ;
#3905 = LINE ( 'NONE', #5911, #1467 ) ;
#3906 = EDGE_CURVE ( 'NONE', #5396, #1182, #1016, .T. ) ;
#3907 = CARTESIAN_POINT ( 'NONE',  ( -3.640576798400472214, 2.645033189763065007, 57.24170997640275260 ) ) ;
#3908 = CARTESIAN_POINT ( 'NONE',  ( -4.500000178944228324, 1.462138082314260901, 55.31989182171829356 ) ) ;
#3909 = CARTESIAN_POINT ( 'NONE',  ( -4.500000000000000888, 2.783384036580251630E-14, 60.04356186401629714 ) ) ;
#3910 = EDGE_LOOP ( 'NONE', ( #5938, #3590, #3189, #4151 ) ) ;
#3911 = EDGE_CURVE ( 'NONE', #4820, #1480, #6700, .T. ) ;
#3912 = FACE_OUTER_BOUND ( 'NONE', #222, .T. ) ;
#3913 = CARTESIAN_POINT ( 'NONE',  ( 2.781152024881067941, 8.559509365782291823, 22.48462415287029259 ) ) ;
#3914 = VECTOR ( 'NONE', #2476, 1000.000000000000000 ) ;
#3915 = LINE ( 'NONE', #5817, #1514 ) ;
#3916 = VERTEX_POINT ( 'NONE', #3853 ) ;
#3917 = EDGE_CURVE ( 'NONE', #3445, #875, #294, .T. ) ;
#3918 = DIRECTION ( 'NONE',  ( 1.000000000000000000, 0.0000000000000000000, 0.0000000000000000000 ) ) ;
#3919 = CARTESIAN_POINT ( 'NONE',  ( -9.000000398245262545, -3.570517449157042910E-14, 23.17589290250275624 ) ) ;
#3920 = ORIENTED_EDGE ( 'NONE', *, *, #738, .T. ) ;
#3921 = CARTESIAN_POINT ( 'NONE',  ( -4.500000000000000000, -1.564820153541427924E-14, 27.51715183278654564 ) ) ;
#3922 = EDGE_CURVE ( 'NONE', #2982, #1512, #1229, .T. ) ;
#3923 =( BOUNDED_CURVE ( )  B_SPLINE_CURVE ( 2, ( #4396, #6553, #7119, #5953, #2593, #3797, #4900, #329, #4795, #1494, #2548 ),
 .UNSPECIFIED., .F., .F. ) 
 B_SPLINE_CURVE_WITH_KNOTS ( ( 3, 2, 2, 2, 2, 3 ),
 ( 0.3749999992927730008, 0.3785714285714285587, 0.3821428571428571175, 0.3857142857142857317, 0.3892857142857142905, 0.3928571421499159055 ),
 .UNSPECIFIED. ) 
 CURVE ( )  GEOMETRIC_REPRESENTATION_ITEM ( )  RATIONAL_B_SPLINE_CURVE ( ( 1.000000000000000000, 0.9510565162951535312, 1.000000000000000000, 0.9510565162951535312, 1.000000000000000000, 0.9510565162951535312, 1.000000000000000000, 0.9510565162951535312, 1.000000000000000000, 0.9510565162951535312, 1.000000000000000000 ) ) 
 REPRESENTATION_ITEM ( '' )  );
#3924 = CARTESIAN_POINT ( 'NONE',  ( 4.500000000000000888, 0.0000000000000000000, 0.0000000000000000000 ) ) ;
#3925 = FACE_OUTER_BOUND ( 'NONE', #1695, .T. ) ;
#3926 = CARTESIAN_POINT ( 'NONE',  ( 1.158151620279776496E-06, -9.463160436884182403, 16.57206265323311811 ) ) ;
#3927 = DIRECTION ( 'NONE',  ( 0.0000000000000000000, 0.0000000000000000000, 1.000000000000000000 ) ) ;
#3928 =( BOUNDED_CURVE ( )  B_SPLINE_CURVE ( 2, ( #2740, #6689, #7273, #3203, #7321, #3258, #4296, #5675, #1487, #6175, #4344 ),
 .UNSPECIFIED., .F., .F. ) 
 B_SPLINE_CURVE_WITH_KNOTS ( ( 3, 2, 2, 2, 2, 3 ),
 ( 0.1785714278642015762, 0.1821428571428571341, 0.1857142857142857206, 0.1892857142857142794, 0.1928571428571428659, 0.1964285707213444532 ),
 .UNSPECIFIED. ) 
 CURVE ( )  GEOMETRIC_REPRESENTATION_ITEM ( )  RATIONAL_B_SPLINE_CURVE ( ( 1.000000000000000000, 0.9510565162951535312, 1.000000000000000000, 0.9510565162951535312, 1.000000000000000000, 0.9510565162951535312, 1.000000000000000000, 0.9510565162951535312, 1.000000000000000000, 0.9510565162951535312, 1.000000000000000000 ) ) 
 REPRESENTATION_ITEM ( '' )  );
#3929 = CARTESIAN_POINT ( 'NONE',  ( -2.618769967061631565, -3.659514156225663672, 65.00000000000001421 ) ) ;
#3930 = CARTESIAN_POINT ( 'NONE',  ( 9.000000398245257216, -1.987823111304005947E-14, 24.06080786764463753 ) ) ;
#3931 = ORIENTED_EDGE ( 'NONE', *, *, #3484, .T. ) ;
#3932 = DIRECTION ( 'NONE',  ( 0.0000000000000000000, 0.0000000000000000000, 1.000000000000000000 ) ) ;
#3933 = EDGE_LOOP ( 'NONE', ( #5997, #41, #4868, #3441 ) ) ;
#3934 = ADVANCED_FACE ( 'NONE', ( #6318 ), #1200, .T. ) ;
#3935 = DIRECTION ( 'NONE',  ( 1.000000000000000000, 0.0000000000000000000, 0.0000000000000000000 ) ) ;
#3936 = CARTESIAN_POINT ( 'NONE',  ( -9.000000040356658459, -2.924278496961516538, 9.465728550835816435 ) ) ;
#3937 = CARTESIAN_POINT ( 'NONE',  ( -5.790757992950301274E-07, 4.731580009072167137, 3.898801447712839874 ) ) ;
#3938 = CYLINDRICAL_SURFACE ( 'NONE', #3369, 9.000000398245260769 ) ;
#3939 = LINE ( 'NONE', #1309, #1544 ) ;
#3940 = CARTESIAN_POINT ( 'NONE',  ( -4.499999821055705951, -1.462139183781868246, 34.81225096187638712 ) ) ;
#3941 = CARTESIAN_POINT ( 'NONE',  ( 9.000000398245262545, 4.894249501244487058E-14, 42.49464234840142041 ) ) ;
#3942 = VERTEX_POINT ( 'NONE', #4905 ) ;
#3943 = CARTESIAN_POINT ( 'NONE',  ( -5.790757740479179152E-07, 4.731580009072167137, 27.20829423856421059 ) ) ;
#3944 = CARTESIAN_POINT ( 'NONE',  ( 4.500000000000000888, 2.023881062617235724E-14, 19.71954893736085523 ) ) ;
#3945 = DIRECTION ( 'NONE',  ( 1.000000000000000000, 0.0000000000000000000, 0.0000000000000000000 ) ) ;
#3946 = VERTEX_POINT ( 'NONE', #5494 ) ;
#3947 = EDGE_LOOP ( 'NONE', ( #5606, #7082, #5841, #3576 ) ) ;
#3948 = CARTESIAN_POINT ( 'NONE',  ( 9.000000040356647801, 2.924278496961539187, 1.400925965504728588 ) ) ;
#3949 =( NAMED_UNIT ( * ) SI_UNIT ( $, .STERADIAN. ) SOLID_ANGLE_UNIT ( ) );
#3950 = CARTESIAN_POINT ( 'NONE',  ( -4.499999821055705951, -1.462139183781870466, 30.20379234168718696 ) ) ;
#3951 = LINE ( 'NONE', #1572, #1528 ) ;
#3952 = ADVANCED_FACE ( 'NONE', ( #6131 ), #3744, .F. ) ;
#3953 = CARTESIAN_POINT ( 'NONE',  ( 0.0000000000000000000, 0.0000000000000000000, 0.0000000000000000000 ) ) ;
#3954 = VERTEX_POINT ( 'NONE', #6343 ) ;
#3955 = CARTESIAN_POINT ( 'NONE',  ( 2.293029053300538855, 8.702989424850928302, 63.71377308852387245 ) ) ;
#3956 = DIRECTION ( 'NONE',  ( 0.0000000000000000000, 0.0000000000000000000, 1.000000000000000000 ) ) ;
#3957 = DIRECTION ( 'NONE',  ( 0.0000000000000000000, 0.0000000000000000000, 1.000000000000000000 ) ) ;
#3958 = ORIENTED_EDGE ( 'NONE', *, *, #2753, .F. ) ;
#3959 = AXIS2_PLACEMENT_3D ( 'NONE', #459, #7098, #6672 ) ;
#3960 = VERTEX_POINT ( 'NONE', #3080 ) ;
#3961 = LINE ( 'NONE', #3125, #6428 ) ;
#3962 = VECTOR ( 'NONE', #4576, 1000.000000000000000 ) ;
#3963 = CARTESIAN_POINT ( 'NONE',  ( 4.500000000000000888, 0.0000000000000000000, 0.0000000000000000000 ) ) ;
#3964 = ORIENTED_EDGE ( 'NONE', *, *, #3761, .T. ) ;
#3965 = CARTESIAN_POINT ( 'NONE',  ( 9.000000398245257216, 3.745754176398079381E-14, 30.97349579792842889 ) ) ;
#3966 = EDGE_CURVE ( 'NONE', #6095, #4192, #1279, .T. ) ;
#3967 = VERTEX_POINT ( 'NONE', #5366 ) ;
#3968 = CARTESIAN_POINT ( 'NONE',  ( -5.562307081842428502, 7.655856933191536484, 57.39369820080342777 ) ) ;
#3969 = CARTESIAN_POINT ( 'NONE',  ( -1.390575950908311986, -4.279754493514253966, 57.93297876943113067 ) ) ;
#3970 = VERTEX_POINT ( 'NONE', #263 ) ;
#3971 = AXIS2_PLACEMENT_3D ( 'NONE', #6152, #2813, #2661 ) ;
#3972 = CARTESIAN_POINT ( 'NONE',  ( -3.640576150974022873, -2.645034080869123727, 2.401052396151352131 ) ) ;
#3973 = LINE ( 'NONE', #3820, #6439 ) ;
#3974 = CARTESIAN_POINT ( 'NONE',  ( -9.000000398245260769, 1.102182168003596278E-15, 0.0000000000000000000 ) ) ;
#3975 = DIRECTION ( 'NONE',  ( 1.000000000000000000, 0.0000000000000000000, 0.0000000000000000000 ) ) ;
#3976 = VERTEX_POINT ( 'NONE', #3604 ) ;
#3977 = CARTESIAN_POINT ( 'NONE',  ( 5.790758018674439890E-07, -4.731580009072167137, 5.318115792665544461 ) ) ;
#3978 = CARTESIAN_POINT ( 'NONE',  ( 7.281153918988113816, -5.290066613608837898, 30.74307291031488987 ) ) ;
#3979 = VERTEX_POINT ( 'NONE', #7105 ) ;
#3980 = EDGE_CURVE ( 'NONE', #2481, #2209, #4293, .T. ) ;
#3981 = CARTESIAN_POINT ( 'NONE',  ( -4.499999821055693516, -1.462139183781913543, 50.67465644263314317 ) ) ;
#3982 = CARTESIAN_POINT ( 'NONE',  ( -5.562305207913771810, -7.655858294680399467, 46.56382044335882142 ) ) ;
#3983 = CARTESIAN_POINT ( 'NONE',  ( 2.781152024881223372, 8.559509365782242085, 59.35229311438383348 ) ) ;
#3984 = CARTESIAN_POINT ( 'NONE',  ( 5.562307081842405410, -7.655856933191553360, 51.63312492556693201 ) ) ;
#3985 = EDGE_CURVE ( 'NONE', #4101, #458, #3165, .T. ) ;
#3986 = VECTOR ( 'NONE', #6383, 1000.000000000000000 ) ;
#3987 = CARTESIAN_POINT ( 'NONE',  ( 4.500000000000000000, 2.667559361532078101E-14, 37.88618372821222380 ) ) ;
#3988 = VECTOR ( 'NONE', #6866, 1000.000000000000000 ) ;
#3989 = CARTESIAN_POINT ( 'NONE',  ( -4.492810140063580704, -0.2542774967272506959, 64.67275398293377009 ) ) ;
#3990 = CARTESIAN_POINT ( 'NONE',  ( -1.390575950908267133, -4.279754493514269065, 48.98326121895815533 ) ) ;
#3991 = CARTESIAN_POINT ( 'NONE',  ( -9.000000040356667341, -2.924278496961485008, 41.72493889216017493 ) ) ;
#3992 = ORIENTED_EDGE ( 'NONE', *, *, #4621, .T. ) ;
#3993 = CARTESIAN_POINT ( 'NONE',  ( -4.500000000000000888, 5.510910596163089556E-16, 0.0000000000000000000 ) ) ;
#3994 = CARTESIAN_POINT ( 'NONE',  ( -4.500000000000000888, -7.447129067756927808E-15, 53.13087393373251643 ) ) ;
#3995 = EDGE_LOOP ( 'NONE', ( #3881, #3385, #778, #5714 ) ) ;
#3996 = CYLINDRICAL_SURFACE ( 'NONE', #4777, 4.500000000000000888 ) ;
#3997 = ADVANCED_FACE ( 'NONE', ( #6714 ), #6772, .F. ) ;
#3998 = EDGE_CURVE ( 'NONE', #6161, #2020, #6009, .T. ) ;
#3999 = CARTESIAN_POINT ( 'NONE',  ( 9.000000398245193267, 1.101467698173960546E-06, 1.285714500000000093 ) ) ;
#4000 = FACE_OUTER_BOUND ( 'NONE', #2080, .T. ) ;
#4001 = DIRECTION ( 'NONE',  ( 0.0000000000000000000, 0.0000000000000000000, 1.000000000000000000 ) ) ;
#4002 = CARTESIAN_POINT ( 'NONE',  ( 9.000000756133756497, -2.924276294026128209, 56.20480678686018905 ) ) ;
#4003 = EDGE_CURVE ( 'NONE', #461, #2472, #1217, .T. ) ;
#4004 = ORIENTED_EDGE ( 'NONE', *, *, #3504, .T. ) ;
#4005 = CARTESIAN_POINT ( 'NONE',  ( -4.500000178944233653, 1.462138082314239806, 11.53953492992095420 ) ) ;
#4006 = CARTESIAN_POINT ( 'NONE',  ( -1.390576998466266812, 4.279754153142040884, 54.97425742520410807 ) ) ;
#4007 = CARTESIAN_POINT ( 'NONE',  ( 7.281153918988109375, -5.290066613608845003, 39.95999015069327953 ) ) ;
#4008 = CARTESIAN_POINT ( 'NONE',  ( 4.499999821055713056, 1.462139183781850482, 38.26859492701827747 ) ) ;
#4009 = CIRCLE ( 'NONE', #1656, 4.500000000000000888 ) ;
#4010 = ADVANCED_FACE ( 'NONE', ( #1812 ), #4281, .F. ) ;
#4011 = CARTESIAN_POINT ( 'NONE',  ( -2.781153417856656151, 3.827928297211945718, 17.95460023928988136 ) ) ;
#4012 = CARTESIAN_POINT ( 'NONE',  ( 1.390575950908328640, 4.279754493514247748, 61.38932273457302102 ) ) ;
#4013 = ORIENTED_EDGE ( 'NONE', *, *, #2643, .T. ) ;
#4014 = CARTESIAN_POINT ( 'NONE',  ( 4.500000000000000888, 1.159531361997866251E-15, 12.80686100707706210 ) ) ;
#4015 = EDGE_CURVE ( 'NONE', #595, #5296, #4290, .T. ) ;
#4016 = CARTESIAN_POINT ( 'NONE',  ( -9.000000398245262545, -3.129640431159949625E-14, 27.78435152269194930 ) ) ;
#4017 = CARTESIAN_POINT ( 'NONE',  ( -9.000000398245262545, -1.366148964822695970E-14, 46.21818600344872152 ) ) ;
#4018 = CARTESIAN_POINT ( 'NONE',  ( 9.000000756133724522, -2.924276294026225909, 24.21279613544123421 ) ) ;
#4019 = CARTESIAN_POINT ( 'NONE',  ( 2.781152480892337131, 3.827928977956370549, 38.23181816812232370 ) ) ;
#4020 = CARTESIAN_POINT ( 'NONE',  ( -1.390575950908241598, -4.279754493514276170, 60.50440776943113974 ) ) ;
#4021 = LINE ( 'NONE', #1289, #1444 ) ;
#4022 = CARTESIAN_POINT ( 'NONE',  ( 1.390576998466179992, -4.279754153142069306, 55.85917239034599646 ) ) ;
#4023 = LINE ( 'NONE', #4259, #1599 ) ;
#4024 = CARTESIAN_POINT ( 'NONE',  ( -9.000000398245260769, 1.102182168003596278E-15, 0.0000000000000000000 ) ) ;
#4025 = ORIENTED_EDGE ( 'NONE', *, *, #6822, .F. ) ;
#4026 = ORIENTED_EDGE ( 'NONE', *, *, #1520, .T. ) ;
#4027 = CARTESIAN_POINT ( 'NONE',  ( -4.500000000000000888, 5.510910596163089556E-16, 0.0000000000000000000 ) ) ;
#4028 = CARTESIAN_POINT ( 'NONE',  ( 0.0000000000000000000, 0.0000000000000000000, 0.0000000000000000000 ) ) ;
#4029 = VECTOR ( 'NONE', #3094, 1000.000000000000000 ) ;
#4030 = DIRECTION ( 'NONE',  ( 0.0000000000000000000, 0.0000000000000000000, 1.000000000000000000 ) ) ;
#4031 = CARTESIAN_POINT ( 'NONE',  ( 2.781152480892352674, 3.827928977956359002, 10.58106644698716714 ) ) ;
#4032 = CARTESIAN_POINT ( 'NONE',  ( -34.99955720297688799, -50.00000000000000000, 65.00000000000000000 ) ) ;
#4033 = CARTESIAN_POINT ( 'NONE',  ( 0.0000000000000000000, 0.0000000000000000000, 0.0000000000000000000 ) ) ;
#4034 = FACE_OUTER_BOUND ( 'NONE', #7148, .T. ) ;
#4035 = EDGE_LOOP ( 'NONE', ( #447, #5190, #5548, #3083 ) ) ;
#4036 = CARTESIAN_POINT ( 'NONE',  ( -4.500000000000000888, -3.700520134596046816E-15, 20.87166359240815083 ) ) ;
#4037 = CARTESIAN_POINT ( 'NONE',  ( -7.281153918988093388, 5.290066613608866319, 34.19941687545678377 ) ) ;
#4038 = ORIENTED_EDGE ( 'NONE', *, *, #3049, .T. ) ;
#4039 = CARTESIAN_POINT ( 'NONE',  ( 4.499999821055707727, 1.462139183781864915, 51.82677109768044232 ) ) ;
#4040 = CARTESIAN_POINT ( 'NONE',  ( -4.500000000000000888, 5.510910596163089556E-16, 0.0000000000000000000 ) ) ;
#4041 = DIRECTION ( 'NONE',  ( 0.0000000000000000000, 0.0000000000000000000, 1.000000000000000000 ) ) ;
#4042 = DIRECTION ( 'NONE',  ( 0.0000000000000000000, 0.0000000000000000000, 1.000000000000000000 ) ) ;
#4043 = CYLINDRICAL_SURFACE ( 'NONE', #3959, 4.500000000000000888 ) ;
#4044 = CARTESIAN_POINT ( 'NONE',  ( 9.000000756133720969, -2.924276294026234346, 33.42971337581962388 ) ) ;
#4045 = CARTESIAN_POINT ( 'NONE',  ( 9.000000756133692548, -2.924276294026314282, 49.55931854648179780 ) ) ;
#4046 = CARTESIAN_POINT ( 'NONE',  ( -1.158151624927103441E-06, 9.463160436884182403, 45.37492902941557560 ) ) ;
#4047 = ORIENTED_EDGE ( 'NONE', *, *, #1482, .T. ) ;
#4048 = DIRECTION ( 'NONE',  ( 0.0000000000000000000, 0.0000000000000000000, 1.000000000000000000 ) ) ;
#4049 = DIRECTION ( 'NONE',  ( 1.000000000000000000, 0.0000000000000000000, 0.0000000000000000000 ) ) ;
#4050 = CARTESIAN_POINT ( 'NONE',  ( 3.640576798400454006, -2.645033189763088988, 42.53141915069328860 ) ) ;
#4051 = VERTEX_POINT ( 'NONE', #4933 ) ;
#4052 = ADVANCED_FACE ( 'NONE', ( #4318 ), #6811, .F. ) ;
#4053 = CYLINDRICAL_SURFACE ( 'NONE', #2794, 4.500000000000000888 ) ;
#4054 = CARTESIAN_POINT ( 'NONE',  ( 9.000000398245257216, -8.856400892282580803E-15, 12.80686100707706032 ) ) ;
#4055 = ORIENTED_EDGE ( 'NONE', *, *, #5332, .F. ) ;
#4056 = CARTESIAN_POINT ( 'NONE',  ( -2.781153417856620624, 3.827928297211970587, 62.00215682099262438 ) ) ;
#4057 = CARTESIAN_POINT ( 'NONE',  ( 3.640576798400432246, -2.645033189763120518, 33.04730222040949172 ) ) ;
#4058 = CARTESIAN_POINT ( 'NONE',  ( -1.390576998466192427, 4.279754153142065753, 61.61974566558248512 ) ) ;
#4059 = ORIENTED_EDGE ( 'NONE', *, *, #4398, .T. ) ;
#4060 = AXIS2_PLACEMENT_3D ( 'NONE', #6208, #6258, #6818 ) ;
#4061 = VERTEX_POINT ( 'NONE', #997 ) ;
#4062 = CARTESIAN_POINT ( 'NONE',  ( -4.500000000000000888, 5.510910596163089556E-16, 0.0000000000000000000 ) ) ;
#4063 = CARTESIAN_POINT ( 'NONE',  ( -7.281153918988107598, 5.290066613608846779, 9.120094154321627400 ) ) ;
#4064 = ORIENTED_EDGE ( 'NONE', *, *, #5890, .F. ) ;
#4065 = DIRECTION ( 'NONE',  ( 1.000000000000000000, 0.0000000000000000000, 0.0000000000000000000 ) ) ;
#4066 = CYLINDRICAL_SURFACE ( 'NONE', #606, 4.500000000000000888 ) ;
#4067 =( BOUNDED_CURVE ( )  B_SPLINE_CURVE ( 2, ( #6494, #3790, #7052, #7164, #264, #1384, #3138, #5424, #4887, #6541, #367 ),
 .UNSPECIFIED., .F., .F. ) 
 B_SPLINE_CURVE_WITH_KNOTS ( ( 3, 2, 2, 2, 2, 3 ),
 ( 0.5178571421499158500, 0.5214285714285714635, 0.5250000000000000222, 0.5285714285714285809, 0.5321428571428571397, 0.5357142850070587548 ),
 .UNSPECIFIED. ) 
 CURVE ( )  GEOMETRIC_REPRESENTATION_ITEM ( )  RATIONAL_B_SPLINE_CURVE ( ( 1.000000000000000000, 0.9510565162951535312, 1.000000000000000000, 0.9510565162951535312, 1.000000000000000000, 0.9510565162951535312, 1.000000000000000000, 0.9510565162951535312, 1.000000000000000000, 0.9510565162951535312, 1.000000000000000000 ) ) 
 REPRESENTATION_ITEM ( '' )  );
#4068 = CARTESIAN_POINT ( 'NONE',  ( 9.000000398245260769, 0.0000000000000000000, 0.0000000000000000000 ) ) ;
#4069 =( BOUNDED_CURVE ( )  B_SPLINE_CURVE ( 2, ( #5252, #902, #5980, #2981, #1339, #5361, #1420, #6531, #7042, #4878, #3555 ),
 .UNSPECIFIED., .F., .F. ) 
 B_SPLINE_CURVE_WITH_KNOTS ( ( 3, 2, 2, 2, 2, 3 ),
 ( 0.4464285707213444532, 0.4500000000000000111, 0.4535714285714285698, 0.4571428571428571286, 0.4607142857142856873, 0.4642857135784873024 ),
 .UNSPECIFIED. ) 
 CURVE ( )  GEOMETRIC_REPRESENTATION_ITEM ( )  RATIONAL_B_SPLINE_CURVE ( ( 1.000000000000000000, 0.9510565162951535312, 1.000000000000000000, 0.9510565162951535312, 1.000000000000000000, 0.9510565162951535312, 1.000000000000000000, 0.9510565162951535312, 1.000000000000000000, 0.9510565162951535312, 1.000000000000000000 ) ) 
 REPRESENTATION_ITEM ( '' )  );
#4070 = LINE ( 'NONE', #2946, #1609 ) ;
#4071 = CARTESIAN_POINT ( 'NONE',  ( 9.000000398245260769, 0.0000000000000000000, 0.0000000000000000000 ) ) ;
#4072 = ADVANCED_FACE ( 'NONE', ( #1903 ), #6947, .F. ) ;
#4073 = VERTEX_POINT ( 'NONE', #1575 ) ;
#4074 = CARTESIAN_POINT ( 'NONE',  ( -2.781154119997085061, 8.559508685037831910, 18.10658846369055297 ) ) ;
#4075 = ORIENTED_EDGE ( 'NONE', *, *, #5073, .F. ) ;
#4076 =( BOUNDED_CURVE ( )  B_SPLINE_CURVE ( 2, ( #3503, #1236, #5806, #3039, #4620, #3515, #6346, #4011, #5899, #1345, #656 ),
 .UNSPECIFIED., .F., .F. ) 
 B_SPLINE_CURVE_WITH_KNOTS ( ( 3, 2, 2, 2, 2, 3 ),
 ( 0.2499999992927730008, 0.2535714285714285587, 0.2571428571428571175, 0.2607142857142857317, 0.2642857142857142905, 0.2678571421499159055 ),
 .UNSPECIFIED. ) 
 CURVE ( )  GEOMETRIC_REPRESENTATION_ITEM ( )  RATIONAL_B_SPLINE_CURVE ( ( 1.000000000000000000, 0.9510565162951535312, 1.000000000000000000, 0.9510565162951535312, 1.000000000000000000, 0.9510565162951535312, 1.000000000000000000, 0.9510565162951535312, 1.000000000000000000, 0.9510565162951535312, 1.000000000000000000 ) ) 
 REPRESENTATION_ITEM ( '' )  );
#4077 = CARTESIAN_POINT ( 'NONE',  ( -1.390575950908264247, -4.279754493514269953, 9.811362947350007246 ) ) ;
#4078 = EDGE_CURVE ( 'NONE', #4051, #4717, #1976, .T. ) ;
#4079 = CARTESIAN_POINT ( 'NONE',  ( -4.500000178944218554, 1.462138082314286880, 43.79874527124530914 ) ) ;
#4080 = ORIENTED_EDGE ( 'NONE', *, *, #2567, .T. ) ;
#4081 = CARTESIAN_POINT ( 'NONE',  ( -9.000000398245262545, -2.688767569745515197E-14, 32.39281014288113880 ) ) ;
#4082 = FACE_OUTER_BOUND ( 'NONE', #5068, .T. ) ;
#4083 =( BOUNDED_CURVE ( )  B_SPLINE_CURVE ( 2, ( #3193, #3651, #7161, #952, #2037, #3789, #3037, #4934, #5368, #3606, #6087 ),
 .UNSPECIFIED., .F., .F. ) 
 B_SPLINE_CURVE_WITH_KNOTS ( ( 3, 2, 2, 2, 2, 3 ),
 ( 0.2857142850070586992, 0.2892857142857143127, 0.2928571428571428714, 0.2964285714285714302, 0.2999999999999999889, 0.3035714278642015485 ),
 .UNSPECIFIED. ) 
 CURVE ( )  GEOMETRIC_REPRESENTATION_ITEM ( )  RATIONAL_B_SPLINE_CURVE ( ( 1.000000000000000000, 0.9510565162951535312, 1.000000000000000000, 0.9510565162951535312, 1.000000000000000000, 0.9510565162951535312, 1.000000000000000000, 0.9510565162951535312, 1.000000000000000000, 0.9510565162951535312, 1.000000000000000000 ) ) 
 REPRESENTATION_ITEM ( '' )  );
#4084 = CARTESIAN_POINT ( 'NONE',  ( -9.000000756133735180, 2.924276294026189049, 2.055417999637162652 ) ) ;
#4085 =( BOUNDED_CURVE ( )  B_SPLINE_CURVE ( 2, ( #4291, #7224, #1004, #955, #6544, #6687, #2090, #4252, #5530, #3793, #4434 ),
 .UNSPECIFIED., .F., .F. ) 
 B_SPLINE_CURVE_WITH_KNOTS ( ( 3, 2, 2, 2, 2, 3 ),
 ( 0.03448275862068965469, 0.03793103448275862016, 0.04137931034482758563, 0.04482758620689655110, 0.04827586206896551657, 0.05172413724819460712 ),
 .UNSPECIFIED. ) 
 CURVE ( )  GEOMETRIC_REPRESENTATION_ITEM ( )  RATIONAL_B_SPLINE_CURVE ( ( 1.000000000000000000, 0.9510565162951535312, 1.000000000000000000, 0.9510565162951535312, 1.000000000000000000, 0.9510565162951535312, 1.000000000000000000, 0.9510565162951535312, 1.000000000000000000, 0.9510565162951535312, 1.000000000000000000 ) ) 
 REPRESENTATION_ITEM ( '' )  );
#4086 = CARTESIAN_POINT ( 'NONE',  ( 9.000000398245258992, 8.513856656889261750E-14, 51.97875927868521728 ) ) ;
#4087 =( BOUNDED_CURVE ( )  B_SPLINE_CURVE ( 2, ( #7210, #4876, #6720, #6626, #1035, #1568, #2128, #2724, #3331, #3874, #4420 ),
 .UNSPECIFIED., .F., .F. ) 
 B_SPLINE_CURVE_WITH_KNOTS ( ( 3, 2, 2, 2, 2, 3 ),
 ( 0.1379310337999187508, 0.1413793103448275912, 0.1448275862068965636, 0.1482758620689655082, 0.1517241379310344807, 0.1551724131102635851 ),
 .UNSPECIFIED. ) 
 CURVE ( )  GEOMETRIC_REPRESENTATION_ITEM ( )  RATIONAL_B_SPLINE_CURVE ( ( 1.000000000000000000, 0.9510565162951535312, 1.000000000000000000, 0.9510565162951535312, 1.000000000000000000, 0.9510565162951535312, 1.000000000000000000, 0.9510565162951535312, 1.000000000000000000, 0.9510565162951535312, 1.000000000000000000 ) ) 
 REPRESENTATION_ITEM ( '' )  );
#4088 = CARTESIAN_POINT ( 'NONE',  ( -4.500000000000001776, -4.185906677222342674E-14, 34.69703945297575132 ) ) ;
#4089 = CARTESIAN_POINT ( 'NONE',  ( -9.000000398245262545, -7.981470300312869343E-14, 43.64675700344871956 ) ) ;
#4090 = ORIENTED_EDGE ( 'NONE', *, *, #2304, .F. ) ;
#4091 = DIRECTION ( 'NONE',  ( 1.000000000000000000, 0.0000000000000000000, 0.0000000000000000000 ) ) ;
#4092 = CARTESIAN_POINT ( 'NONE',  ( 0.0000000000000000000, 0.0000000000000000000, 0.0000000000000000000 ) ) ;
#4093 = EDGE_CURVE ( 'NONE', #1861, #6659, #6846, .T. ) ;
#4094 = DIRECTION ( 'NONE',  ( 0.0000000000000000000, 0.0000000000000000000, 1.000000000000000000 ) ) ;
#4095 = EDGE_LOOP ( 'NONE', ( #5816, #6411, #4545, #923 ) ) ;
#4096 = DIRECTION ( 'NONE',  ( 0.0000000000000000000, 0.0000000000000000000, 1.000000000000000000 ) ) ;
#4097 = EDGE_CURVE ( 'NONE', #7101, #3225, #4529, .T. ) ;
#4098 = LINE ( 'NONE', #5502, #1637 ) ;
#4099 = CARTESIAN_POINT ( 'NONE',  ( 1.146514125434147102, 4.351494612190085931, 63.71408154749144614 ) ) ;
#4100 = CYLINDRICAL_SURFACE ( 'NONE', #5570, 4.500000000000000888 ) ;
#4101 = VERTEX_POINT ( 'NONE', #1131 ) ;
#4102 = CARTESIAN_POINT ( 'NONE',  ( -1.390576998466212411, 4.279754153142059536, 41.14888156463652535 ) ) ;
#4103 = CARTESIAN_POINT ( 'NONE',  ( 5.562305207913798455, 7.655858294680381704, 45.14450609840611151 ) ) ;
#4104 = ORIENTED_EDGE ( 'NONE', *, *, #5968, .F. ) ;
#4105 = CARTESIAN_POINT ( 'NONE',  ( -4.500000000000000888, 2.342511195845331885E-14, 50.82664462363791102 ) ) ;
#4106 = CARTESIAN_POINT ( 'NONE',  ( 2.781153417856680132, -3.827928297211928399, 17.06968527414798231 ) ) ;
#4107 = CARTESIAN_POINT ( 'NONE',  ( 0.0000000000000000000, 0.0000000000000000000, 0.0000000000000000000 ) ) ;
#4108 = VERTEX_POINT ( 'NONE', #3883 ) ;
#4109 = LINE ( 'NONE', #5007, #3914 ) ;
#4110 = EDGE_CURVE ( 'NONE', #4583, #3818, #6906, .T. ) ;
#4111 = CARTESIAN_POINT ( 'NONE',  ( -2.781152024881058615, -8.559509365782295376, 12.11559225744460377 ) ) ;
#4112 = VECTOR ( 'NONE', #181, 1000.000000000000000 ) ;
#4113 = DIRECTION ( 'NONE',  ( 1.000000000000000000, 0.0000000000000000000, 0.0000000000000000000 ) ) ;
#4114 = AXIS2_PLACEMENT_3D ( 'NONE', #4032, #3494, #191 ) ;
#4115 = CARTESIAN_POINT ( 'NONE',  ( -4.500000000000000888, -7.447129067756927808E-15, 53.13087393373251643 ) ) ;
#4116 = DIRECTION ( 'NONE',  ( 0.0000000000000000000, 0.0000000000000000000, 1.000000000000000000 ) ) ;
#4117 = ORIENTED_EDGE ( 'NONE', *, *, #3484, .F. ) ;
#4118 = EDGE_CURVE ( 'NONE', #7095, #3445, #5540, .T. ) ;
#4119 = CARTESIAN_POINT ( 'NONE',  ( 7.281152624135232898, 5.290068395820932245, 26.86265984205002511 ) ) ;
#4120 = CARTESIAN_POINT ( 'NONE',  ( -1.390575950908305769, -4.279754493514255742, 44.10760290886354795 ) ) ;
#4121 = CARTESIAN_POINT ( 'NONE',  ( 2.781153417856655263, -3.827928297211946163, 53.67015454575611244 ) ) ;
#4122 = ORIENTED_EDGE ( 'NONE', *, *, #5886, .F. ) ;
#4123 = ADVANCED_FACE ( 'NONE', ( #4450 ), #4400, .F. ) ;
#4124 = CARTESIAN_POINT ( 'NONE',  ( 0.0000000000000000000, 0.0000000000000000000, 0.0000000000000000000 ) ) ;
#4125 = LINE ( 'NONE', #2708, #6486 ) ;
#4126 = CARTESIAN_POINT ( 'NONE',  ( 1.390576998466243053, -4.279754153142048878, 7.737556568264870371 ) ) ;
#4127 = CYLINDRICAL_SURFACE ( 'NONE', #1344, 4.500000000000000888 ) ;
#4128 = CARTESIAN_POINT ( 'NONE',  ( 4.500000000000000888, -6.853008287334341987E-15, 60.92847682915817842 ) ) ;
#4129 = ORIENTED_EDGE ( 'NONE', *, *, #2216, .T. ) ;
#4130 = CARTESIAN_POINT ( 'NONE',  ( -9.000000398245262545, -3.570517449157042910E-14, 22.90869321259734903 ) ) ;
#4131 = ORIENTED_EDGE ( 'NONE', *, *, #277, .F. ) ;
#4132 = CARTESIAN_POINT ( 'NONE',  ( -3.640576150974018876, -2.645034080869129944, 9.580940016340548482 ) ) ;
#4133 = DIRECTION ( 'NONE',  ( 1.000000000000000000, 0.0000000000000000000, 0.0000000000000000000 ) ) ;
#4134 = CARTESIAN_POINT ( 'NONE',  ( 1.158151713038869969E-06, -9.463160436884182403, 58.31538992484126283 ) ) ;
#4135 = EDGE_LOOP ( 'NONE', ( #2126, #1937, #7088, #2028 ) ) ;
#4136 = CARTESIAN_POINT ( 'NONE',  ( 9.000000398245257216, -1.326513829522111016E-14, 17.41531962726625338 ) ) ;
#4137 = CARTESIAN_POINT ( 'NONE',  ( 9.000000398245262545, 4.894249501244487058E-14, 42.76184203830683117 ) ) ;
#4138 = FACE_OUTER_BOUND ( 'NONE', #3194, .T. ) ;
#4139 = CARTESIAN_POINT ( 'NONE',  ( -4.500000000000000888, 4.213950731999833193E-14, 34.42983976307032634 ) ) ;
#4140 = CYLINDRICAL_SURFACE ( 'NONE', #4917, 9.000000398245260769 ) ;
#4141 = ADVANCED_FACE ( 'NONE', ( #6870 ), #6923, .T. ) ;
#4142 = ORIENTED_EDGE ( 'NONE', *, *, #3169, .T. ) ;
#4143 = CARTESIAN_POINT ( 'NONE',  ( 4.500000178944226548, -1.462138082314267340, 35.73394268591422218 ) ) ;
#4144 = CARTESIAN_POINT ( 'NONE',  ( -2.620164409477967915, -3.658515883156034487, 64.99985808877012516 ) ) ;
#4145 = ORIENTED_EDGE ( 'NONE', *, *, #858, .F. ) ;
#4146 = CARTESIAN_POINT ( 'NONE',  ( -2.619467283379705691, -3.659015152545568750, 64.99992904371482894 ) ) ;
#4147 = CARTESIAN_POINT ( 'NONE',  ( 5.790758157859933516E-07, -4.731580009072167137, 44.49001406427368721 ) ) ;
#4148 = CYLINDRICAL_SURFACE ( 'NONE', #539, 4.500000000000000888 ) ;
#4149 = VECTOR ( 'NONE', #7295, 1000.000000000000000 ) ;
#4150 = CARTESIAN_POINT ( 'NONE',  ( -1.390576998466243497, 4.279754153142048878, 6.585441913217572107 ) ) ;
#4151 = ORIENTED_EDGE ( 'NONE', *, *, #4610, .F. ) ;
#4152 = DIRECTION ( 'NONE',  ( 0.0000000000000000000, 0.0000000000000000000, 1.000000000000000000 ) ) ;
#4153 = ORIENTED_EDGE ( 'NONE', *, *, #2036, .T. ) ;
#4154 = CARTESIAN_POINT ( 'NONE',  ( 5.790757786893868862E-07, -4.731580009072167137, 51.40270199455747502 ) ) ;
#4155 = CARTESIAN_POINT ( 'NONE',  ( 4.500000178944229212, -1.462138082314258680, 17.30010820515744641 ) ) ;
#4156 = AXIS2_PLACEMENT_3D ( 'NONE', #5563, #1603, #4113 ) ;
#4157 = FACE_OUTER_BOUND ( 'NONE', #4577, .T. ) ;
#4158 =( BOUNDED_CURVE ( )  B_SPLINE_CURVE ( 2, ( #1073, #1614, #4471, #4626, #5862, #1390, #6501, #2993, #5267, #7058, #2346 ),
 .UNSPECIFIED., .F., .F. ) 
 B_SPLINE_CURVE_WITH_KNOTS ( ( 3, 2, 2, 2, 2, 3 ),
 ( 0.3214285707213444532, 0.3250000000000000111, 0.3285714285714285698, 0.3321428571428571286, 0.3357142857142856873, 0.3392857135784873579 ),
 .UNSPECIFIED. ) 
 CURVE ( )  GEOMETRIC_REPRESENTATION_ITEM ( )  RATIONAL_B_SPLINE_CURVE ( ( 1.000000000000000000, 0.9510565162951535312, 1.000000000000000000, 0.9510565162951535312, 1.000000000000000000, 0.9510565162951535312, 1.000000000000000000, 0.9510565162951535312, 1.000000000000000000, 0.9510565162951535312, 1.000000000000000000 ) ) 
 REPRESENTATION_ITEM ( '' )  );
#4159 = ORIENTED_EDGE ( 'NONE', *, *, #5902, .F. ) ;
#4160 = ADVANCED_FACE ( 'NONE', ( #1987 ), #2024, .F. ) ;
#4161 = CARTESIAN_POINT ( 'NONE',  ( 1.390576998466251268, -4.279754153142047102, 32.81687928940002763 ) ) ;
#4162 = CARTESIAN_POINT ( 'NONE',  ( -4.500000000000000000, 2.624583652093063533E-14, 48.25521562363792327 ) ) ;
#4163 = VERTEX_POINT ( 'NONE', #5868 ) ;
#4164 =( BOUNDED_CURVE ( )  B_SPLINE_CURVE ( 2, ( #3497, #4039, #6371, #4710, #5882, #2419, #6425, #6981, #197, #791, #148 ),
 .UNSPECIFIED., .F., .F. ) 
 B_SPLINE_CURVE_WITH_KNOTS ( ( 3, 2, 2, 2, 2, 3 ),
 ( 0.7857142850070588658, 0.7892857142857142572, 0.7928571428571428159, 0.7964285714285713746, 0.8000000000000000444, 0.8035714278642016595 ),
 .UNSPECIFIED. ) 
 CURVE ( )  GEOMETRIC_REPRESENTATION_ITEM ( )  RATIONAL_B_SPLINE_CURVE ( ( 1.000000000000000000, 0.9510565162951535312, 1.000000000000000000, 0.9510565162951535312, 1.000000000000000000, 0.9510565162951535312, 1.000000000000000000, 0.9510565162951535312, 1.000000000000000000, 0.9510565162951535312, 1.000000000000000000 ) ) 
 REPRESENTATION_ITEM ( '' )  );
#4165 = CARTESIAN_POINT ( 'NONE',  ( -7.281153918988135132, 5.290066613608808588, 27.55392863507840318 ) ) ;
#4166 = CARTESIAN_POINT ( 'NONE',  ( 3.640576798400447345, -2.645033189763099202, 44.56844877088246903 ) ) ;
#4167 = CARTESIAN_POINT ( 'NONE',  ( -2.781154119997018004, 8.559508685037855003, 24.75207670406894067 ) ) ;
#4168 = CARTESIAN_POINT ( 'NONE',  ( -9.000000398245260769, 1.102182168003596278E-15, 0.0000000000000000000 ) ) ;
#4169 = LINE ( 'NONE', #3368, #6717 ) ;
#4170 = EDGE_CURVE ( 'NONE', #6585, #4582, #1895, .T. ) ;
#4171 =( BOUNDED_CURVE ( )  B_SPLINE_CURVE ( 2, ( #3880, #4880, #465, #3787, #4334, #3742, #1080, #4931, #7312, #4425, #315 ),
 .UNSPECIFIED., .F., .F. ) 
 B_SPLINE_CURVE_WITH_KNOTS ( ( 3, 2, 2, 2, 2, 3 ),
 ( 0.2142857135784872746, 0.2178571428571428603, 0.2214285714285714191, 0.2250000000000000056, 0.2285714285714285643, 0.2321428564356301516 ),
 .UNSPECIFIED. ) 
 CURVE ( )  GEOMETRIC_REPRESENTATION_ITEM ( )  RATIONAL_B_SPLINE_CURVE ( ( 1.000000000000000000, 0.9510565162951535312, 1.000000000000000000, 0.9510565162951535312, 1.000000000000000000, 0.9510565162951535312, 1.000000000000000000, 0.9510565162951535312, 1.000000000000000000, 0.9510565162951535312, 1.000000000000000000 ) ) 
 REPRESENTATION_ITEM ( '' )  );
#4172 = LINE ( 'NONE', #6455, #4197 ) ;
#4173 = CARTESIAN_POINT ( 'NONE',  ( -4.499999821055714833, -1.462139183781847374, 55.28311506282233978 ) ) ;
#4174 = EDGE_CURVE ( 'NONE', #2479, #594, #7341, .T. ) ;
#4175 = EDGE_CURVE ( 'NONE', #5433, #5897, #40, .T. ) ;
#4176 = CARTESIAN_POINT ( 'NONE',  ( -5.562305207913754934, -7.655858294680413678, 23.25432765250744893 ) ) ;
#4177 = EDGE_LOOP ( 'NONE', ( #2832, #4411, #7302, #2716 ) ) ;
#4178 = DIRECTION ( 'NONE',  ( 0.0000000000000000000, 0.0000000000000000000, 1.000000000000000000 ) ) ;
#4179 = CARTESIAN_POINT ( 'NONE',  ( 1.269551619419659438, 4.319077666163039453, 63.97077879190634064 ) ) ;
#4180 = CARTESIAN_POINT ( 'NONE',  ( 0.0000000000000000000, 0.0000000000000000000, 0.0000000000000000000 ) ) ;
#4181 = VECTOR ( 'NONE', #381, 1000.000000000000114 ) ;
#4182 = CARTESIAN_POINT ( 'NONE',  ( -4.500000000000000000, -1.564820153541427924E-14, 27.51715183278654564 ) ) ;
#4183 = ADVANCED_FACE ( 'NONE', ( #5012 ), #7307, .T. ) ;
#4184 = CARTESIAN_POINT ( 'NONE',  ( -4.499999821055705063, -1.462139183781872687, 25.59533372149799391 ) ) ;
#4185 = CARTESIAN_POINT ( 'NONE',  ( 5.790757891517013168E-07, -4.731580009072167137, 7.355145412854735554 ) ) ;
#4186 = CARTESIAN_POINT ( 'NONE',  ( 4.500000000000000888, 0.0000000000000000000, 0.0000000000000000000 ) ) ;
#4187 = EDGE_CURVE ( 'NONE', #4108, #216, #2365, .T. ) ;
#4188 = ORIENTED_EDGE ( 'NONE', *, *, #1033, .F. ) ;
#4189 = CARTESIAN_POINT ( 'NONE',  ( 1.390575950908275349, 4.279754493514265512, 10.69627791249190096 ) ) ;
#4190 = CARTESIAN_POINT ( 'NONE',  ( -2.781154119997081064, 8.559508685037833686, 22.44784739397434237 ) ) ;
#4191 = CARTESIAN_POINT ( 'NONE',  ( 0.0000000000000000000, 0.0000000000000000000, 0.0000000000000000000 ) ) ;
#4192 = VERTEX_POINT ( 'NONE', #136 ) ;
#4193 = EDGE_CURVE ( 'NONE', #4460, #4560, #7288, .T. ) ;
#4194 = CARTESIAN_POINT ( 'NONE',  ( -1.158151555369498331E-06, 9.463160436884182403, 47.94635802941557756 ) ) ;
#4195 = AXIS2_PLACEMENT_3D ( 'NONE', #6783, #479, #2637 ) ;
#4196 = FACE_OUTER_BOUND ( 'NONE', #4846, .T. ) ;
#4197 = VECTOR ( 'NONE', #3209, 1000.000000000000000 ) ;
#4198 = CARTESIAN_POINT ( 'NONE',  ( -2.781153417856659704, 3.827928297211943498, 8.737682998911493470 ) ) ;
#4199 = CARTESIAN_POINT ( 'NONE',  ( -1.390575950908296443, -4.279754493514259295, 46.67903190886355702 ) ) ;
#4200 = ADVANCED_FACE ( 'NONE', ( #4462 ), #7087, .F. ) ;
#4201 = VERTEX_POINT ( 'NONE', #2403 ) ;
#4202 = DIRECTION ( 'NONE',  ( 0.0000000000000000000, 0.0000000000000000000, 1.000000000000000000 ) ) ;
#4203 = ORIENTED_EDGE ( 'NONE', *, *, #6991, .T. ) ;
#4204 = CARTESIAN_POINT ( 'NONE',  ( 7.281153918988098717, -5.290066613608858326, 58.39382463145005175 ) ) ;
#4205 = CARTESIAN_POINT ( 'NONE',  ( -9.000000398245262545, 6.130913295848700050E-14, 57.73933255392171304 ) ) ;
#4206 = PRODUCT_DEFINITION_CONTEXT ( 'detailed design', #7278, 'design' ) ;
#4207 = VECTOR ( 'NONE', #850, 1000.000000000000000 ) ;
#4208 = CYLINDRICAL_SURFACE ( 'NONE', #948, 4.500000000000000888 ) ;
#4209 = EDGE_CURVE ( 'NONE', #3818, #3038, #526, .T. ) ;
#4210 = ORIENTED_EDGE ( 'NONE', *, *, #1822, .F. ) ;
#4211 = DIRECTION ( 'NONE',  ( 0.0000000000000000000, 0.0000000000000000000, 1.000000000000000000 ) ) ;
#4212 = CARTESIAN_POINT ( 'NONE',  ( 2.781154119996892771, -8.559508685037894082, 62.77186032062978427 ) ) ;
#4213 = EDGE_LOOP ( 'NONE', ( #868, #5863, #5739, #6187 ) ) ;
#4214 = CARTESIAN_POINT ( 'NONE',  ( 9.000000398245257216, -1.106077367795619885E-14, 14.84389062726625319 ) ) ;
#4215 = CARTESIAN_POINT ( 'NONE',  ( 3.640576798400455338, -2.645033189763087655, 16.91769704974731070 ) ) ;
#4216 = DIRECTION ( 'NONE',  ( 1.000000000000000000, 0.0000000000000000000, 0.0000000000000000000 ) ) ;
#4217 = CARTESIAN_POINT ( 'NONE',  ( -5.562305207913813554, -7.655858294680369269, 30.43421527269665106 ) ) ;
#4218 = LINE ( 'NONE', #3280, #1760 ) ;
#4219 =( GEOMETRIC_REPRESENTATION_CONTEXT ( 3 ) GLOBAL_UNCERTAINTY_ASSIGNED_CONTEXT ( ( #5954 ) ) GLOBAL_UNIT_ASSIGNED_CONTEXT ( ( #2108, #5147, #3949 ) ) REPRESENTATION_CONTEXT ( 'NONE', 'WORKASPACE' ) );
#4220 = DIRECTION ( 'NONE',  ( 0.0000000000000000000, 0.0000000000000000000, 1.000000000000000000 ) ) ;
#4221 = DIRECTION ( 'NONE',  ( 0.0000000000000000000, 0.0000000000000000000, 1.000000000000000000 ) ) ;
#4222 = CARTESIAN_POINT ( 'NONE',  ( -5.562307081842443601, 7.655856933191524938, 38.95986372004664844 ) ) ;
#4223 = CARTESIAN_POINT ( 'NONE',  ( -3.640576150974014435, -2.645034080869136162, 60.27398483842167565 ) ) ;
#4224 = ADVANCED_FACE ( 'NONE', ( #7320 ), #4824, .F. ) ;
#4225 = AXIS2_PLACEMENT_3D ( 'NONE', #2573, #3187, #6163 ) ;
#4226 = CARTESIAN_POINT ( 'NONE',  ( 4.500000000000000888, 0.0000000000000000000, 0.0000000000000000000 ) ) ;
#4227 = CARTESIAN_POINT ( 'NONE',  ( -4.500000000000000888, -5.017171716958190137E-15, 4.742058421745974250 ) ) ;
#4228 = CARTESIAN_POINT ( 'NONE',  ( 3.640576150974003777, 2.645034080869150372, 56.81764087327978530 ) ) ;
#4229 = CARTESIAN_POINT ( 'NONE',  ( -2.781153417856677912, 3.827928297211929731, 31.77997609985746408 ) ) ;
#4230 = CARTESIAN_POINT ( 'NONE',  ( -5.562307081842488898, 7.655856933191492963, 50.21381058061422920 ) ) ;
#4231 = DIRECTION ( 'NONE',  ( 0.0000000000000000000, 0.0000000000000000000, 1.000000000000000000 ) ) ;
#4232 = CYLINDRICAL_SURFACE ( 'NONE', #1379, 9.000000398245260769 ) ;
#4233 = CARTESIAN_POINT ( 'NONE',  ( -9.000000398245262545, -3.570517449157042910E-14, 22.90869321259734903 ) ) ;
#4234 = CARTESIAN_POINT ( 'NONE',  ( 4.500000000000000888, 4.256928142328989264E-14, 51.71155958877980652 ) ) ;
#4235 = ORIENTED_EDGE ( 'NONE', *, *, #4398, .F. ) ;
#4236 = CARTESIAN_POINT ( 'NONE',  ( -2.781152024881042628, -8.559509365782300705, 27.97799773820137759 ) ) ;
#4237 = FACE_OUTER_BOUND ( 'NONE', #2706, .T. ) ;
#4238 = ADVANCED_FACE ( 'NONE', ( #2788 ), #5075, .T. ) ;
#4239 = DIRECTION ( 'NONE',  ( 1.000000000000000000, 0.0000000000000000000, 0.0000000000000000000 ) ) ;
#4240 = CARTESIAN_POINT ( 'NONE',  ( 4.500000178944213225, -1.462138082314304866, 47.25508923638720660 ) ) ;
#4241 = CARTESIAN_POINT ( 'NONE',  ( 1.158151650996561507E-06, -9.463160436884182403, 3.013886482570945713 ) ) ;
#4242 = EDGE_CURVE ( 'NONE', #4073, #3783, #3387, .T. ) ;
#4243 = ORIENTED_EDGE ( 'NONE', *, *, #2032, .F. ) ;
#4244 = CARTESIAN_POINT ( 'NONE',  ( -3.640576150974035308, -2.645034080869106852, 46.18140928794868216 ) ) ;
#4245 = CARTESIAN_POINT ( 'NONE',  ( -1.158151560005109963E-06, 9.463160436884182403, 43.33789940922638806 ) ) ;
#4246 = LINE ( 'NONE', #5436, #6709 ) ;
#4247 = CARTESIAN_POINT ( 'NONE',  ( -4.500000000000000888, -6.474055334682263966E-16, 13.69177597221895759 ) ) ;
#4248 = CARTESIAN_POINT ( 'NONE',  ( 1.158151624915388340E-06, -9.463160436884182403, 12.23080372294933049 ) ) ;
#4249 = DIRECTION ( 'NONE',  ( 1.000000000000000000, 0.0000000000000000000, 0.0000000000000000000 ) ) ;
#4250 = EDGE_CURVE ( 'NONE', #676, #1545, #5277, .T. ) ;
#4251 = CARTESIAN_POINT ( 'NONE',  ( 4.499999821055700622, 1.462139183781891338, 63.34791764815343384 ) ) ;
#4252 = CARTESIAN_POINT ( 'NONE',  ( -2.781153417856679688, 3.827928297211928843, 2.092194758533108434 ) ) ;
#4253 = CARTESIAN_POINT ( 'NONE',  ( -9.000000398245260769, 1.102182168003596278E-15, 0.0000000000000000000 ) ) ;
#4254 = CARTESIAN_POINT ( 'NONE',  ( -4.500000000000001776, -3.524599835623303368E-14, 48.52241531354331272 ) ) ;
#4255 = CARTESIAN_POINT ( 'NONE',  ( 5.790757902784155435E-07, -4.731580009072167137, 28.36040889361150619 ) ) ;
#4256 = EDGE_CURVE ( 'NONE', #6307, #1755, #3142, .T. ) ;
#4257 = FACE_OUTER_BOUND ( 'NONE', #6726, .T. ) ;
#4258 = CARTESIAN_POINT ( 'NONE',  ( 0.0000000000000000000, 0.0000000000000000000, 0.0000000000000000000 ) ) ;
#4259 = CARTESIAN_POINT ( 'NONE',  ( -9.000000398245260769, 1.102182168003596278E-15, 0.0000000000000000000 ) ) ;
#4260 = DIRECTION ( 'NONE',  ( 0.0000000000000000000, 0.0000000000000000000, 1.000000000000000000 ) ) ;
#4261 = CYLINDRICAL_SURFACE ( 'NONE', #2968, 9.000000398245260769 ) ;
#4262 = CARTESIAN_POINT ( 'NONE',  ( -3.640576798400450453, 2.645033189763093873, 22.94547001488920657 ) ) ;
#4263 = EDGE_LOOP ( 'NONE', ( #5618, #396, #953, #4515 ) ) ;
#4264 = LINE ( 'NONE', #978, #6774 ) ;
#4265 = CARTESIAN_POINT ( 'NONE',  ( -4.500000000000000000, -3.990734995060066662E-14, 43.64675700344871956 ) ) ;
#4266 = CARTESIAN_POINT ( 'NONE',  ( -4.499999821055703286, -1.462139183781882901, 48.37042713253855908 ) ) ;
#4267 = EDGE_CURVE ( 'NONE', #4618, #5596, #404, .T. ) ;
#4268 = CARTESIAN_POINT ( 'NONE',  ( 4.499999821055707727, 1.462139183781867358, 47.21831247749124572 ) ) ;
#4269 = ADVANCED_FACE ( 'NONE', ( #5308 ), #378, .T. ) ;
#4270 = CARTESIAN_POINT ( 'NONE',  ( -2.781152480892321588, -3.827928977956382095, 55.78073768373721464 ) ) ;
#4271 = DIRECTION ( 'NONE',  ( 0.0000000000000000000, 0.0000000000000000000, 1.000000000000000000 ) ) ;
#4272 = ORIENTED_EDGE ( 'NONE', *, *, #1694, .F. ) ;
#4273 = CARTESIAN_POINT ( 'NONE',  ( 7.281152624135207141, 5.290068395820968661, 47.60072363290139208 ) ) ;
#4274 = DIRECTION ( 'NONE',  ( 1.000000000000000000, 0.0000000000000000000, 0.0000000000000000000 ) ) ;
#4275 = CARTESIAN_POINT ( 'NONE',  ( -4.499999821055700622, -1.462139183781891560, 2.553040620552028184 ) ) ;
#4276 = VECTOR ( 'NONE', #1325, 1000.000000000000000 ) ;
#4277 = ORIENTED_EDGE ( 'NONE', *, *, #1712, .T. ) ;
#4278 = CARTESIAN_POINT ( 'NONE',  ( 2.781153417856630394, -3.827928297211964370, 46.75746661547233174 ) ) ;
#4279 = CARTESIAN_POINT ( 'NONE',  ( -4.500000000000000888, 1.901635930437194263E-14, 41.60972738325952491 ) ) ;
#4280 = CARTESIAN_POINT ( 'NONE',  ( 2.781152024881022200, 8.559509365782307810, 38.34702963362705930 ) ) ;
#4281 = CYLINDRICAL_SURFACE ( 'NONE', #2349, 4.500000000000000888 ) ;
#4282 = CARTESIAN_POINT ( 'NONE',  ( -2.781152024881122120, -8.559509365782274060, 48.71606152905274456 ) ) ;
#4283 = ADVANCED_FACE ( 'NONE', ( #394 ), #2714, .F. ) ;
#4284 = FACE_OUTER_BOUND ( 'NONE', #1746, .T. ) ;
#4285 = CARTESIAN_POINT ( 'NONE',  ( -3.640576798400443348, 2.645033189763103643, 24.98249963507839766 ) ) ;
#4286 = FACE_OUTER_BOUND ( 'NONE', #4035, .T. ) ;
#4287 = CARTESIAN_POINT ( 'NONE',  ( -1.390575950908275793, -4.279754493514265512, 11.84839256753919834 ) ) ;
#4288 = ORIENTED_EDGE ( 'NONE', *, *, #6858, .F. ) ;
#4289 = CARTESIAN_POINT ( 'NONE',  ( -9.000000398245262545, -2.247894697991322797E-14, 37.00126876307034962 ) ) ;
#4290 =( BOUNDED_CURVE ( )  B_SPLINE_CURVE ( 2, ( #6491, #6444, #4882, #1988, #3745, #3788, #4337, #7359, #4285, #7160, #7218 ),
 .UNSPECIFIED., .F., .F. ) 
 B_SPLINE_CURVE_WITH_KNOTS ( ( 3, 2, 2, 2, 2, 3 ),
 ( 0.3571428564356301516, 0.3607142857142857095, 0.3642857142857142683, 0.3678571428571428825, 0.3714285714285714413, 0.3749999992927730008 ),
 .UNSPECIFIED. ) 
 CURVE ( )  GEOMETRIC_REPRESENTATION_ITEM ( )  RATIONAL_B_SPLINE_CURVE ( ( 1.000000000000000000, 0.9510565162951535312, 1.000000000000000000, 0.9510565162951535312, 1.000000000000000000, 0.9510565162951535312, 1.000000000000000000, 0.9510565162951535312, 1.000000000000000000, 0.9510565162951535312, 1.000000000000000000 ) ) 
 REPRESENTATION_ITEM ( '' )  );
#4291 = CARTESIAN_POINT ( 'NONE',  ( 4.499999999999967137, 5.507338247172985854E-07, 1.285714500000000093 ) ) ;
#4292 = AXIS2_PLACEMENT_3D ( 'NONE', #3235, #7146, #2026 ) ;
#4293 = LINE ( 'NONE', #2537, #6802 ) ;
#4294 =( BOUNDED_CURVE ( )  B_SPLINE_CURVE ( 2, ( #1147, #1693, #2050, #2268, #4397, #1543, #6098, #1014, #3900, #6787, #3262 ),
 .UNSPECIFIED., .F., .F. ) 
 B_SPLINE_CURVE_WITH_KNOTS ( ( 3, 2, 2, 2, 2, 3 ),
 ( 0.3620689648344014855, 0.3655172413793103536, 0.3689655172413793260, 0.3724137931034482984, 0.3758620689655172153, 0.3793103441447463475 ),
 .UNSPECIFIED. ) 
 CURVE ( )  GEOMETRIC_REPRESENTATION_ITEM ( )  RATIONAL_B_SPLINE_CURVE ( ( 1.000000000000000000, 0.9510565162951535312, 1.000000000000000000, 0.9510565162951535312, 1.000000000000000000, 0.9510565162951535312, 1.000000000000000000, 0.9510565162951535312, 1.000000000000000000, 0.9510565162951535312, 1.000000000000000000 ) ) 
 REPRESENTATION_ITEM ( '' )  );
#4295 = CARTESIAN_POINT ( 'NONE',  ( -3.640576150974026870, -2.645034080869118398, 16.22642825671893263 ) ) ;
#4296 = CARTESIAN_POINT ( 'NONE',  ( -2.781154119997089502, 8.559508685037830134, 13.23093015359595626 ) ) ;
#4297 = LINE ( 'NONE', #1050, #6763 ) ;
#4298 = DIRECTION ( 'NONE',  ( 0.0000000000000000000, 0.0000000000000000000, 1.000000000000000000 ) ) ;
#4299 = CYLINDRICAL_SURFACE ( 'NONE', #1884, 4.500000000000000888 ) ;
#4300 = CARTESIAN_POINT ( 'NONE',  ( 3.640576798400425584, -2.645033189763128956, 56.08959532135545345 ) ) ;
#4301 = CARTESIAN_POINT ( 'NONE',  ( -9.000000398245260769, 8.427901856910466183E-14, 34.42983976307032634 ) ) ;
#4302 = CARTESIAN_POINT ( 'NONE',  ( 0.0000000000000000000, 0.0000000000000000000, 0.0000000000000000000 ) ) ;
#4303 = CARTESIAN_POINT ( 'NONE',  ( 9.000000398245260769, 0.0000000000000000000, 0.0000000000000000000 ) ) ;
#4304 = VECTOR ( 'NONE', #4971, 1000.000000000000000 ) ;
#4305 = ORIENTED_EDGE ( 'NONE', *, *, #6994, .F. ) ;
#4306 =( BOUNDED_CURVE ( )  B_SPLINE_CURVE ( 2, ( #2280, #3865, #6662, #4408, #5695, #5052, #3366, #3417, #6244, #602, #1156 ),
 .UNSPECIFIED., .F., .F. ) 
 B_SPLINE_CURVE_WITH_KNOTS ( ( 3, 2, 2, 2, 2, 3 ),
 ( 0.1249999992927730008, 0.1285714285714285587, 0.1321428571428571452, 0.1357142857142857040, 0.1392857142857142905, 0.1428571421499158500 ),
 .UNSPECIFIED. ) 
 CURVE ( )  GEOMETRIC_REPRESENTATION_ITEM ( )  RATIONAL_B_SPLINE_CURVE ( ( 1.000000000000000000, 0.9510565162951535312, 1.000000000000000000, 0.9510565162951535312, 1.000000000000000000, 0.9510565162951535312, 1.000000000000000000, 0.9510565162951535312, 1.000000000000000000, 0.9510565162951535312, 1.000000000000000000 ) ) 
 REPRESENTATION_ITEM ( '' )  );
#4307 =( BOUNDED_CURVE ( )  B_SPLINE_CURVE ( 2, ( #4375, #2183, #5568, #2772, #6670, #6762, #457, #5660, #2721, #3326, #6204 ),
 .UNSPECIFIED., .F., .F. ) 
 B_SPLINE_CURVE_WITH_KNOTS ( ( 3, 2, 2, 2, 2, 3 ),
 ( 0.6071428564356300406, 0.6107142857142857650, 0.6142857142857143238, 0.6178571428571428825, 0.6214285714285714413, 0.6249999992927730563 ),
 .UNSPECIFIED. ) 
 CURVE ( )  GEOMETRIC_REPRESENTATION_ITEM ( )  RATIONAL_B_SPLINE_CURVE ( ( 1.000000000000000000, 0.9510565162951535312, 1.000000000000000000, 0.9510565162951535312, 1.000000000000000000, 0.9510565162951535312, 1.000000000000000000, 0.9510565162951535312, 1.000000000000000000, 0.9510565162951535312, 1.000000000000000000 ) ) 
 REPRESENTATION_ITEM ( '' )  );
#4308 = CARTESIAN_POINT ( 'NONE',  ( -4.500000000000000000, -1.564820153541427924E-14, 27.51715183278654564 ) ) ;
#4309 = ORIENTED_EDGE ( 'NONE', *, *, #6478, .T. ) ;
#4310 = CARTESIAN_POINT ( 'NONE',  ( -5.562305207913751381, -7.655858294680415455, 2.516263861656081957 ) ) ;
#4311 = VECTOR ( 'NONE', #6664, 1000.000000000000000 ) ;
#4312 = CARTESIAN_POINT ( 'NONE',  ( -2.781154119997018004, 8.559508685037855003, 25.01927639397434788 ) ) ;
#4313 =( BOUNDED_CURVE ( )  B_SPLINE_CURVE ( 2, ( #3841, #4390, #6780, #6174, #3257, #7367, #6640, #2206, #2687, #4985, #4343 ),
 .UNSPECIFIED., .F., .F. ) 
 B_SPLINE_CURVE_WITH_KNOTS ( ( 3, 2, 2, 2, 2, 3 ),
 ( 0.03571428500705871312, 0.03928571428571428492, 0.04285714285714285754, 0.04642857142857143016, 0.05000000000000000278, 0.05357142786420156927 ),
 .UNSPECIFIED. ) 
 CURVE ( )  GEOMETRIC_REPRESENTATION_ITEM ( )  RATIONAL_B_SPLINE_CURVE ( ( 1.000000000000000000, 0.9510565162951535312, 1.000000000000000000, 0.9510565162951535312, 1.000000000000000000, 0.9510565162951535312, 1.000000000000000000, 0.9510565162951535312, 1.000000000000000000, 0.9510565162951535312, 1.000000000000000000 ) ) 
 REPRESENTATION_ITEM ( '' )  );
#4314 = DIRECTION ( 'NONE',  ( 0.0000000000000000000, 0.0000000000000000000, 1.000000000000000000 ) ) ;
#4315 = LINE ( 'NONE', #2797, #1930 ) ;
#4316 = CARTESIAN_POINT ( 'NONE',  ( 9.000000398245257216, -1.767384995216257524E-14, 21.75657855755004633 ) ) ;
#4317 = ORIENTED_EDGE ( 'NONE', *, *, #4983, .T. ) ;
#4318 = FACE_OUTER_BOUND ( 'NONE', #7021, .T. ) ;
#4319 = CARTESIAN_POINT ( 'NONE',  ( -4.499999821055708615, -1.462139183781863805, 44.02916820225476613 ) ) ;
#4320 = LINE ( 'NONE', #7030, #4311 ) ;
#4321 = EDGE_CURVE ( 'NONE', #2485, #2479, #5186, .T. ) ;
#4322 = CARTESIAN_POINT ( 'NONE',  ( -4.500000000000000888, 5.510910596163089556E-16, 0.0000000000000000000 ) ) ;
#4323 = CARTESIAN_POINT ( 'NONE',  ( -4.500000000000001776, -5.228962373017355529E-16, 2.437829111651377723 ) ) ;
#4324 = EDGE_CURVE ( 'NONE', #1755, #5296, #2842, .T. ) ;
#4325 = CARTESIAN_POINT ( 'NONE',  ( -9.000000040356660236, -2.924278496961512097, 14.07418717102500771 ) ) ;
#4326 = VERTEX_POINT ( 'NONE', #331 ) ;
#4327 = CARTESIAN_POINT ( 'NONE',  ( 1.390576998466184211, -4.279754153142068418, 46.64225514996761035 ) ) ;
#4328 = CARTESIAN_POINT ( 'NONE',  ( -9.000000756133703206, 2.924276294026288081, 55.31989182171829356 ) ) ;
#4329 = CARTESIAN_POINT ( 'NONE',  ( -9.000000398245262545, -8.422343182406819715E-14, 39.03829838325953006 ) ) ;
#4330 = CARTESIAN_POINT ( 'NONE',  ( 2.781153417856668586, -3.827928297211935948, 2.977109723675000819 ) ) ;
#4331 = ORIENTED_EDGE ( 'NONE', *, *, #4818, .F. ) ;
#4332 = CARTESIAN_POINT ( 'NONE',  ( -1.158151675942261598E-06, 9.463160436884182403, 61.50453420007776373 ) ) ;
#4333 = CYLINDRICAL_SURFACE ( 'NONE', #6810, 4.500000000000000888 ) ;
#4334 = CARTESIAN_POINT ( 'NONE',  ( 1.390575950908277569, 4.279754493514264624, 15.30473653268109224 ) ) ;
#4335 = FACE_OUTER_BOUND ( 'NONE', #1426, .T. ) ;
#4336 = EDGE_CURVE ( 'NONE', #1531, #965, #2915, .T. ) ;
#4337 = CARTESIAN_POINT ( 'NONE',  ( -1.390576998466209080, 4.279754153142060424, 24.75207670406894067 ) ) ;
#4338 = DIRECTION ( 'NONE',  ( 1.000000000000000000, 0.0000000000000000000, 0.0000000000000000000 ) ) ;
#4339 = EDGE_LOOP ( 'NONE', ( #4735, #2554, #6853, #1820 ) ) ;
#4340 = CARTESIAN_POINT ( 'NONE',  ( -4.500000000000000888, 5.510910596163089556E-16, 0.0000000000000000000 ) ) ;
#4341 = EDGE_CURVE ( 'NONE', #3026, #847, #1674, .T. ) ;
#4342 = CARTESIAN_POINT ( 'NONE',  ( -4.500000000000000888, 4.213950731999833193E-14, 34.42983976307032634 ) ) ;
#4343 = CARTESIAN_POINT ( 'NONE',  ( -9.000000398245257216, 1.141126179421490200E-15, 4.474858731840569703 ) ) ;
#4344 = CARTESIAN_POINT ( 'NONE',  ( -9.000000398245260769, -1.294811377129188417E-15, 13.69177597221895759 ) ) ;
#4345 = CYLINDRICAL_SURFACE ( 'NONE', #7282, 4.500000000000000888 ) ;
#4346 = ADVANCED_FACE ( 'NONE', ( #547 ), #5893, .F. ) ;
#4347 = LINE ( 'NONE', #2027, #6791 ) ;
#4348 = DIRECTION ( 'NONE',  ( 0.0000000000000000000, 0.0000000000000000000, 1.000000000000000000 ) ) ;
#4349 = DIRECTION ( 'NONE',  ( 0.0000000000000000000, 0.0000000000000000000, 1.000000000000000000 ) ) ;
#4350 = CARTESIAN_POINT ( 'NONE',  ( 2.781152024881022200, 8.559509365782307810, 38.61422932353246296 ) ) ;
#4351 = CARTESIAN_POINT ( 'NONE',  ( -1.390575950908283787, -4.279754493514263736, 19.02828018772839513 ) ) ;
#4352 =( BOUNDED_SURFACE ( )  B_SPLINE_SURFACE ( 1, 2, ( 
 ( #6507, #6049, #231, #6096, #3304, #822, #6600, #7177, #2100, #3151, #3711, #2592, #963, #4945, #1493, #1354, #1906, #3096, #2641, #6647, #7233 ),
 ( #430, #1013, #1540, #5432, #2845, #2743, #3989, #3398, #5137, #3301, #5034, #1094, #4393, #3349, #7175, #533, #377, #961, #4989, #5727, #1142 ) ),
 .UNSPECIFIED., .F., .F., .F. ) 
 B_SPLINE_SURFACE_WITH_KNOTS ( ( 2, 2 ),
 ( 3, 2, 2, 2, 2, 2, 2, 2, 2, 2, 3 ),
 ( 0.0000000000000000000, 1.000000000000000000 ),
 ( 0.0000000000000000000, 0.1000000000000000056, 0.2000000000000000111, 0.2999999999999999889, 0.4000000000000000222, 0.5000000000000000000, 0.5999999999999999778, 0.6999999999999999556, 0.8000000000000000444, 0.9000000000000000222, 1.000000000000000000 ),
 .UNSPECIFIED. ) 
 GEOMETRIC_REPRESENTATION_ITEM ( )  RATIONAL_B_SPLINE_SURFACE ( (
 ( 1.000000000000000000, 0.9510565162951535312, 1.000000000000000000, 0.9510565162951535312, 1.000000000000000000, 0.9510565162951535312, 1.000000000000000000, 0.9510565162951535312, 1.000000000000000000, 0.9510565162951535312, 1.000000000000000000, 0.9510565162951535312, 1.000000000000000000, 0.9510565162951535312, 1.000000000000000000, 0.9510565162951535312, 1.000000000000000000, 0.9510565162951535312, 1.000000000000000000, 0.9510565162951535312, 1.000000000000000000),
 ( 1.000000000000000000, 0.9510565162951535312, 1.000000000000000000, 0.9510565162951535312, 1.000000000000000000, 0.9510565162951535312, 1.000000000000000000, 0.9510565162951535312, 1.000000000000000000, 0.9510565162951535312, 1.000000000000000000, 0.9510565162951535312, 1.000000000000000000, 0.9510565162951535312, 1.000000000000000000, 0.9510565162951535312, 1.000000000000000000, 0.9510565162951535312, 1.000000000000000000, 0.9510565162951535312, 1.000000000000000000) ) ) 
 REPRESENTATION_ITEM ( '' )  SURFACE ( )  );
#4353 = CARTESIAN_POINT ( 'NONE',  ( -7.281153918988083618, 5.290066613608880530, 52.90045104611896676 ) ) ;
#4354 = ORIENTED_EDGE ( 'NONE', *, *, #3504, .F. ) ;
#4355 = CARTESIAN_POINT ( 'NONE',  ( 5.562305207913758487, 7.655858294680410125, 61.54131095897370329 ) ) ;
#4356 = CARTESIAN_POINT ( 'NONE',  ( -9.000000756133735180, 2.924276294026189049, 2.322617689542567199 ) ) ;
#4357 = ORIENTED_EDGE ( 'NONE', *, *, #3906, .F. ) ;
#4358 = EDGE_CURVE ( 'NONE', #4996, #1548, #1055, .T. ) ;
#4359 = CARTESIAN_POINT ( 'NONE',  ( -5.790757613321750313E-07, 4.731580009072167137, 29.24532385875340168 ) ) ;
#4360 = FACE_OUTER_BOUND ( 'NONE', #4510, .T. ) ;
#4361 = DIRECTION ( 'NONE',  ( 0.0000000000000000000, 0.0000000000000000000, 1.000000000000000000 ) ) ;
#4362 = AXIS2_PLACEMENT_3D ( 'NONE', #1995, #6042, #2092 ) ;
#4363 = CYLINDRICAL_SURFACE ( 'NONE', #3708, 9.000000398245260769 ) ;
#4364 = CARTESIAN_POINT ( 'NONE',  ( 2.293044932606150610, 8.702985241022997087, 63.98148518990539912 ) ) ;
#4365 = EDGE_CURVE ( 'NONE', #3792, #2451, #3513, .T. ) ;
#4366 = CARTESIAN_POINT ( 'NONE',  ( -4.500000178944225659, 1.462138082314268450, 48.14000420152910209 ) ) ;
#4367 = CARTESIAN_POINT ( 'NONE',  ( 0.0000000000000000000, 0.0000000000000000000, 0.0000000000000000000 ) ) ;
#4368 = LINE ( 'NONE', #1827, #4276 ) ;
#4369 = CARTESIAN_POINT ( 'NONE',  ( -5.562305207913753158, -7.655858294680414566, 4.820493171750678485 ) ) ;
#4370 = ORIENTED_EDGE ( 'NONE', *, *, #1578, .F. ) ;
#4371 = CARTESIAN_POINT ( 'NONE',  ( 4.500000000000000888, -3.665684394360348699E-14, 45.06607134840141526 ) ) ;
#4372 = ORIENTED_EDGE ( 'NONE', *, *, #5892, .T. ) ;
#4373 = CYLINDRICAL_SURFACE ( 'NONE', #4156, 4.500000000000000888 ) ;
#4374 = EDGE_CURVE ( 'NONE', #3101, #6835, #6066, .T. ) ;
#4375 = CARTESIAN_POINT ( 'NONE',  ( 4.500000000000000888, -2.890776809701765880E-14, 40.19041303830680789 ) ) ;
#4376 = EDGE_LOOP ( 'NONE', ( #608, #5805, #5741, #5520 ) ) ;
#4377 = CARTESIAN_POINT ( 'NONE',  ( -9.000000398245262545, 6.130913295848700050E-14, 57.47213286401629517 ) ) ;
#4378 = CARTESIAN_POINT ( 'NONE',  ( -7.281152624135201812, -5.290068395820975766, 4.972481396151353650 ) ) ;
#4379 = CARTESIAN_POINT ( 'NONE',  ( 1.158151592466106702E-06, -9.463160436884182403, 44.22281437436827645 ) ) ;
#4380 = CARTESIAN_POINT ( 'NONE',  ( -5.562307081842484457, 7.655856933191496516, 6.433453688816894278 ) ) ;
#4381 = VECTOR ( 'NONE', #1756, 1000.000000000000000 ) ;
#4382 = CYLINDRICAL_SURFACE ( 'NONE', #6710, 9.000000398245260769 ) ;
#4383 = CARTESIAN_POINT ( 'NONE',  ( 2.781154119997064633, -8.559508685037839015, 7.470356878359464048 ) ) ;
#4384 =( BOUNDED_CURVE ( )  B_SPLINE_CURVE ( 2, ( #3567, #175, #274, #7006, #228, #2939, #867, #4121, #5216, #5992, #715 ),
 .UNSPECIFIED., .F., .F. ) 
 B_SPLINE_CURVE_WITH_KNOTS ( ( 3, 2, 2, 2, 2, 3 ),
 ( 0.8035714278642016595, 0.8071428571428571619, 0.8107142857142857206, 0.8142857142857142794, 0.8178571428571428381, 0.8214285707213444532 ),
 .UNSPECIFIED. ) 
 CURVE ( )  GEOMETRIC_REPRESENTATION_ITEM ( )  RATIONAL_B_SPLINE_CURVE ( ( 1.000000000000000000, 0.9510565162951535312, 1.000000000000000000, 0.9510565162951535312, 1.000000000000000000, 0.9510565162951535312, 1.000000000000000000, 0.9510565162951535312, 1.000000000000000000, 0.9510565162951535312, 1.000000000000000000 ) ) 
 REPRESENTATION_ITEM ( '' )  );
#4385 = CARTESIAN_POINT ( 'NONE',  ( 4.500000178944223883, -1.462138082314272891, 23.94559644553583055 ) ) ;
#4386 = DIRECTION ( 'NONE',  ( 0.0000000000000000000, 0.0000000000000000000, 1.000000000000000000 ) ) ;
#4387 = ORIENTED_EDGE ( 'NONE', *, *, #2928, .F. ) ;
#4388 = CARTESIAN_POINT ( 'NONE',  ( 9.000000398245260769, -5.781553898576993545E-14, 40.19041303830680789 ) ) ;
#4389 = DIRECTION ( 'NONE',  ( 1.000000000000000000, 0.0000000000000000000, 0.0000000000000000000 ) ) ;
#4390 = CARTESIAN_POINT ( 'NONE',  ( 9.000000040356647801, 2.924278496961537854, 3.437955585693920568 ) ) ;
#4391 = CARTESIAN_POINT ( 'NONE',  ( -9.000000756133731628, 2.924276294026204148, 34.58182803086692303 ) ) ;
#4392 = CARTESIAN_POINT ( 'NONE',  ( -2.781153417856672139, 3.827928297211934172, 45.60535196042503259 ) ) ;
#4393 = CARTESIAN_POINT ( 'NONE',  ( 1.630186955989405329, -4.194340292408567983, 65.36402277596216948 ) ) ;
#4394 = CARTESIAN_POINT ( 'NONE',  ( 0.0000000000000000000, 0.0000000000000000000, 0.0000000000000000000 ) ) ;
#4395 = CARTESIAN_POINT ( 'NONE',  ( -9.000000398245260769, 1.102182168003596278E-15, 0.0000000000000000000 ) ) ;
#4396 = CARTESIAN_POINT ( 'NONE',  ( -9.000000398245257216, -1.099401120563988957E-14, 25.21292252269194023 ) ) ;
#4397 = CARTESIAN_POINT ( 'NONE',  ( -1.390575950908285785, -4.279754493514262847, 23.63673880791758819 ) ) ;
#4398 = EDGE_CURVE ( 'NONE', #6338, #875, #3451, .T. ) ;
#4399 = ORIENTED_EDGE ( 'NONE', *, *, #4504, .T. ) ;
#4400 = CYLINDRICAL_SURFACE ( 'NONE', #5940, 4.500000000000000888 ) ;
#4401 = CARTESIAN_POINT ( 'NONE',  ( 5.562305207913731842, 7.655858294680428777, 29.28210061764934835 ) ) ;
#4402 = CARTESIAN_POINT ( 'NONE',  ( -9.000000040356690434, -2.924278496961410845, 52.97888575272774858 ) ) ;
#4403 = LINE ( 'NONE', #2097, #6926 ) ;
#4404 = CARTESIAN_POINT ( 'NONE',  ( -1.390575950908262692, -4.279754493514269953, 39.76634397857976921 ) ) ;
#4405 = ADVANCED_FACE ( 'NONE', ( #1032 ), #5970, .T. ) ;
#4406 = VERTEX_POINT ( 'NONE', #2272 ) ;
#4407 = DIRECTION ( 'NONE',  ( 0.0000000000000000000, 0.0000000000000000000, 1.000000000000000000 ) ) ;
#4408 = CARTESIAN_POINT ( 'NONE',  ( -5.562305207913743388, -7.655858294680421672, 9.428951791939873317 ) ) ;
#4409 = FACE_OUTER_BOUND ( 'NONE', #2371, .T. ) ;
#4410 = CARTESIAN_POINT ( 'NONE',  ( -5.790758018733018571E-07, 4.731580009072167137, 38.72944078903719856 ) ) ;
#4411 = ORIENTED_EDGE ( 'NONE', *, *, #1694, .T. ) ;
#4412 = EDGE_CURVE ( 'NONE', #4652, #3976, #6102, .T. ) ;
#4413 = AXIS2_PLACEMENT_3D ( 'NONE', #1308, #4220, #1813 ) ;
#4414 = ORIENTED_EDGE ( 'NONE', *, *, #277, .T. ) ;
#4415 = CARTESIAN_POINT ( 'NONE',  ( -4.500000000000000888, 2.774923260879777854E-15, 9.083317352029762759 ) ) ;
#4416 = CARTESIAN_POINT ( 'NONE',  ( -9.000000756133712088, 2.924276294026265433, 32.01039903086692107 ) ) ;
#4417 = VECTOR ( 'NONE', #82, 1000.000000000000000 ) ;
#4418 = ORIENTED_EDGE ( 'NONE', *, *, #2238, .F. ) ;
#4419 = CARTESIAN_POINT ( 'NONE',  ( 4.500000000000000888, 1.159531361997866251E-15, 12.80686100707706210 ) ) ;
#4420 = CARTESIAN_POINT ( 'NONE',  ( -4.500000000000000888, -2.812810563512160550E-15, 9.350517041935168194 ) ) ;
#4421 = EDGE_CURVE ( 'NONE', #3405, #5404, #6029, .T. ) ;
#4422 = CARTESIAN_POINT ( 'NONE',  ( -4.499999821055709504, -1.462139183781860474, 27.63236334168718145 ) ) ;
#4423 = CARTESIAN_POINT ( 'NONE',  ( -4.500000000000000888, 5.510910596163089556E-16, 0.0000000000000000000 ) ) ;
#4424 = CIRCLE ( 'NONE', #6470, 9.000000398245260769 ) ;
#4425 = CARTESIAN_POINT ( 'NONE',  ( -4.500000178944230989, 1.462138082314252685, 15.88079386020473827 ) ) ;
#4426 = AXIS2_PLACEMENT_3D ( 'NONE', #3520, #6398, #1896 ) ;
#4427 = ORIENTED_EDGE ( 'NONE', *, *, #5550, .T. ) ;
#4428 = EDGE_CURVE ( 'NONE', #1677, #2982, #1113, .T. ) ;
#4429 = CARTESIAN_POINT ( 'NONE',  ( 9.000000398245260769, -1.370601729845173416E-14, 61.19567651906358918 ) ) ;
#4430 = CYLINDRICAL_SURFACE ( 'NONE', #6679, 9.000000398245260769 ) ;
#4431 = CARTESIAN_POINT ( 'NONE',  ( -7.281153918988107598, 5.290066613608846779, 8.852894464416221965 ) ) ;
#4432 = ORIENTED_EDGE ( 'NONE', *, *, #4358, .T. ) ;
#4433 = CARTESIAN_POINT ( 'NONE',  ( -5.790758004539330884E-07, 4.731580009072167137, 1.594572137618243346 ) ) ;
#4434 = CARTESIAN_POINT ( 'NONE',  ( -4.500000000000001776, -5.228962373017355529E-16, 2.437829111651377723 ) ) ;
#4435 = DIRECTION ( 'NONE',  ( 0.0000000000000000000, 0.0000000000000000000, 1.000000000000000000 ) ) ;
#4436 = CARTESIAN_POINT ( 'NONE',  ( -2.781152480892352674, -3.827928977956359891, 41.68816213326422115 ) ) ;
#4437 = VECTOR ( 'NONE', #3153, 1000.000000000000000 ) ;
#4438 = DIRECTION ( 'NONE',  ( 1.000000000000000000, 0.0000000000000000000, 0.0000000000000000000 ) ) ;
#4439 = ORIENTED_EDGE ( 'NONE', *, *, #6644, .T. ) ;
#4440 = DIRECTION ( 'NONE',  ( 1.000000000000000000, 0.0000000000000000000, 0.0000000000000000000 ) ) ;
#4441 = CARTESIAN_POINT ( 'NONE',  ( -7.281152624135222240, -5.290068395820946456, 41.84015035766490342 ) ) ;
#4442 = CARTESIAN_POINT ( 'NONE',  ( -4.500000000000000888, -5.497005396024787704E-15, 25.21292252269194023 ) ) ;
#4443 = CARTESIAN_POINT ( 'NONE',  ( 3.640576150974010439, 2.645034080869140602, 58.85467049346897284 ) ) ;
#4444 = EDGE_CURVE ( 'NONE', #2950, #4406, #6078, .T. ) ;
#4445 = FACE_OUTER_BOUND ( 'NONE', #3236, .T. ) ;
#4446 = CARTESIAN_POINT ( 'NONE',  ( 5.562305207913785132, 7.655858294680390586, 26.71067161764934283 ) ) ;
#4447 = ORIENTED_EDGE ( 'NONE', *, *, #5642, .T. ) ;
#4448 = AXIS2_PLACEMENT_3D ( 'NONE', #356, #5245, #2375 ) ;
#4449 = ADVANCED_FACE ( 'NONE', ( #2376 ), #4788, .F. ) ;
#4450 = FACE_OUTER_BOUND ( 'NONE', #1643, .T. ) ;
#4451 = CARTESIAN_POINT ( 'NONE',  ( 4.500000000000000888, -3.224811558795307152E-14, 35.84915410802303626 ) ) ;
#4452 = EDGE_CURVE ( 'NONE', #4699, #2508, #1003, .T. ) ;
#4453 = CARTESIAN_POINT ( 'NONE',  ( -1.390576998466207304, 4.279754153142061313, 29.36053532425813373 ) ) ;
#4454 = CYLINDRICAL_SURFACE ( 'NONE', #3802, 9.000000398245260769 ) ;
#4455 = EDGE_LOOP ( 'NONE', ( #3931, #843, #1560, #4331 ) ) ;
#4456 = CARTESIAN_POINT ( 'NONE',  ( 1.390575950908270908, 4.279754493514268177, 24.78885346296488379 ) ) ;
#4457 = CARTESIAN_POINT ( 'NONE',  ( -4.500000000000000000, 3.065456513507497961E-14, 57.47213286401629517 ) ) ;
#4458 = CARTESIAN_POINT ( 'NONE',  ( 9.000000040356676223, 2.924278496961459251, 35.69716592701826841 ) ) ;
#4459 = ORIENTED_EDGE ( 'NONE', *, *, #3060, .T. ) ;
#4460 = VERTEX_POINT ( 'NONE', #4494 ) ;
#4461 = FACE_OUTER_BOUND ( 'NONE', #2343, .T. ) ;
#4462 = FACE_OUTER_BOUND ( 'NONE', #4800, .T. ) ;
#4463 = ADVANCED_FACE ( 'NONE', ( #2328 ), #7286, .T. ) ;
#4464 = AXIS2_PLACEMENT_3D ( 'NONE', #6845, #3028, #2923 ) ;
#4465 = ORIENTED_EDGE ( 'NONE', *, *, #5537, .F. ) ;
#4466 = CARTESIAN_POINT ( 'NONE',  ( -1.390576998466252157, 4.279754153142046214, 20.41081777378515127 ) ) ;
#4467 = CARTESIAN_POINT ( 'NONE',  ( -9.000000398245260769, -1.294811377129188417E-15, 13.95897566212436303 ) ) ;
#4468 = VECTOR ( 'NONE', #4689, 1000.000000000000000 ) ;
#4469 = ORIENTED_EDGE ( 'NONE', *, *, #3393, .F. ) ;
#4470 = CARTESIAN_POINT ( 'NONE',  ( -4.500000000000000888, 5.510910596163089556E-16, 0.0000000000000000000 ) ) ;
#4471 = CARTESIAN_POINT ( 'NONE',  ( 3.640576150974037972, 2.645034080869103299, 21.98700153195542484 ) ) ;
#4472 = CARTESIAN_POINT ( 'NONE',  ( -9.000000398245262545, -7.981470300312869343E-14, 43.64675700344871956 ) ) ;
#4473 = CARTESIAN_POINT ( 'NONE',  ( 0.0000000000000000000, 0.0000000000000000000, 0.0000000000000000000 ) ) ;
#4474 = DIRECTION ( 'NONE',  ( 0.0000000000000000000, 0.0000000000000000000, 1.000000000000000000 ) ) ;
#4475 = AXIS2_PLACEMENT_3D ( 'NONE', #6521, #7080, #2562 ) ;
#4476 = ORIENTED_EDGE ( 'NONE', *, *, #5415, .F. ) ;
#4477 = DIRECTION ( 'NONE',  ( 0.0000000000000000000, 0.0000000000000000000, 1.000000000000000000 ) ) ;
#4478 = CARTESIAN_POINT ( 'NONE',  ( -5.237540165881530818, -7.319028636314558689, 65.00000000000001421 ) ) ;
#4479 = VECTOR ( 'NONE', #1898, 1000.000000000000000 ) ;
#4480 = CARTESIAN_POINT ( 'NONE',  ( 9.000000398245257216, -1.326513829522111016E-14, 17.14811993736085327 ) ) ;
#4481 = ORIENTED_EDGE ( 'NONE', *, *, #2576, .T. ) ;
#4482 = CARTESIAN_POINT ( 'NONE',  ( 0.0000000000000000000, 0.0000000000000000000, 0.0000000000000000000 ) ) ;
#4483 = CARTESIAN_POINT ( 'NONE',  ( 5.562305207913750493, 7.655858294680417231, 1.364149206608783693 ) ) ;
#4484 = CARTESIAN_POINT ( 'NONE',  ( 9.000000398245260769, -7.545046771121321988E-14, 58.89144720896899798 ) ) ;
#4485 = CARTESIAN_POINT ( 'NONE',  ( 9.000000398245262545, 4.453373196690685983E-14, 47.10310096859061701 ) ) ;
#4486 = CARTESIAN_POINT ( 'NONE',  ( -3.640576150974034420, -2.645034080869108184, 41.57295066775949977 ) ) ;
#4487 = EDGE_CURVE ( 'NONE', #6955, #4922, #3395, .T. ) ;
#4488 =( NAMED_UNIT ( * ) SI_UNIT ( $, .STERADIAN. ) SOLID_ANGLE_UNIT ( ) );
#4489 = ORIENTED_EDGE ( 'NONE', *, *, #5902, .T. ) ;
#4490 = CARTESIAN_POINT ( 'NONE',  ( -4.500000000000001776, -3.083726963869111284E-14, 57.73933255392170594 ) ) ;
#4491 = CARTESIAN_POINT ( 'NONE',  ( 4.500000000000001776, 2.642297042830234551E-14, 33.54492479792843795 ) ) ;
#4492 = AXIS2_PLACEMENT_3D ( 'NONE', #6388, #3130, #1473 ) ;
#4493 = CARTESIAN_POINT ( 'NONE',  ( 1.390575950908358172, 4.279754493514237979, 59.08509342447842982 ) ) ;
#4494 = CARTESIAN_POINT ( 'NONE',  ( -9.000000398245257216, 1.141126179421490200E-15, 4.474858731840569703 ) ) ;
#4495 = ORIENTED_EDGE ( 'NONE', *, *, #4187, .F. ) ;
#4496 = CARTESIAN_POINT ( 'NONE',  ( 5.562305207913750493, 7.655858294680417231, 1.631348896514188018 ) ) ;
#4497 = LINE ( 'NONE', #4303, #2123 ) ;
#4498 = CARTESIAN_POINT ( 'NONE',  ( 5.790758227394106941E-07, -4.731580009072167137, 30.66463820370610449 ) ) ;
#4499 = ORIENTED_EDGE ( 'NONE', *, *, #1768, .T. ) ;
#4500 = CARTESIAN_POINT ( 'NONE',  ( 3.640576150974032199, 2.645034080869110849, 24.55843053195542680 ) ) ;
#4501 = EDGE_CURVE ( 'NONE', #6835, #3307, #4834, .T. ) ;
#4502 = CARTESIAN_POINT ( 'NONE',  ( -5.790758157801360128E-07, 4.731580009072167137, 11.07868906790203489 ) ) ;
#4503 = CARTESIAN_POINT ( 'NONE',  ( -9.000000398245260769, -1.294811377129188417E-15, 13.95897566212436303 ) ) ;
#4504 = EDGE_CURVE ( 'NONE', #4192, #5386, #774, .T. ) ;
#4505 = CARTESIAN_POINT ( 'NONE',  ( 5.562305207913775362, 7.655858294680396803, 15.45672475708176918 ) ) ;
#4506 = VECTOR ( 'NONE', #6401, 1000.000000000000000 ) ;
#4507 = CARTESIAN_POINT ( 'NONE',  ( -1.158151659694190789E-06, 9.463160436884182403, 11.07868906790203312 ) ) ;
#4508 = ORIENTED_EDGE ( 'NONE', *, *, #5348, .F. ) ;
#4509 = EDGE_CURVE ( 'NONE', #727, #762, #4848, .T. ) ;
#4510 = EDGE_LOOP ( 'NONE', ( #985, #3259, #5828 ) ) ;
#4511 = CARTESIAN_POINT ( 'NONE',  ( 1.390575950908295333, 4.279754493514259295, 54.47663480428923322 ) ) ;
#4512 = CARTESIAN_POINT ( 'NONE',  ( 4.500000000000000888, -6.853008287334341987E-15, 60.92847682915817842 ) ) ;
#4513 = EDGE_CURVE ( 'NONE', #3225, #5762, #3615, .T. ) ;
#4514 = CARTESIAN_POINT ( 'NONE',  ( -7.281153918988109375, 5.290066613608845003, 6.815864844227029984 ) ) ;
#4515 = ORIENTED_EDGE ( 'NONE', *, *, #3574, .F. ) ;
#4516 = CARTESIAN_POINT ( 'NONE',  ( -7.281152624135212470, -5.290068395820961555, 23.40631587690812765 ) ) ;
#4517 = DIRECTION ( 'NONE',  ( 0.0000000000000000000, 0.0000000000000000000, 1.000000000000000000 ) ) ;
#4518 = CARTESIAN_POINT ( 'NONE',  ( 3.640576798400450009, -2.645033189763096093, 3.092321189179731089 ) ) ;
#4519 = EDGE_CURVE ( 'NONE', #3338, #2402, #5529, .T. ) ;
#4520 = CARTESIAN_POINT ( 'NONE',  ( 9.000000398245260769, -1.370601729845173416E-14, 60.92847682915817842 ) ) ;
#4521 = CARTESIAN_POINT ( 'NONE',  ( -4.499999821055695293, -1.462139183781909102, 59.89157368301153639 ) ) ;
#4522 = ADVANCED_FACE ( 'NONE', ( #2571 ), #97, .F. ) ;
#4523 = ORIENTED_EDGE ( 'NONE', *, *, #254, .T. ) ;
#4524 = CARTESIAN_POINT ( 'NONE',  ( -5.562305207913771810, -7.655858294680399467, 46.29662075345342487 ) ) ;
#4525 = CARTESIAN_POINT ( 'NONE',  ( -5.562305207913813554, -7.655858294680369269, 30.16701558279123674 ) ) ;
#4526 = ORIENTED_EDGE ( 'NONE', *, *, #112, .F. ) ;
#4527 = CARTESIAN_POINT ( 'NONE',  ( -2.781152480892410406, -3.827928977956317702, 50.90507937364260016 ) ) ;
#4528 = CIRCLE ( 'NONE', #2774, 4.499999999997919886 ) ;
#4529 =( BOUNDED_CURVE ( )  B_SPLINE_CURVE ( 2, ( #3336, #6083, #5576, #2577, #2729, #3192, #4383, #5623, #6033, #2138, #2035 ),
 .UNSPECIFIED., .F., .F. ) 
 B_SPLINE_CURVE_WITH_KNOTS ( ( 3, 2, 2, 2, 2, 3 ),
 ( 0.08928571357848728851, 0.09285714285714286031, 0.09642857142857143293, 0.1000000000000000056, 0.1035714285714285782, 0.1071428564356301377 ),
 .UNSPECIFIED. ) 
 CURVE ( )  GEOMETRIC_REPRESENTATION_ITEM ( )  RATIONAL_B_SPLINE_CURVE ( ( 1.000000000000000000, 0.9510565162951535312, 1.000000000000000000, 0.9510565162951535312, 1.000000000000000000, 0.9510565162951535312, 1.000000000000000000, 0.9510565162951535312, 1.000000000000000000, 0.9510565162951535312, 1.000000000000000000 ) ) 
 REPRESENTATION_ITEM ( '' )  );
#4530 = CARTESIAN_POINT ( 'NONE',  ( 5.562307081842409850, -7.655856933191550695, 47.02466630537774250 ) ) ;
#4531 =( BOUNDED_CURVE ( )  B_SPLINE_CURVE ( 2, ( #1996, #6226, #4705, #1184, #5725, #2262, #5134, #681, #3583, #7370, #4139 ),
 .UNSPECIFIED., .F., .F. ) 
 B_SPLINE_CURVE_WITH_KNOTS ( ( 3, 2, 2, 2, 2, 3 ),
 ( 0.4999999992927730008, 0.5035714285714285587, 0.5071428571428571175, 0.5107142857142856762, 0.5142857142857142350, 0.5178571421499158500 ),
 .UNSPECIFIED. ) 
 CURVE ( )  GEOMETRIC_REPRESENTATION_ITEM ( )  RATIONAL_B_SPLINE_CURVE ( ( 1.000000000000000000, 0.9510565162951535312, 1.000000000000000000, 0.9510565162951535312, 1.000000000000000000, 0.9510565162951535312, 1.000000000000000000, 0.9510565162951535312, 1.000000000000000000, 0.9510565162951535312, 1.000000000000000000 ) ) 
 REPRESENTATION_ITEM ( '' )  );
#4532 = DIRECTION ( 'NONE',  ( 0.0000000000000000000, 0.0000000000000000000, 1.000000000000000000 ) ) ;
#4533 = CARTESIAN_POINT ( 'NONE',  ( 4.500000000000000888, -3.772523214954656500E-14, 58.62424751906360143 ) ) ;
#4534 = CARTESIAN_POINT ( 'NONE',  ( -4.499999821055706839, -1.462139183781869356, 9.198528860930411000 ) ) ;
#4535 = CYLINDRICAL_SURFACE ( 'NONE', #1742, 9.000000398245260769 ) ;
#4536 = APPLICATION_PROTOCOL_DEFINITION ( 'draft international standard', 'automotive_design', 1998, #1 ) ;
#4537 = ORIENTED_EDGE ( 'NONE', *, *, #4336, .F. ) ;
#4538 = CARTESIAN_POINT ( 'NONE',  ( -4.499999821055688187, -1.462139183781925755, 48.63762682244396274 ) ) ;
#4539 =( BOUNDED_CURVE ( )  B_SPLINE_CURVE ( 2, ( #6254, #81, #1170, #2826, #1072, #5168, #6205, #3968, #1209, #5063, #5757 ),
 .UNSPECIFIED., .F., .F. ) 
 B_SPLINE_CURVE_WITH_KNOTS ( ( 3, 2, 2, 2, 2, 3 ),
 ( 0.8571428564356301516, 0.8607142857142857650, 0.8642857142857143238, 0.8678571428571428825, 0.8714285714285714413, 0.8749999992927730563 ),
 .UNSPECIFIED. ) 
 CURVE ( )  GEOMETRIC_REPRESENTATION_ITEM ( )  RATIONAL_B_SPLINE_CURVE ( ( 1.000000000000000000, 0.9510565162951535312, 1.000000000000000000, 0.9510565162951535312, 1.000000000000000000, 0.9510565162951535312, 1.000000000000000000, 0.9510565162951535312, 1.000000000000000000, 0.9510565162951535312, 1.000000000000000000 ) ) 
 REPRESENTATION_ITEM ( '' )  );
#4540 = DIRECTION ( 'NONE',  ( 0.0000000000000000000, 0.0000000000000000000, 1.000000000000000000 ) ) ;
#4541 = CARTESIAN_POINT ( 'NONE',  ( 4.500000178944233653, -1.462138082314242027, 26.24982575563042886 ) ) ;
#4542 = CARTESIAN_POINT ( 'NONE',  ( 0.0000000000000000000, 0.0000000000000000000, 0.0000000000000000000 ) ) ;
#4543 = EDGE_CURVE ( 'NONE', #5818, #2439, #4894, .T. ) ;
#4544 = ORIENTED_EDGE ( 'NONE', *, *, #7241, .T. ) ;
#4545 = ORIENTED_EDGE ( 'NONE', *, *, #648, .T. ) ;
#4546 =( BOUNDED_CURVE ( )  B_SPLINE_CURVE ( 2, ( #5170, #716, #1257, #3431, #3969, #5710, #6256, #2016, #6151, #7195, #4958 ),
 .UNSPECIFIED., .F., .F. ) 
 B_SPLINE_CURVE_WITH_KNOTS ( ( 3, 2, 2, 2, 2, 3 ),
 ( 0.8749999992927730563, 0.8785714285714285587, 0.8821428571428571175, 0.8857142857142856762, 0.8892857142857142350, 0.8928571421499158500 ),
 .UNSPECIFIED. ) 
 CURVE ( )  GEOMETRIC_REPRESENTATION_ITEM ( )  RATIONAL_B_SPLINE_CURVE ( ( 1.000000000000000000, 0.9510565162951535312, 1.000000000000000000, 0.9510565162951535312, 1.000000000000000000, 0.9510565162951535312, 1.000000000000000000, 0.9510565162951535312, 1.000000000000000000, 0.9510565162951535312, 1.000000000000000000 ) ) 
 REPRESENTATION_ITEM ( '' )  );
#4547 = LINE ( 'NONE', #3586, #2137 ) ;
#4548 = CARTESIAN_POINT ( 'NONE',  ( -7.281153918988096940, 5.290066613608861879, 29.85815794517299793 ) ) ;
#4549 = CARTESIAN_POINT ( 'NONE',  ( 0.0000000000000000000, 0.0000000000000000000, 0.0000000000000000000 ) ) ;
#4550 = LINE ( 'NONE', #1909, #4437 ) ;
#4551 = CARTESIAN_POINT ( 'NONE',  ( 3.640576150974019320, 2.645034080869129056, 45.29649432280680088 ) ) ;
#4552 = ORIENTED_EDGE ( 'NONE', *, *, #3123, .F. ) ;
#4553 = CARTESIAN_POINT ( 'NONE',  ( -2.781154119997060192, 8.559508685037840792, 45.49014049492031120 ) ) ;
#4554 = AXIS2_PLACEMENT_3D ( 'NONE', #252, #798, #2426 ) ;
#4555 = DIRECTION ( 'NONE',  ( 0.0000000000000000000, 0.0000000000000000000, 1.000000000000000000 ) ) ;
#4556 = CARTESIAN_POINT ( 'NONE',  ( -4.499999821055707727, -1.462139183781867358, 13.80698748111960583 ) ) ;
#4557 = FACE_OUTER_BOUND ( 'NONE', #5869, .T. ) ;
#4558 = CARTESIAN_POINT ( 'NONE',  ( 1.390575950908277569, 4.279754493514265512, 38.61422932353247006 ) ) ;
#4559 = ORIENTED_EDGE ( 'NONE', *, *, #91, .T. ) ;
#4560 = VERTEX_POINT ( 'NONE', #1087 ) ;
#4561 = VECTOR ( 'NONE', #414, 1000.000000000000000 ) ;
#4562 = ORIENTED_EDGE ( 'NONE', *, *, #6305, .T. ) ;
#4563 = CARTESIAN_POINT ( 'NONE',  ( 4.500000000000000888, -4.106554846611202996E-14, 54.28298858877980138 ) ) ;
#4564 = CARTESIAN_POINT ( 'NONE',  ( -4.500000178944200790, 1.462138082314339060, 61.96538006209667770 ) ) ;
#4565 = CARTESIAN_POINT ( 'NONE',  ( 9.000000398245260769, -5.781553898576993545E-14, 40.45761272821221866 ) ) ;
#4566 = AXIS2_PLACEMENT_3D ( 'NONE', #2483, #3559, #2930 ) ;
#4567 = ORIENTED_EDGE ( 'NONE', *, *, #4501, .F. ) ;
#4568 = CARTESIAN_POINT ( 'NONE',  ( 4.500000000000000888, 0.0000000000000000000, 0.0000000000000000000 ) ) ;
#4569 = ORIENTED_EDGE ( 'NONE', *, *, #5558, .T. ) ;
#4570 = CARTESIAN_POINT ( 'NONE',  ( -5.562307081842468470, 7.655856933191507174, 9.004882688816898906 ) ) ;
#4571 = LINE ( 'NONE', #1324, #4645 ) ;
#4572 = ADVANCED_FACE ( 'NONE', ( #4869 ), #4821, .F. ) ;
#4573 = CARTESIAN_POINT ( 'NONE',  ( 0.0000000000000000000, 0.0000000000000000000, 0.0000000000000000000 ) ) ;
#4574 = CARTESIAN_POINT ( 'NONE',  ( 2.781153417856681909, -3.827928297211926623, 55.97438385585071785 ) ) ;
#4575 = LINE ( 'NONE', #1518, #2140 ) ;
#4576 = DIRECTION ( 'NONE',  ( 0.0000000000000000000, 0.0000000000000000000, 1.000000000000000000 ) ) ;
#4577 = EDGE_LOOP ( 'NONE', ( #1810, #2309, #180, #7276 ) ) ;
#4578 = CARTESIAN_POINT ( 'NONE',  ( -9.000000398245262545, -1.366148964822695970E-14, 45.95098631354331076 ) ) ;
#4579 = CARTESIAN_POINT ( 'NONE',  ( 4.500000000000000888, -3.665684394360348699E-14, 45.06607134840141526 ) ) ;
#4580 = VECTOR ( 'NONE', #1535, 1000.000000000000000 ) ;
#4581 = CARTESIAN_POINT ( 'NONE',  ( 9.000000398245260769, 0.0000000000000000000, 0.0000000000000000000 ) ) ;
#4582 = VERTEX_POINT ( 'NONE', #3930 ) ;
#4583 = VERTEX_POINT ( 'NONE', #4480 ) ;
#4584 = EDGE_CURVE ( 'NONE', #461, #2850, #2505, .T. ) ;
#4585 = CARTESIAN_POINT ( 'NONE',  ( -9.000000040356647801, -2.924278496961534746, 57.85454406282234174 ) ) ;
#4586 = CARTESIAN_POINT ( 'NONE',  ( 9.000000398245262545, 4.453373196690685983E-14, 47.37030065849601357 ) ) ;
#4587 = CARTESIAN_POINT ( 'NONE',  ( 7.281153918988107598, -5.290066613608847668, 10.27220880936892655 ) ) ;
#4588 = CARTESIAN_POINT ( 'NONE',  ( -1.390575950908273795, -4.279754493514266400, 7.239933947350004395 ) ) ;
#4589 = EDGE_CURVE ( 'NONE', #1182, #3946, #5278, .T. ) ;
#4590 = DIRECTION ( 'NONE',  ( 0.0000000000000000000, 0.0000000000000000000, 1.000000000000000000 ) ) ;
#4591 = VECTOR ( 'NONE', #4672, 1000.000000000000000 ) ;
#4592 = ADVANCED_FACE ( 'NONE', ( #2353 ), #4881, .T. ) ;
#4593 = EDGE_LOOP ( 'NONE', ( #5161, #358, #502, #698 ) ) ;
#4594 = CARTESIAN_POINT ( 'NONE',  ( -1.390575950908254255, -4.279754493514272617, 21.33250949782298989 ) ) ;
#4595 = CARTESIAN_POINT ( 'NONE',  ( -9.000000398245260769, 8.427901856910466183E-14, 34.42983976307032634 ) ) ;
#4596 = CARTESIAN_POINT ( 'NONE',  ( 4.500000000000000888, -3.331652085449661159E-14, 49.40733027868520111 ) ) ;
#4597 = DIRECTION ( 'NONE',  ( 0.0000000000000000000, 0.0000000000000000000, 1.000000000000000000 ) ) ;
#4598 = ORIENTED_EDGE ( 'NONE', *, *, #682, .F. ) ;
#4599 = VERTEX_POINT ( 'NONE', #926 ) ;
#4600 = FACE_OUTER_BOUND ( 'NONE', #4339, .T. ) ;
#4601 = EDGE_CURVE ( 'NONE', #2096, #5500, #2364, .T. ) ;
#4602 = CARTESIAN_POINT ( 'NONE',  ( -4.500000000000000888, 5.510910596163089556E-16, 0.0000000000000000000 ) ) ;
#4603 = CARTESIAN_POINT ( 'NONE',  ( 7.281153918988074736, -5.290066613608891188, 33.31450191031489538 ) ) ;
#4604 = VECTOR ( 'NONE', #6121, 1000.000000000000000 ) ;
#4605 = CARTESIAN_POINT ( 'NONE',  ( 1.158151601737330178E-06, -9.463160436884182403, 35.27309682389530110 ) ) ;
#4606 = CARTESIAN_POINT ( 'NONE',  ( 4.500000000000001776, 1.760551340680881641E-14, 51.97875927868521728 ) ) ;
#4607 = ORIENTED_EDGE ( 'NONE', *, *, #199, .T. ) ;
#4608 = VERTEX_POINT ( 'NONE', #4308 ) ;
#4609 = DIRECTION ( 'NONE',  ( 0.0000000000000000000, 0.0000000000000000000, 1.000000000000000000 ) ) ;
#4610 = EDGE_CURVE ( 'NONE', #4717, #1021, #7340, .T. ) ;
#4611 = CARTESIAN_POINT ( 'NONE',  ( -4.500000000000000000, -6.830744720715900912E-15, 45.95098631354331076 ) ) ;
#4612 = DIRECTION ( 'NONE',  ( 1.000000000000000000, 0.0000000000000000000, 0.0000000000000000000 ) ) ;
#4613 = CARTESIAN_POINT ( 'NONE',  ( -2.781152480892341572, -3.827928977956368328, 14.03741041212906282 ) ) ;
#4614 = ORIENTED_EDGE ( 'NONE', *, *, #2088, .T. ) ;
#4615 = ORIENTED_EDGE ( 'NONE', *, *, #4906, .F. ) ;
#4616 = CYLINDRICAL_SURFACE ( 'NONE', #713, 4.500000000000000888 ) ;
#4617 = CARTESIAN_POINT ( 'NONE',  ( -3.640576150974026870, -2.645034080869117066, 18.53065756681352738 ) ) ;
#4618 = VERTEX_POINT ( 'NONE', #3625 ) ;
#4619 = ORIENTED_EDGE ( 'NONE', *, *, #1242, .T. ) ;
#4620 = CARTESIAN_POINT ( 'NONE',  ( 1.390575950908278458, 4.279754493514264624, 17.60896584277568877 ) ) ;
#4621 = EDGE_CURVE ( 'NONE', #1454, #6436, #5272, .T. ) ;
#4622 =( BOUNDED_CURVE ( )  B_SPLINE_CURVE ( 2, ( #1466, #2612, #4870, #5511, #422, #4433, #3254, #3836, #369, #5373, #1001 ),
 .UNSPECIFIED., .F., .F. ) 
 B_SPLINE_CURVE_WITH_KNOTS ( ( 3, 2, 2, 2, 2, 3 ),
 ( 0.0000000000000000000, 0.003571428571428571317, 0.007142857142857142634, 0.01071428571428571438, 0.01428571428571428527, 0.01785714214991585697 ),
 .UNSPECIFIED. ) 
 CURVE ( )  GEOMETRIC_REPRESENTATION_ITEM ( )  RATIONAL_B_SPLINE_CURVE ( ( 1.000000000000000000, 0.9510565162951535312, 1.000000000000000000, 0.9510565162951535312, 1.000000000000000000, 0.9510565162951535312, 1.000000000000000000, 0.9510565162951535312, 1.000000000000000000, 0.9510565162951535312, 1.000000000000000000 ) ) 
 REPRESENTATION_ITEM ( '' )  );
#4623 = CARTESIAN_POINT ( 'NONE',  ( 2.781154119997034879, -8.559508685037849673, 39.99676690958922620 ) ) ;
#4624 = LINE ( 'NONE', #1921, #4686 ) ;
#4625 = ORIENTED_EDGE ( 'NONE', *, *, #3799, .T. ) ;
#4626 = CARTESIAN_POINT ( 'NONE',  ( 2.781152480892358003, 3.827928977956355006, 22.10221299746015333 ) ) ;
#4627 = EDGE_LOOP ( 'NONE', ( #6489, #4619, #4552, #6453 ) ) ;
#4628 = STYLED_ITEM ( 'NONE', ( #4898 ), #2498 ) ;
#4629 = CARTESIAN_POINT ( 'NONE',  ( -4.500000000000000888, -5.316199944035498124E-16, 2.170629421745972287 ) ) ;
#4630 = LINE ( 'NONE', #6370, #2180 ) ;
#4631 = CARTESIAN_POINT ( 'NONE',  ( 4.500000000000001776, 1.319678505115842145E-14, 61.19567651906360339 ) ) ;
#4632 =( BOUNDED_CURVE ( )  B_SPLINE_CURVE ( 2, ( #3115, #5294, #6936, #6523, #1277, #1368, #6424, #5881, #3680, #1927, #147 ),
 .UNSPECIFIED., .F., .F. ) 
 B_SPLINE_CURVE_WITH_KNOTS ( ( 3, 2, 2, 2, 2, 3 ),
 ( 0.3035714278642015485, 0.3071428571428571619, 0.3107142857142857206, 0.3142857142857142794, 0.3178571428571428381, 0.3214285707213444532 ),
 .UNSPECIFIED. ) 
 CURVE ( )  GEOMETRIC_REPRESENTATION_ITEM ( )  RATIONAL_B_SPLINE_CURVE ( ( 1.000000000000000000, 0.9510565162951535312, 1.000000000000000000, 0.9510565162951535312, 1.000000000000000000, 0.9510565162951535312, 1.000000000000000000, 0.9510565162951535312, 1.000000000000000000, 0.9510565162951535312, 1.000000000000000000 ) ) 
 REPRESENTATION_ITEM ( '' )  );
#4633 = CARTESIAN_POINT ( 'NONE',  ( 2.781153417856692123, -3.827928297211919517, 53.93735423566153742 ) ) ;
#4634 = FACE_OUTER_BOUND ( 'NONE', #3823, .T. ) ;
#4635 = DIRECTION ( 'NONE',  ( 0.0000000000000000000, 0.0000000000000000000, 1.000000000000000000 ) ) ;
#4636 = ORIENTED_EDGE ( 'NONE', *, *, #641, .F. ) ;
#4637 = ORIENTED_EDGE ( 'NONE', *, *, #1910, .T. ) ;
#4638 = CARTESIAN_POINT ( 'NONE',  ( 7.281153918988067630, -5.290066613608900958, 46.87267808097706734 ) ) ;
#4639 = CARTESIAN_POINT ( 'NONE',  ( 9.000000040356651354, 2.924278496961529417, 28.78447799673448415 ) ) ;
#4640 = VECTOR ( 'NONE', #5963, 1000.000000000000000 ) ;
#4641 = CARTESIAN_POINT ( 'NONE',  ( -4.500000000000000888, 5.510910596163089556E-16, 0.0000000000000000000 ) ) ;
#4642 = ORIENTED_EDGE ( 'NONE', *, *, #351, .F. ) ;
#4643 = ORIENTED_EDGE ( 'NONE', *, *, #1506, .T. ) ;
#4644 = CARTESIAN_POINT ( 'NONE',  ( 5.562305207913788685, 7.655858294680387921, 31.58632992774394666 ) ) ;
#4645 = VECTOR ( 'NONE', #3635, 1000.000000000000000 ) ;
#4646 = ADVANCED_FACE ( 'NONE', ( #4988 ), #2529, .F. ) ;
#4647 = CARTESIAN_POINT ( 'NONE',  ( -9.000000398245257216, -1.063239678614364001E-15, 2.170629421745972287 ) ) ;
#4648 = DIRECTION ( 'NONE',  ( 0.0000000000000000000, 0.0000000000000000000, 1.000000000000000000 ) ) ;
#4649 = DIRECTION ( 'NONE',  ( 1.000000000000000000, 0.0000000000000000000, 0.0000000000000000000 ) ) ;
#4650 = LINE ( 'NONE', #2943, #7111 ) ;
#4651 = AXIS2_PLACEMENT_3D ( 'NONE', #7349, #1613, #29 ) ;
#4652 = VERTEX_POINT ( 'NONE', #1402 ) ;
#4653 = ORIENTED_EDGE ( 'NONE', *, *, #2833, .T. ) ;
#4654 = CARTESIAN_POINT ( 'NONE',  ( 1.390576998466199754, -4.279754153142062201, 35.38830828940002959 ) ) ;
#4655 = CARTESIAN_POINT ( 'NONE',  ( 0.0000000000000000000, 0.0000000000000000000, 0.0000000000000000000 ) ) ;
#4656 = CARTESIAN_POINT ( 'NONE',  ( 9.000000398245262545, -1.721070469397648466E-14, 44.79887165849601871 ) ) ;
#4657 = DIRECTION ( 'NONE',  ( 0.0000000000000000000, 0.0000000000000000000, 1.000000000000000000 ) ) ;
#4658 = CYLINDRICAL_SURFACE ( 'NONE', #31, 4.500000000000000888 ) ;
#4659 = DIRECTION ( 'NONE',  ( 0.0000000000000000000, 0.0000000000000000000, 1.000000000000000000 ) ) ;
#4660 = VERTEX_POINT ( 'NONE', #2055 ) ;
#4661 = DIRECTION ( 'NONE',  ( 0.0000000000000000000, 0.0000000000000000000, 1.000000000000000000 ) ) ;
#4662 = CARTESIAN_POINT ( 'NONE',  ( 0.0000000000000000000, 0.0000000000000000000, 0.0000000000000000000 ) ) ;
#4663 = FACE_OUTER_BOUND ( 'NONE', #5553, .T. ) ;
#4664 = CARTESIAN_POINT ( 'NONE',  ( -2.781152024881109686, -8.559509365782277612, 35.15788535839057261 ) ) ;
#4665 = ADVANCED_FACE ( 'NONE', ( #7362 ), #5003, .T. ) ;
#4666 = ORIENTED_EDGE ( 'NONE', *, *, #1326, .F. ) ;
#4667 = ORIENTED_EDGE ( 'NONE', *, *, #76, .F. ) ;
#4668 = CARTESIAN_POINT ( 'NONE',  ( -4.500000000000000888, 1.460763094872153347E-14, 32.39281014288113170 ) ) ;
#4669 = CARTESIAN_POINT ( 'NONE',  ( 0.0000000000000000000, 0.0000000000000000000, 0.0000000000000000000 ) ) ;
#4670 = CARTESIAN_POINT ( 'NONE',  ( -1.390576998466244607, 4.279754153142048878, 4.281212603122976468 ) ) ;
#4671 = CARTESIAN_POINT ( 'NONE',  ( -9.000000040356640696, -2.924278496961564944, 25.59533372149799391 ) ) ;
#4672 = DIRECTION ( 'NONE',  ( 0.0000000000000000000, 0.0000000000000000000, 1.000000000000000000 ) ) ;
#4673 = ORIENTED_EDGE ( 'NONE', *, *, #1075, .T. ) ;
#4674 = ORIENTED_EDGE ( 'NONE', *, *, #5629, .T. ) ;
#4675 = FACE_OUTER_BOUND ( 'NONE', #3137, .T. ) ;
#4676 = LINE ( 'NONE', #4040, #4932 ) ;
#4677 = DIRECTION ( 'NONE',  ( 0.0000000000000000000, 0.0000000000000000000, 1.000000000000000000 ) ) ;
#4678 = AXIS2_PLACEMENT_3D ( 'NONE', #2683, #7219, #2085 ) ;
#4679 = CARTESIAN_POINT ( 'NONE',  ( 4.500000178944222107, -1.462138082314279108, 37.77097230610341683 ) ) ;
#4680 = ORIENTED_EDGE ( 'NONE', *, *, #6058, .T. ) ;
#4681 = ORIENTED_EDGE ( 'NONE', *, *, #5431, .F. ) ;
#4682 = CARTESIAN_POINT ( 'NONE',  ( 2.781152480892316703, 3.827928977956386536, 54.36142333878449051 ) ) ;
#4683 = CARTESIAN_POINT ( 'NONE',  ( 0.0000000000000000000, 0.0000000000000000000, 0.0000000000000000000 ) ) ;
#4684 = AXIS2_PLACEMENT_3D ( 'NONE', #5835, #1785, #6881 ) ;
#4685 = CARTESIAN_POINT ( 'NONE',  ( -7.281153918988111151, 5.290066613608842339, 4.511635534132434344 ) ) ;
#4686 = VECTOR ( 'NONE', #4231, 1000.000000000000000 ) ;
#4687 = ORIENTED_EDGE ( 'NONE', *, *, #6490, .T. ) ;
#4688 = CARTESIAN_POINT ( 'NONE',  ( -4.499999821055702398, -1.462139183781884899, 43.76196851234935536 ) ) ;
#4689 = DIRECTION ( 'NONE',  ( 0.0000000000000000000, 0.0000000000000000000, 1.000000000000000000 ) ) ;
#4690 = ORIENTED_EDGE ( 'NONE', *, *, #562, .T. ) ;
#4691 = CARTESIAN_POINT ( 'NONE',  ( -4.500000000000000888, -3.914992510253091508E-15, 7.046287731840572555 ) ) ;
#4692 = ORIENTED_EDGE ( 'NONE', *, *, #6030, .T. ) ;
#4693 = ORIENTED_EDGE ( 'NONE', *, *, #4175, .T. ) ;
#4694 = EDGE_CURVE ( 'NONE', #7335, #7075, #1912, .T. ) ;
#4695 = DIRECTION ( 'NONE',  ( 0.0000000000000000000, 0.0000000000000000000, 1.000000000000000000 ) ) ;
#4696 = CARTESIAN_POINT ( 'NONE',  ( 7.281153918988119145, -5.290066613608830792, 21.52615566993650376 ) ) ;
#4697 = EDGE_CURVE ( 'NONE', #676, #5026, #46, .T. ) ;
#4698 = CARTESIAN_POINT ( 'NONE',  ( 9.000000398245260769, 0.0000000000000000000, 0.0000000000000000000 ) ) ;
#4699 = VERTEX_POINT ( 'NONE', #4858 ) ;
#4700 = ORIENTED_EDGE ( 'NONE', *, *, #7277, .F. ) ;
#4701 = CARTESIAN_POINT ( 'NONE',  ( -4.500000000000000000, -9.035108872691705829E-15, 41.34252769335412125 ) ) ;
#4702 = CARTESIAN_POINT ( 'NONE',  ( -5.562305207913749605, -7.655858294680417231, 16.60883941212906834 ) ) ;
#4703 = CARTESIAN_POINT ( 'NONE',  ( 9.000000398245193267, 1.101467699276142687E-06, 1.018514810094594880 ) ) ;
#4704 = PLANE ( 'NONE',  #4114 ) ;
#4705 = CARTESIAN_POINT ( 'NONE',  ( 3.640576150974022429, 2.645034080869125059, 33.50814808242840570 ) ) ;
#4706 = CYLINDRICAL_SURFACE ( 'NONE', #3017, 4.500000000000000888 ) ;
#4707 = ORIENTED_EDGE ( 'NONE', *, *, #4242, .T. ) ;
#4708 = ORIENTED_EDGE ( 'NONE', *, *, #1067, .T. ) ;
#4709 = CARTESIAN_POINT ( 'NONE',  ( 4.500000000000000888, 1.913662847263626960E-14, 22.02377824745545354 ) ) ;
#4710 = CARTESIAN_POINT ( 'NONE',  ( 2.781152480892343348, 3.827928977956366552, 52.05719402868990642 ) ) ;
#4711 = DIRECTION ( 'NONE',  ( 0.0000000000000000000, 0.0000000000000000000, 1.000000000000000000 ) ) ;
#4712 = EDGE_CURVE ( 'NONE', #4814, #1029, #4942, .T. ) ;
#4713 = LINE ( 'NONE', #5825, #2232 ) ;
#4714 = CARTESIAN_POINT ( 'NONE',  ( 1.390576998466195757, -4.279754153142063977, 44.60522552977842281 ) ) ;
#4715 = VERTEX_POINT ( 'NONE', #7188 ) ;
#4716 = AXIS2_PLACEMENT_3D ( 'NONE', #6865, #2547, #1770 ) ;
#4717 = VERTEX_POINT ( 'NONE', #1549 ) ;
#4718 = CYLINDRICAL_SURFACE ( 'NONE', #5004, 9.000000398245260769 ) ;
#4719 = ADVANCED_FACE ( 'NONE', ( #4956 ), #2473, .F. ) ;
#4720 = EDGE_CURVE ( 'NONE', #5689, #3335, #2539, .T. ) ;
#4721 = CARTESIAN_POINT ( 'NONE',  ( 5.562307081842421397, -7.655856933191540037, 33.19929044481016689 ) ) ;
#4722 = CARTESIAN_POINT ( 'NONE',  ( 7.281152624135212470, 5.290068395820961555, 56.55044118337437453 ) ) ;
#4723 = ORIENTED_EDGE ( 'NONE', *, *, #4078, .T. ) ;
#4724 = ORIENTED_EDGE ( 'NONE', *, *, #2113, .T. ) ;
#4725 = CARTESIAN_POINT ( 'NONE',  ( -9.000000398245260769, 1.102182168003596278E-15, 0.0000000000000000000 ) ) ;
#4726 = CARTESIAN_POINT ( 'NONE',  ( 4.500000178944233653, -1.462138082314243359, 51.86354785657641031 ) ) ;
#4727 = CARTESIAN_POINT ( 'NONE',  ( -5.790758108518699445E-07, 4.731580009072167137, 4.166001137618244421 ) ) ;
#4728 = CARTESIAN_POINT ( 'NONE',  ( -4.500000178944233653, 1.462138082314242027, 16.14799355011014725 ) ) ;
#4729 = VERTEX_POINT ( 'NONE', #2804 ) ;
#4730 = LINE ( 'NONE', #2964, #7225 ) ;
#4731 = EDGE_CURVE ( 'NONE', #594, #3305, #6222, .T. ) ;
#4732 = CARTESIAN_POINT ( 'NONE',  ( -5.562305207913744276, -7.655858294680419895, 12.00038079193987350 ) ) ;
#4733 = ADVANCED_FACE ( 'NONE', ( #5011 ), #5032, .T. ) ;
#4734 = ORIENTED_EDGE ( 'NONE', *, *, #3162, .F. ) ;
#4735 = ORIENTED_EDGE ( 'NONE', *, *, #6233, .F. ) ;
#4736 = AXIS2_PLACEMENT_3D ( 'NONE', #832, #2559, #297 ) ;
#4737 = CARTESIAN_POINT ( 'NONE',  ( 4.500000178944222107, -1.462138082314277110, 33.16251368591421311 ) ) ;
#4738 = CARTESIAN_POINT ( 'NONE',  ( -3.640576798400433578, 2.645033189763118742, 61.85016859659194921 ) ) ;
#4739 = EDGE_CURVE ( 'NONE', #1777, #269, #5989, .T. ) ;
#4740 = DIRECTION ( 'NONE',  ( 1.000000000000000000, 0.0000000000000000000, 0.0000000000000000000 ) ) ;
#4741 = CARTESIAN_POINT ( 'NONE',  ( 0.0000000000000000000, 0.0000000000000000000, 0.0000000000000000000 ) ) ;
#4742 = ORIENTED_EDGE ( 'NONE', *, *, #462, .F. ) ;
#4743 = CARTESIAN_POINT ( 'NONE',  ( -4.500000000000000888, 1.019890238627596959E-14, 23.17589290250274559 ) ) ;
#4744 = CARTESIAN_POINT ( 'NONE',  ( 0.0000000000000000000, 0.0000000000000000000, 0.0000000000000000000 ) ) ;
#4745 = CYLINDRICAL_SURFACE ( 'NONE', #1641, 9.000000398245260769 ) ;
#4746 = ORIENTED_EDGE ( 'NONE', *, *, #592, .F. ) ;
#4747 = CARTESIAN_POINT ( 'NONE',  ( 9.000000756133724522, -2.924276294026225909, 23.94559644553583055 ) ) ;
#4748 = AXIS2_PLACEMENT_3D ( 'NONE', #89, #2998, #6357 ) ;
#4749 = CARTESIAN_POINT ( 'NONE',  ( -9.000000040356662012, -2.924278496961504992, 20.71967541140339009 ) ) ;
#4750 = CARTESIAN_POINT ( 'NONE',  ( -2.781153417856677024, 3.827928297211929731, 57.39369820080342777 ) ) ;
#4751 = VERTEX_POINT ( 'NONE', #4451 ) ;
#4752 = CARTESIAN_POINT ( 'NONE',  ( 1.158151650996561507E-06, -9.463160436884182403, 2.746686792665541610 ) ) ;
#4753 = CARTESIAN_POINT ( 'NONE',  ( -1.390576998466238612, 4.279754153142050654, 27.05630601416353542 ) ) ;
#4754 = VECTOR ( 'NONE', #5380, 1000.000000000000000 ) ;
#4755 = CARTESIAN_POINT ( 'NONE',  ( -1.158151620291491809E-06, 9.463160436884182403, 49.98338764960477221 ) ) ;
#4756 = CARTESIAN_POINT ( 'NONE',  ( 2.781153417856673915, -3.827928297211932840, 7.585568343864195207 ) ) ;
#4757 = CARTESIAN_POINT ( 'NONE',  ( 4.500000000000000888, 0.0000000000000000000, 0.0000000000000000000 ) ) ;
#4758 = ORIENTED_EDGE ( 'NONE', *, *, #4487, .T. ) ;
#4759 = ADVANCED_FACE ( 'NONE', ( #5048 ), #173, .T. ) ;
#4760 = CARTESIAN_POINT ( 'NONE',  ( -5.790758042232959840E-07, 4.731580009072167137, 10.81148937799662946 ) ) ;
#4761 = ORIENTED_EDGE ( 'NONE', *, *, #5877, .F. ) ;
#4762 = CARTESIAN_POINT ( 'NONE',  ( 5.562305207913778915, 7.655858294680393250, 22.10221299746015333 ) ) ;
#4763 = DIRECTION ( 'NONE',  ( 0.0000000000000000000, 0.0000000000000000000, 1.000000000000000000 ) ) ;
#4764 = AXIS2_PLACEMENT_3D ( 'NONE', #1477, #1041, #578 ) ;
#4765 = DIRECTION ( 'NONE',  ( 0.0000000000000000000, 0.0000000000000000000, 1.000000000000000000 ) ) ;
#4766 = ORIENTED_EDGE ( 'NONE', *, *, #5454, .F. ) ;
#4767 = CARTESIAN_POINT ( 'NONE',  ( 1.146522415569626308, 4.351492427958213227, 64.99985808877012516 ) ) ;
#4768 = CYLINDRICAL_SURFACE ( 'NONE', #3899, 4.500000000000000888 ) ;
#4769 = CARTESIAN_POINT ( 'NONE',  ( 1.390576998466225067, -4.279754153142055095, 46.90945483987301401 ) ) ;
#4770 = ORIENTED_EDGE ( 'NONE', *, *, #4543, .T. ) ;
#4771 = CARTESIAN_POINT ( 'NONE',  ( 5.790757972318326743E-07, -4.731580009072167137, 14.53503303304393057 ) ) ;
#4772 = CARTESIAN_POINT ( 'NONE',  ( 9.000000756133692548, -2.924276294026322720, 58.50903609695478025 ) ) ;
#4773 = CARTESIAN_POINT ( 'NONE',  ( -9.000000398245260769, 1.102182168003596278E-15, 0.0000000000000000000 ) ) ;
#4774 = ORIENTED_EDGE ( 'NONE', *, *, #4365, .T. ) ;
#4775 = LINE ( 'NONE', #1826, #7197 ) ;
#4776 = ADVANCED_FACE ( 'NONE', ( #2750 ), #2597, .F. ) ;
#4777 = AXIS2_PLACEMENT_3D ( 'NONE', #1825, #2904, #3585 ) ;
#4778 = ORIENTED_EDGE ( 'NONE', *, *, #925, .F. ) ;
#4779 = EDGE_LOOP ( 'NONE', ( #3765, #5721, #3311, #3182 ) ) ;
#4780 = CARTESIAN_POINT ( 'NONE',  ( 9.000000756133731628, -2.924276294026199707, 63.11749471714396265 ) ) ;
#4781 = CARTESIAN_POINT ( 'NONE',  ( -2.781154119997064633, 8.559508685037839015, 41.14888156463652535 ) ) ;
#4782 = DIRECTION ( 'NONE',  ( 0.0000000000000000000, 0.0000000000000000000, 1.000000000000000000 ) ) ;
#4783 =( BOUNDED_CURVE ( )  B_SPLINE_CURVE ( 2, ( #259, #2575, #6487, #3599, #3740, #3034, #749, #6949, #5470, #4728, #3648 ),
 .UNSPECIFIED., .F., .F. ) 
 B_SPLINE_CURVE_WITH_KNOTS ( ( 3, 2, 2, 2, 2, 3 ),
 ( 0.2413793096619877288, 0.2448275862068965414, 0.2482758620689655138, 0.2517241379310344862, 0.2551724137931034586, 0.2586206889723325908 ),
 .UNSPECIFIED. ) 
 CURVE ( )  GEOMETRIC_REPRESENTATION_ITEM ( )  RATIONAL_B_SPLINE_CURVE ( ( 1.000000000000000000, 0.9510565162951535312, 1.000000000000000000, 0.9510565162951535312, 1.000000000000000000, 0.9510565162951535312, 1.000000000000000000, 0.9510565162951535312, 1.000000000000000000, 0.9510565162951535312, 1.000000000000000000 ) ) 
 REPRESENTATION_ITEM ( '' )  );
#4784 = DIRECTION ( 'NONE',  ( 1.000000000000000000, 0.0000000000000000000, 0.0000000000000000000 ) ) ;
#4785 = CARTESIAN_POINT ( 'NONE',  ( -9.000000398245260769, 1.102182168003596278E-15, 0.0000000000000000000 ) ) ;
#4786 = ORIENTED_EDGE ( 'NONE', *, *, #2216, .F. ) ;
#4787 = DIRECTION ( 'NONE',  ( 1.000000000000000000, 0.0000000000000000000, 0.0000000000000000000 ) ) ;
#4788 = CYLINDRICAL_SURFACE ( 'NONE', #3542, 4.500000000000000888 ) ;
#4789 = EDGE_CURVE ( 'NONE', #3624, #4599, #1010, .T. ) ;
#4790 = CARTESIAN_POINT ( 'NONE',  ( -7.281152624135215135, -5.290068395820958003, 28.01477449709732070 ) ) ;
#4791 =( BOUNDED_CURVE ( )  B_SPLINE_CURVE ( 2, ( #2110, #5002, #5597, #2325, #4404, #6288, #6147, #3415, #1195, #3465, #644 ),
 .UNSPECIFIED., .F., .F. ) 
 B_SPLINE_CURVE_WITH_KNOTS ( ( 3, 2, 2, 2, 2, 3 ),
 ( 0.6034482751792291655, 0.6068965517241379226, 0.6103448275862068950, 0.6137931034482758674, 0.6172413793103448398, 0.6206896544895739165 ),
 .UNSPECIFIED. ) 
 CURVE ( )  GEOMETRIC_REPRESENTATION_ITEM ( )  RATIONAL_B_SPLINE_CURVE ( ( 1.000000000000000000, 0.9510565162951535312, 1.000000000000000000, 0.9510565162951535312, 1.000000000000000000, 0.9510565162951535312, 1.000000000000000000, 0.9510565162951535312, 1.000000000000000000, 0.9510565162951535312, 1.000000000000000000 ) ) 
 REPRESENTATION_ITEM ( '' )  );
#4792 = DIRECTION ( 'NONE',  ( 0.0000000000000000000, 0.0000000000000000000, 1.000000000000000000 ) ) ;
#4793 = CYLINDRICAL_SURFACE ( 'NONE', #436, 4.500000000000000888 ) ;
#4794 = DIRECTION ( 'NONE',  ( 0.0000000000000000000, 0.0000000000000000000, 1.000000000000000000 ) ) ;
#4795 = CARTESIAN_POINT ( 'NONE',  ( 7.281153918988116480, -5.290066613608834345, 26.13461429012569681 ) ) ;
#4796 = ADVANCED_FACE ( 'NONE', ( #2615 ), #389, .F. ) ;
#4797 = EDGE_CURVE ( 'NONE', #2362, #5608, #5071, .T. ) ;
#4798 = CARTESIAN_POINT ( 'NONE',  ( 4.500000000000001776, 1.319678505115842145E-14, 61.19567651906360339 ) ) ;
#4799 = ORIENTED_EDGE ( 'NONE', *, *, #6750, .T. ) ;
#4800 = EDGE_LOOP ( 'NONE', ( #4642, #5803, #2862, #2856 ) ) ;
#4801 = DIRECTION ( 'NONE',  ( 0.0000000000000000000, 0.0000000000000000000, 1.000000000000000000 ) ) ;
#4802 = CARTESIAN_POINT ( 'NONE',  ( -4.500000000000000888, -7.701369548000596566E-15, 20.60446390250274362 ) ) ;
#4803 =( BOUNDED_CURVE ( )  B_SPLINE_CURVE ( 2, ( #2738, #3752, #3344, #6594, #6040, #1269, #5129, #5824, #2461, #1224, #6829 ),
 .UNSPECIFIED., .F., .F. ) 
 B_SPLINE_CURVE_WITH_KNOTS ( ( 3, 2, 2, 2, 2, 3 ),
 ( 0.2142857135784872746, 0.2178571428571428603, 0.2214285714285714191, 0.2250000000000000056, 0.2285714285714285643, 0.2321428564356301516 ),
 .UNSPECIFIED. ) 
 CURVE ( )  GEOMETRIC_REPRESENTATION_ITEM ( )  RATIONAL_B_SPLINE_CURVE ( ( 1.000000000000000000, 0.9510565162951535312, 1.000000000000000000, 0.9510565162951535312, 1.000000000000000000, 0.9510565162951535312, 1.000000000000000000, 0.9510565162951535312, 1.000000000000000000, 0.9510565162951535312, 1.000000000000000000 ) ) 
 REPRESENTATION_ITEM ( '' )  );
#4804 = CARTESIAN_POINT ( 'NONE',  ( -4.500000000000000888, 5.510910596163089556E-16, 0.0000000000000000000 ) ) ;
#4805 = ORIENTED_EDGE ( 'NONE', *, *, #7299, .F. ) ;
#4806 = CARTESIAN_POINT ( 'NONE',  ( 4.499999821055712168, 1.462139183781852925, 33.66013630682908087 ) ) ;
#4807 = DIRECTION ( 'NONE',  ( 0.0000000000000000000, 0.0000000000000000000, 1.000000000000000000 ) ) ;
#4808 = VECTOR ( 'NONE', #7316, 1000.000000000000000 ) ;
#4809 = CARTESIAN_POINT ( 'NONE',  ( 3.640576798400440239, -2.645033189763108528, 26.40181398003110402 ) ) ;
#4810 =( BOUNDED_CURVE ( )  B_SPLINE_CURVE ( 2, ( #5773, #4184, #6467, #3673, #7022, #240, #831, #2013, #4809, #1362, #7076 ),
 .UNSPECIFIED., .F., .F. ) 
 B_SPLINE_CURVE_WITH_KNOTS ( ( 3, 2, 2, 2, 2, 3 ),
 ( 0.3965517234550912096, 0.4000000000000000222, 0.4034482758620689391, 0.4068965517241379115, 0.4103448275862068839, 0.4137931027654360161 ),
 .UNSPECIFIED. ) 
 CURVE ( )  GEOMETRIC_REPRESENTATION_ITEM ( )  RATIONAL_B_SPLINE_CURVE ( ( 1.000000000000000000, 0.9510565162951535312, 1.000000000000000000, 0.9510565162951535312, 1.000000000000000000, 0.9510565162951535312, 1.000000000000000000, 0.9510565162951535312, 1.000000000000000000, 0.9510565162951535312, 1.000000000000000000 ) ) 
 REPRESENTATION_ITEM ( '' )  );
#4811 = CARTESIAN_POINT ( 'NONE',  ( 1.390576998466213521, -4.279754153142059536, 48.94648446006220155 ) ) ;
#4812 = LINE ( 'NONE', #1079, #7271 ) ;
#4813 = VERTEX_POINT ( 'NONE', #2970 ) ;
#4814 = VERTEX_POINT ( 'NONE', #5195 ) ;
#4815 =( BOUNDED_CURVE ( )  B_SPLINE_CURVE ( 2, ( #4861, #2659, #494, #7247, #5559, #5601, #1065, #3365, #3907, #5451, #4457 ),
 .UNSPECIFIED., .F., .F. ) 
 B_SPLINE_CURVE_WITH_KNOTS ( ( 3, 2, 2, 2, 2, 3 ),
 ( 0.8571428564356301516, 0.8607142857142857650, 0.8642857142857143238, 0.8678571428571428825, 0.8714285714285714413, 0.8749999992927730563 ),
 .UNSPECIFIED. ) 
 CURVE ( )  GEOMETRIC_REPRESENTATION_ITEM ( )  RATIONAL_B_SPLINE_CURVE ( ( 1.000000000000000000, 0.9510565162951535312, 1.000000000000000000, 0.9510565162951535312, 1.000000000000000000, 0.9510565162951535312, 1.000000000000000000, 0.9510565162951535312, 1.000000000000000000, 0.9510565162951535312, 1.000000000000000000 ) ) 
 REPRESENTATION_ITEM ( '' )  );
#4816 = CARTESIAN_POINT ( 'NONE',  ( -9.000000040356647801, -2.924278496961536966, 4.590070240741218832 ) ) ;
#4817 = DIRECTION ( 'NONE',  ( 1.000000000000000000, 0.0000000000000000000, 0.0000000000000000000 ) ) ;
#4818 = EDGE_CURVE ( 'NONE', #5671, #1203, #237, .T. ) ;
#4819 = CARTESIAN_POINT ( 'NONE',  ( 9.000000756133722746, -2.924276294026230349, 28.55405506572502006 ) ) ;
#4820 = VERTEX_POINT ( 'NONE', #3547 ) ;
#4821 = CYLINDRICAL_SURFACE ( 'NONE', #4954, 4.500000000000000888 ) ;
#4822 = CARTESIAN_POINT ( 'NONE',  ( 3.640576150974025094, 2.645034080869121063, 8.161625671387843894 ) ) ;
#4823 = FACE_OUTER_BOUND ( 'NONE', #5171, .T. ) ;
#4824 = CYLINDRICAL_SURFACE ( 'NONE', #6537, 4.500000000000000888 ) ;
#4825 = CARTESIAN_POINT ( 'NONE',  ( 4.500000000000000888, -5.784627267522990942E-15, 47.37030065849602067 ) ) ;
#4826 = ORIENTED_EDGE ( 'NONE', *, *, #6045, .F. ) ;
#4827 = ADVANCED_FACE ( 'NONE', ( #2581 ), #360, .F. ) ;
#4828 = ORIENTED_EDGE ( 'NONE', *, *, #6253, .F. ) ;
#4829 = CARTESIAN_POINT ( 'NONE',  ( 9.000000756133735180, -2.924276294026189937, 3.474732344589865463 ) ) ;
#4830 = CARTESIAN_POINT ( 'NONE',  ( -4.500000000000000000, -6.830744720715900912E-15, 45.95098631354331076 ) ) ;
#4831 = CARTESIAN_POINT ( 'NONE',  ( 9.000000398245260769, 0.0000000000000000000, 0.0000000000000000000 ) ) ;
#4832 = CARTESIAN_POINT ( 'NONE',  ( -5.562307081842439160, 7.655856933191528491, 43.56832234023584505 ) ) ;
#4833 = ORIENTED_EDGE ( 'NONE', *, *, #3060, .F. ) ;
#4834 = LINE ( 'NONE', #6281, #58 ) ;
#4835 = AXIS2_PLACEMENT_3D ( 'NONE', #3898, #6231, #6324 ) ;
#4836 = CARTESIAN_POINT ( 'NONE',  ( -2.781152480892343348, -3.827928977956366552, 18.64586903231825943 ) ) ;
#4837 = EDGE_CURVE ( 'NONE', #5577, #6445, #5058, .T. ) ;
#4838 = DIRECTION ( 'NONE',  ( -0.0000000000000000000, 0.0000000000000000000, 1.000000000000000000 ) ) ;
#4839 = ORIENTED_EDGE ( 'NONE', *, *, #919, .T. ) ;
#4840 = VERTEX_POINT ( 'NONE', #6887 ) ;
#4841 = DIRECTION ( 'NONE',  ( 0.0000000000000000000, 0.0000000000000000000, 1.000000000000000000 ) ) ;
#4842 = CARTESIAN_POINT ( 'NONE',  ( -9.000000756133706759, 2.924276294026274758, 41.49451596115071084 ) ) ;
#4843 = DIRECTION ( 'NONE',  ( 0.0000000000000000000, 0.0000000000000000000, 1.000000000000000000 ) ) ;
#4844 = CARTESIAN_POINT ( 'NONE',  ( 2.781153417856662813, -3.827928297211940833, 35.23632006499935443 ) ) ;
#4845 = CARTESIAN_POINT ( 'NONE',  ( -4.500000000000000888, 1.672744002475890153E-15, 6.779088041935164455 ) ) ;
#4846 = EDGE_LOOP ( 'NONE', ( #95, #150, #5653, #7338, #6430, #6656, #6561, #5082, #4 ) ) ;
#4847 = DIRECTION ( 'NONE',  ( 0.0000000000000000000, 0.0000000000000000000, 1.000000000000000000 ) ) ;
#4848 = LINE ( 'NONE', #4641, #7331 ) ;
#4849 = ADVANCED_FACE ( 'NONE', ( #5303 ), #2764, .F. ) ;
#4850 = DIRECTION ( 'NONE',  ( 1.000000000000000000, 0.0000000000000000000, 0.0000000000000000000 ) ) ;
#4851 = LINE ( 'NONE', #4423, #7240 ) ;
#4852 = DIRECTION ( 'NONE',  ( 1.000000000000000000, 0.0000000000000000000, 0.0000000000000000000 ) ) ;
#4853 = DIRECTION ( 'NONE',  ( 0.0000000000000000000, 0.0000000000000000000, 1.000000000000000000 ) ) ;
#4854 = AXIS2_PLACEMENT_3D ( 'NONE', #1336, #3184, #3642 ) ;
#4855 = ORIENTED_EDGE ( 'NONE', *, *, #2833, .F. ) ;
#4856 = DIRECTION ( 'NONE',  ( 0.0000000000000000000, 0.0000000000000000000, 1.000000000000000000 ) ) ;
#4857 = CARTESIAN_POINT ( 'NONE',  ( -9.000000398245257216, -6.585299652096002638E-15, 29.82138114288113329 ) ) ;
#4858 = CARTESIAN_POINT ( 'NONE',  ( -4.500000000000000888, -8.109244147548149357E-15, 11.65474635202976472 ) ) ;
#4859 = CARTESIAN_POINT ( 'NONE',  ( -7.281152624135305729, -5.290068395820832770, 55.66552621823247904 ) ) ;
#4860 = CARTESIAN_POINT ( 'NONE',  ( -1.390575950908307767, -4.279754493514254854, 48.71606152905274456 ) ) ;
#4861 = CARTESIAN_POINT ( 'NONE',  ( 4.500000000000000000, 1.785816063376426808E-14, 56.32001820896900313 ) ) ;
#4862 = AXIS2_PLACEMENT_3D ( 'NONE', #1774, #5820, #7070 ) ;
#4863 = ORIENTED_EDGE ( 'NONE', *, *, #7010, .F. ) ;
#4864 = CARTESIAN_POINT ( 'NONE',  ( 3.640576798400450453, -2.645033189763093873, 56.35679501126086421 ) ) ;
#4865 = VERTEX_POINT ( 'NONE', #1789 ) ;
#4866 = CARTESIAN_POINT ( 'NONE',  ( -9.000000398245257216, 1.141126179421490200E-15, 4.474858731840569703 ) ) ;
#4867 = CARTESIAN_POINT ( 'NONE',  ( 7.281153918988078289, -5.290066613608886747, 28.43884360022029512 ) ) ;
#4868 = ORIENTED_EDGE ( 'NONE', *, *, #741, .T. ) ;
#4869 = FACE_OUTER_BOUND ( 'NONE', #7254, .T. ) ;
#4870 = CARTESIAN_POINT ( 'NONE',  ( 3.640576150974022873, 2.645034080869124171, 1.248937741104053867 ) ) ;
#4871 = COLOUR_RGB ( '',0.4980392156862745168, 0.4980392156862745168, 0.4980392156862745168 ) ;
#4872 = ORIENTED_EDGE ( 'NONE', *, *, #298, .F. ) ;
#4873 = ORIENTED_EDGE ( 'NONE', *, *, #6919, .T. ) ;
#4874 = DIRECTION ( 'NONE',  ( 0.0000000000000000000, 0.0000000000000000000, 1.000000000000000000 ) ) ;
#4875 = CARTESIAN_POINT ( 'NONE',  ( -9.000000398245260769, 1.102182168003596278E-15, 0.0000000000000000000 ) ) ;
#4876 = CARTESIAN_POINT ( 'NONE',  ( 4.499999821055698845, 1.462139183781896890, 8.313613895788517283 ) ) ;
#4877 = AXIS2_PLACEMENT_3D ( 'NONE', #6937, #149, #737 ) ;
#4878 = CARTESIAN_POINT ( 'NONE',  ( 4.500000178944231877, -1.462138082314244247, 30.85828437581961836 ) ) ;
#4879 = EDGE_LOOP ( 'NONE', ( #2766, #3278, #3373, #2167 ) ) ;
#4880 = CARTESIAN_POINT ( 'NONE',  ( 4.499999821055703286, 1.462139183781882901, 14.95910213616690321 ) ) ;
#4881 = CYLINDRICAL_SURFACE ( 'NONE', #2710, 9.000000398245260769 ) ;
#4882 = CARTESIAN_POINT ( 'NONE',  ( 3.640576150974019765, 2.645034080869128168, 24.29123084205001959 ) ) ;
#4883 =( BOUNDED_CURVE ( )  B_SPLINE_CURVE ( 2, ( #5972, #1933, #155, #1833, #2568, #3593, #4150, #1283, #6985, #844, #2470 ),
 .UNSPECIFIED., .F., .F. ) 
 B_SPLINE_CURVE_WITH_KNOTS ( ( 3, 2, 2, 2, 2, 3 ),
 ( 0.1034482751792290961, 0.1068965517241379365, 0.1103448275862068950, 0.1137931034482758674, 0.1172413793103448260, 0.1206896544895739304 ),
 .UNSPECIFIED. ) 
 CURVE ( )  GEOMETRIC_REPRESENTATION_ITEM ( )  RATIONAL_B_SPLINE_CURVE ( ( 1.000000000000000000, 0.9510565162951535312, 1.000000000000000000, 0.9510565162951535312, 1.000000000000000000, 0.9510565162951535312, 1.000000000000000000, 0.9510565162951535312, 1.000000000000000000, 0.9510565162951535312, 1.000000000000000000 ) ) 
 REPRESENTATION_ITEM ( '' )  );
#4884 = CARTESIAN_POINT ( 'NONE',  ( 0.0000000000000000000, 0.0000000000000000000, 0.0000000000000000000 ) ) ;
#4885 = ORIENTED_EDGE ( 'NONE', *, *, #5527, .F. ) ;
#4886 = ORIENTED_EDGE ( 'NONE', *, *, #3412, .F. ) ;
#4887 = CARTESIAN_POINT ( 'NONE',  ( 7.281153918988111151, -5.290066613608841450, 35.35153153050408292 ) ) ;
#4888 = EDGE_CURVE ( 'NONE', #7033, #461, #4076, .T. ) ;
#4889 = DIRECTION ( 'NONE',  ( 1.000000000000000000, 0.0000000000000000000, 0.0000000000000000000 ) ) ;
#4890 = DIRECTION ( 'NONE',  ( 0.0000000000000000000, 0.0000000000000000000, 1.000000000000000000 ) ) ;
#4891 = CARTESIAN_POINT ( 'NONE',  ( -1.390575950908293112, -4.279754493514260183, 16.45685118772839317 ) ) ;
#4892 = CARTESIAN_POINT ( 'NONE',  ( -9.000000398245262545, 5.249167542000558224E-14, 48.25521562363792327 ) ) ;
#4893 = EDGE_LOOP ( 'NONE', ( #65, #7138, #5239, #5155 ) ) ;
#4894 = LINE ( 'NONE', #4581, #4808 ) ;
#4895 = CARTESIAN_POINT ( 'NONE',  ( 1.390576998466233505, -4.279754153142052431, 28.47562035911624179 ) ) ;
#4896 = EDGE_CURVE ( 'NONE', #3307, #5000, #5995, .T. ) ;
#4897 = CARTESIAN_POINT ( 'NONE',  ( 4.500000178944239870, -1.462138082314224485, 56.20480678686018905 ) ) ;
#4898 = PRESENTATION_STYLE_ASSIGNMENT (( #5087 ) ) ;
#4899 = CARTESIAN_POINT ( 'NONE',  ( 9.000000398245262545, 5.335118940199071414E-14, 37.88618372821222380 ) ) ;
#4900 = CARTESIAN_POINT ( 'NONE',  ( 2.781154119997047758, -8.559508685037844344, 25.90419135911623627 ) ) ;
#4901 = DIRECTION ( 'NONE',  ( 0.0000000000000000000, 0.0000000000000000000, 1.000000000000000000 ) ) ;
#4902 = ORIENTED_EDGE ( 'NONE', *, *, #5983, .T. ) ;
#4903 = EDGE_LOOP ( 'NONE', ( #3475, #171, #2578, #1659 ) ) ;
#4904 = CARTESIAN_POINT ( 'NONE',  ( 1.390575950908300440, 4.279754493514258407, 22.48462415287028904 ) ) ;
#4905 = CARTESIAN_POINT ( 'NONE',  ( 9.000000398245257216, -1.767384995216257524E-14, 22.02377824745544999 ) ) ;
#4906 = EDGE_CURVE ( 'NONE', #6114, #5577, #6686, .T. ) ;
#4907 = CARTESIAN_POINT ( 'NONE',  ( -3.640576798400421588, 2.645033189763133397, 57.50890966630816337 ) ) ;
#4908 = VERTEX_POINT ( 'NONE', #1804 ) ;
#4909 = CARTESIAN_POINT ( 'NONE',  ( -9.000000756133731628, 2.924276294026194822, 25.36491079048853692 ) ) ;
#4910 = ADVANCED_FACE ( 'NONE', ( #2734 ), #304, .F. ) ;
#4911 = CARTESIAN_POINT ( 'NONE',  ( -9.000000040356660236, -2.924278496961507212, 18.68264579121420610 ) ) ;
#4912 = VECTOR ( 'NONE', #4711, 1000.000000000000000 ) ;
#4913 = EDGE_CURVE ( 'NONE', #5584, #4940, #5099, .T. ) ;
#4914 = DIRECTION ( 'NONE',  ( 0.0000000000000000000, 0.0000000000000000000, 1.000000000000000000 ) ) ;
#4915 = ORIENTED_EDGE ( 'NONE', *, *, #5622, .F. ) ;
#4916 = ORIENTED_EDGE ( 'NONE', *, *, #3917, .F. ) ;
#4917 = AXIS2_PLACEMENT_3D ( 'NONE', #282, #3097, #2002 ) ;
#4918 = CARTESIAN_POINT ( 'NONE',  ( 9.000000040356647801, 2.924278496961539631, 17.26333144626149974 ) ) ;
#4919 = ORIENTED_EDGE ( 'NONE', *, *, #5479, .F. ) ;
#4920 = DIRECTION ( 'NONE',  ( 0.0000000000000000000, 0.0000000000000000000, 1.000000000000000000 ) ) ;
#4921 = CARTESIAN_POINT ( 'NONE',  ( 2.781152480892347345, 3.827928977956362555, 20.06518337727096224 ) ) ;
#4922 = VERTEX_POINT ( 'NONE', #4115 ) ;
#4923 = ORIENTED_EDGE ( 'NONE', *, *, #408, .T. ) ;
#4924 = CARTESIAN_POINT ( 'NONE',  ( -5.562307081842503997, 7.655856933191482305, 31.77997609985746408 ) ) ;
#4925 = CARTESIAN_POINT ( 'NONE',  ( -9.000000040356647801, -2.924278496961534746, 57.58734437291693098 ) ) ;
#4926 = CARTESIAN_POINT ( 'NONE',  ( -7.281153918988052531, 5.290066613608923163, 41.11210480574057158 ) ) ;
#4927 = CARTESIAN_POINT ( 'NONE',  ( 9.000000756133736957, -2.924276294026181944, 44.68366023638720463 ) ) ;
#4928 = CARTESIAN_POINT ( 'NONE',  ( 9.000000398245260769, 0.0000000000000000000, 0.0000000000000000000 ) ) ;
#4929 = EDGE_CURVE ( 'NONE', #5584, #6502, #6454, .T. ) ;
#4930 = ORIENTED_EDGE ( 'NONE', *, *, #3750, .F. ) ;
#4931 = CARTESIAN_POINT ( 'NONE',  ( -2.781153417856657040, 3.827928297211944830, 15.65037092919528305 ) ) ;
#4932 = VECTOR ( 'NONE', #2910, 1000.000000000000000 ) ;
#4933 = CARTESIAN_POINT ( 'NONE',  ( -9.000000398245260769, 1.102182168003596278E-15, -1.002286766284573367E-48 ) ) ;
#4934 = CARTESIAN_POINT ( 'NONE',  ( -5.562307081842457812, 7.655856933191514280, 20.25882954938447611 ) ) ;
#4935 = EDGE_LOOP ( 'NONE', ( #6557, #666, #5867, #405 ) ) ;
#4936 = VERTEX_POINT ( 'NONE', #5752 ) ;
#4937 = CARTESIAN_POINT ( 'NONE',  ( 9.000000398245262545, -8.393247155495060094E-15, 35.84915410802304336 ) ) ;
#4938 = CARTESIAN_POINT ( 'NONE',  ( -9.000000398245260769, 8.427901856910466183E-14, 34.69703945297572290 ) ) ;
#4939 = CARTESIAN_POINT ( 'NONE',  ( 9.000000398245257216, -2.869568844472633721E-14, 33.54492479792843795 ) ) ;
#4940 = VERTEX_POINT ( 'NONE', #4563 ) ;
#4941 = CARTESIAN_POINT ( 'NONE',  ( -1.390576998466230174, 4.279754153142054207, 45.49014049492031120 ) ) ;
#4942 = LINE ( 'NONE', #6560, #18 ) ;
#4943 =( NAMED_UNIT ( * ) PLANE_ANGLE_UNIT ( ) SI_UNIT ( $, .RADIAN. ) );
#4944 = DIRECTION ( 'NONE',  ( 0.0000000000000000000, 0.0000000000000000000, 1.000000000000000000 ) ) ;
#4945 = CARTESIAN_POINT ( 'NONE',  ( 5.986021724270769617, -7.329321208049878855, 65.47923424146689797 ) ) ;
#4946 = DIRECTION ( 'NONE',  ( 0.0000000000000000000, 0.0000000000000000000, 1.000000000000000000 ) ) ;
#4947 = CARTESIAN_POINT ( 'NONE',  ( 2.781153417856679244, -3.827928297211929287, 19.37391458424258417 ) ) ;
#4948 = ORIENTED_EDGE ( 'NONE', *, *, #5957, .F. ) ;
#4949 = ORIENTED_EDGE ( 'NONE', *, *, #2032, .T. ) ;
#4950 = CARTESIAN_POINT ( 'NONE',  ( 2.781152480892348233, 3.827928977956361667, 22.36941268736555344 ) ) ;
#4951 = CARTESIAN_POINT ( 'NONE',  ( 7.281152624135290630, 5.290068395820854974, 61.42609949346897480 ) ) ;
#4952 = CARTESIAN_POINT ( 'NONE',  ( -2.781152480892378431, -3.827928977956341239, 39.38393282316962285 ) ) ;
#4953 = EDGE_LOOP ( 'NONE', ( #4855, #3832, #2988, #1723 ) ) ;
#4954 = AXIS2_PLACEMENT_3D ( 'NONE', #2201, #2786, #3391 ) ;
#4955 = CARTESIAN_POINT ( 'NONE',  ( 4.500000178944226548, -1.462138082314264897, 31.12548406572502557 ) ) ;
#4956 = FACE_OUTER_BOUND ( 'NONE', #2561, .T. ) ;
#4957 = CARTESIAN_POINT ( 'NONE',  ( -9.000000398245262545, -4.011388604511430500E-14, 18.56743428231355963 ) ) ;
#4958 = CARTESIAN_POINT ( 'NONE',  ( 4.500000000000000888, -3.772523214954656500E-14, 58.62424751906360143 ) ) ;
#4959 = ORIENTED_EDGE ( 'NONE', *, *, #4789, .F. ) ;
#4960 = DIRECTION ( 'NONE',  ( 1.000000000000000000, 0.0000000000000000000, 0.0000000000000000000 ) ) ;
#4961 = EDGE_LOOP ( 'NONE', ( #498, #4038, #1579, #5538 ) ) ;
#4962 = CARTESIAN_POINT ( 'NONE',  ( -4.500000178944215889, 1.462138082314295984, 62.23257975200208847 ) ) ;
#4963 = ORIENTED_EDGE ( 'NONE', *, *, #4428, .T. ) ;
#4964 = ADVANCED_FACE ( 'NONE', ( #214 ), #336, .T. ) ;
#4965 = EDGE_CURVE ( 'NONE', #6338, #2942, #278, .T. ) ;
#4966 = CARTESIAN_POINT ( 'NONE',  ( -5.790758111445245923E-07, 4.731580009072167137, 20.29560630828042278 ) ) ;
#4967 = EDGE_CURVE ( 'NONE', #633, #2481, #139, .T. ) ;
#4968 = ORIENTED_EDGE ( 'NONE', *, *, #1253, .T. ) ;
#4969 = EDGE_LOOP ( 'NONE', ( #2947, #600, #565, #5791 ) ) ;
#4970 = CARTESIAN_POINT ( 'NONE',  ( -7.281152624135207141, -5.290068395820968661, 14.18939863652973976 ) ) ;
#4971 = DIRECTION ( 'NONE',  ( 0.0000000000000000000, 0.0000000000000000000, 1.000000000000000000 ) ) ;
#4972 = CARTESIAN_POINT ( 'NONE',  ( 9.000000398245262545, 5.335118940199071414E-14, 37.88618372821222380 ) ) ;
#4973 = DIRECTION ( 'NONE',  ( 0.0000000000000000000, 0.0000000000000000000, 1.000000000000000000 ) ) ;
#4974 = ORIENTED_EDGE ( 'NONE', *, *, #1873, .F. ) ;
#4975 = CARTESIAN_POINT ( 'NONE',  ( -7.281153918988109375, 5.290066613608845003, 6.548665154321625437 ) ) ;
#4976 = VECTOR ( 'NONE', #968, 1000.000000000000000 ) ;
#4977 = EDGE_CURVE ( 'NONE', #1600, #4583, #2814, .T. ) ;
#4978 = VECTOR ( 'NONE', #5070, 1000.000000000000000 ) ;
#4979 = ADVANCED_FACE ( 'NONE', ( #5110 ), #346, .T. ) ;
#4980 = ORIENTED_EDGE ( 'NONE', *, *, #2878, .T. ) ;
#4981 = CARTESIAN_POINT ( 'NONE',  ( 4.500000000000000888, 0.0000000000000000000, 0.0000000000000000000 ) ) ;
#4982 = CARTESIAN_POINT ( 'NONE',  ( -1.390576998466234615, 4.279754153142052431, 36.27322325454192509 ) ) ;
#4983 = EDGE_CURVE ( 'NONE', #1844, #3101, #291, .T. ) ;
#4984 = CARTESIAN_POINT ( 'NONE',  ( 5.790757752448668434E-07, -4.731580009072167137, 35.00589713398989034 ) ) ;
#4985 = CARTESIAN_POINT ( 'NONE',  ( -9.000000756133731628, 2.924276294026190826, 4.359647309731759179 ) ) ;
#4986 = ORIENTED_EDGE ( 'NONE', *, *, #1671, .T. ) ;
#4987 = CARTESIAN_POINT ( 'NONE',  ( -7.281152624135211582, -5.290068395820963332, 21.10208656681353290 ) ) ;
#4988 = FACE_OUTER_BOUND ( 'NONE', #758, .T. ) ;
#4989 = CARTESIAN_POINT ( 'NONE',  ( 3.485299193245398719, 2.846522357818918270, 66.05529156899054044 ) ) ;
#4990 = CARTESIAN_POINT ( 'NONE',  ( 0.0000000000000000000, 0.0000000000000000000, 0.0000000000000000000 ) ) ;
#4991 = LINE ( 'NONE', #5815, #5006 ) ;
#4992 = CARTESIAN_POINT ( 'NONE',  ( -4.500000000000000888, -7.701369548000596566E-15, 20.60446390250274362 ) ) ;
#4993 = CARTESIAN_POINT ( 'NONE',  ( -1.390576998466203973, 4.279754153142061313, 59.58271604539329758 ) ) ;
#4994 = CARTESIAN_POINT ( 'NONE',  ( -9.000000398245260769, 1.102182168003596278E-15, 0.0000000000000000000 ) ) ;
#4995 = ORIENTED_EDGE ( 'NONE', *, *, #5389, .F. ) ;
#4996 = VERTEX_POINT ( 'NONE', #1529 ) ;
#4997 = CARTESIAN_POINT ( 'NONE',  ( 0.0000000000000000000, 0.0000000000000000000, 0.0000000000000000000 ) ) ;
#4998 = CARTESIAN_POINT ( 'NONE',  ( 9.000000398245257216, -2.428695993397956635E-14, 28.93646617773923779 ) ) ;
#4999 = EDGE_CURVE ( 'NONE', #1291, #3026, #7167, .T. ) ;
#5000 = VERTEX_POINT ( 'NONE', #3835 ) ;
#5001 = CARTESIAN_POINT ( 'NONE',  ( -2.781152024881004436, -8.559509365782313139, 53.32452014924194117 ) ) ;
#5002 = CARTESIAN_POINT ( 'NONE',  ( -4.499999821055706839, -1.462139183781865803, 39.42070958206557663 ) ) ;
#5003 = CYLINDRICAL_SURFACE ( 'NONE', #885, 9.000000398245260769 ) ;
#5004 = AXIS2_PLACEMENT_3D ( 'NONE', #5926, #5833, #4817 ) ;
#5005 = CARTESIAN_POINT ( 'NONE',  ( -5.562307081842491563, 7.655856933191490299, 45.60535196042503259 ) ) ;
#5006 = VECTOR ( 'NONE', #6914, 1000.000000000000000 ) ;
#5007 = CARTESIAN_POINT ( 'NONE',  ( -9.000000398245260769, 1.102182168003596278E-15, 0.0000000000000000000 ) ) ;
#5008 = ORIENTED_EDGE ( 'NONE', *, *, #3980, .F. ) ;
#5009 = CARTESIAN_POINT ( 'NONE',  ( 9.000000398245257216, -2.428695993397956635E-14, 28.93646617773923779 ) ) ;
#5010 = EDGE_LOOP ( 'NONE', ( #6667, #8, #4761, #4288 ) ) ;
#5011 = FACE_OUTER_BOUND ( 'NONE', #4627, .T. ) ;
#5012 = FACE_OUTER_BOUND ( 'NONE', #5778, .T. ) ;
#5013 = AXIS2_PLACEMENT_3D ( 'NONE', #3072, #3179, #4239 ) ;
#5014 = CYLINDRICAL_SURFACE ( 'NONE', #4716, 4.500000000000000888 ) ;
#5015 = ORIENTED_EDGE ( 'NONE', *, *, #3242, .F. ) ;
#5016 = EDGE_CURVE ( 'NONE', #4936, #2472, #5135, .T. ) ;
#5017 = CARTESIAN_POINT ( 'NONE',  ( -4.500000000000000888, 5.510910596163089556E-16, 0.0000000000000000000 ) ) ;
#5018 = DIRECTION ( 'NONE',  ( 0.0000000000000000000, 0.0000000000000000000, 1.000000000000000000 ) ) ;
#5019 = CARTESIAN_POINT ( 'NONE',  ( -7.281153918988090723, 5.290066613608868984, 38.80787549564598038 ) ) ;
#5020 = CARTESIAN_POINT ( 'NONE',  ( -1.390575950908268021, -4.279754493514268177, 27.97799773820137759 ) ) ;
#5021 = ORIENTED_EDGE ( 'NONE', *, *, #833, .T. ) ;
#5022 = CARTESIAN_POINT ( 'NONE',  ( 9.000000398245193267, 1.101467676191543600E-06, 3.589943810094594401 ) ) ;
#5023 = ADVANCED_FACE ( 'NONE', ( #5149 ), #2698, .F. ) ;
#5024 =( BOUNDED_CURVE ( )  B_SPLINE_CURVE ( 2, ( #1702, #1748, #4551, #6104, #6658, #5148, #546, #441, #2168, #5740, #6986 ),
 .UNSPECIFIED., .F., .F. ) 
 B_SPLINE_CURVE_WITH_KNOTS ( ( 3, 2, 2, 2, 2, 3 ),
 ( 0.6896551717309532537, 0.6931034482758621218, 0.6965517241379309832, 0.6999999999999999556, 0.7034482758620689280, 0.7068965510412981157 ),
 .UNSPECIFIED. ) 
 CURVE ( )  GEOMETRIC_REPRESENTATION_ITEM ( )  RATIONAL_B_SPLINE_CURVE ( ( 1.000000000000000000, 0.9510565162951535312, 1.000000000000000000, 0.9510565162951535312, 1.000000000000000000, 0.9510565162951535312, 1.000000000000000000, 0.9510565162951535312, 1.000000000000000000, 0.9510565162951535312, 1.000000000000000000 ) ) 
 REPRESENTATION_ITEM ( '' )  );
#5025 = CARTESIAN_POINT ( 'NONE',  ( -4.499999821055703286, -1.462139183781882235, 4.857269930646625156 ) ) ;
#5026 = VERTEX_POINT ( 'NONE', #3748 ) ;
#5027 = DIRECTION ( 'NONE',  ( 1.000000000000000000, 0.0000000000000000000, 0.0000000000000000000 ) ) ;
#5028 = CARTESIAN_POINT ( 'NONE',  ( 5.562305207913751381, 7.655858294680415455, 52.05719402868990642 ) ) ;
#5029 =( BOUNDED_CURVE ( )  B_SPLINE_CURVE ( 2, ( #4866, #4816, #5925, #4369, #6063, #2563, #5452, #2064, #246, #1027, #1926 ),
 .UNSPECIFIED., .F., .F. ) 
 B_SPLINE_CURVE_WITH_KNOTS ( ( 3, 2, 2, 2, 2, 3 ),
 ( 0.05357142786420156927, 0.05714285714285714107, 0.06071428571428571369, 0.06428571428571427937, 0.06785714285714285199, 0.07142857072134442542 ),
 .UNSPECIFIED. ) 
 CURVE ( )  GEOMETRIC_REPRESENTATION_ITEM ( )  RATIONAL_B_SPLINE_CURVE ( ( 1.000000000000000000, 0.9510565162951535312, 1.000000000000000000, 0.9510565162951535312, 1.000000000000000000, 0.9510565162951535312, 1.000000000000000000, 0.9510565162951535312, 1.000000000000000000, 0.9510565162951535312, 1.000000000000000000 ) ) 
 REPRESENTATION_ITEM ( '' )  );
#5030 = ORIENTED_EDGE ( 'NONE', *, *, #2297, .T. ) ;
#5031 = CARTESIAN_POINT ( 'NONE',  ( 4.500000178944221219, -1.462138082314281773, 42.37943092629259922 ) ) ;
#5032 = CYLINDRICAL_SURFACE ( 'NONE', #1807, 9.000000398245260769 ) ;
#5033 = VECTOR ( 'NONE', #2354, 1000.000000000000000 ) ;
#5034 = CARTESIAN_POINT ( 'NONE',  ( -1.146522415570062625, -4.351492427960249820, 65.13359984495269828 ) ) ;
#5035 =( BOUNDED_CURVE ( )  B_SPLINE_CURVE ( 2, ( #6384, #3689, #849, #5203, #212, #116, #2433, #4106, #803, #4155, #5979 ),
 .UNSPECIFIED., .F., .F. ) 
 B_SPLINE_CURVE_WITH_KNOTS ( ( 3, 2, 2, 2, 2, 3 ),
 ( 0.2586206889723325908, 0.2620689655172414034, 0.2655172413793103203, 0.2689655172413792927, 0.2724137931034482651, 0.2758620682826773973 ),
 .UNSPECIFIED. ) 
 CURVE ( )  GEOMETRIC_REPRESENTATION_ITEM ( )  RATIONAL_B_SPLINE_CURVE ( ( 1.000000000000000000, 0.9510565162951535312, 1.000000000000000000, 0.9510565162951535312, 1.000000000000000000, 0.9510565162951535312, 1.000000000000000000, 0.9510565162951535312, 1.000000000000000000, 0.9510565162951535312, 1.000000000000000000 ) ) 
 REPRESENTATION_ITEM ( '' )  );
#5036 =( BOUNDED_CURVE ( )  B_SPLINE_CURVE ( 2, ( #2938, #6959, #5947, #2493, #79, #5808, #5903, #129, #4685, #3088, #6349 ),
 .UNSPECIFIED., .F., .F. ) 
 B_SPLINE_CURVE_WITH_KNOTS ( ( 3, 2, 2, 2, 2, 3 ),
 ( 0.03571428500705871312, 0.03928571428571428492, 0.04285714285714285754, 0.04642857142857143016, 0.05000000000000000278, 0.05357142786420156927 ),
 .UNSPECIFIED. ) 
 CURVE ( )  GEOMETRIC_REPRESENTATION_ITEM ( )  RATIONAL_B_SPLINE_CURVE ( ( 1.000000000000000000, 0.9510565162951535312, 1.000000000000000000, 0.9510565162951535312, 1.000000000000000000, 0.9510565162951535312, 1.000000000000000000, 0.9510565162951535312, 1.000000000000000000, 0.9510565162951535312, 1.000000000000000000 ) ) 
 REPRESENTATION_ITEM ( '' )  );
#5037 = CARTESIAN_POINT ( 'NONE',  ( -5.562305207913769145, -7.655858294680402132, 41.95536182316963192 ) ) ;
#5038 = CARTESIAN_POINT ( 'NONE',  ( 5.790757798804784757E-07, -4.731580009072167137, 25.78897989361150422 ) ) ;
#5039 = CARTESIAN_POINT ( 'NONE',  ( 2.781152480892373102, 3.827928977956344792, 58.96988195897369422 ) ) ;
#5040 = ORIENTED_EDGE ( 'NONE', *, *, #7203, .F. ) ;
#5041 = AXIS2_PLACEMENT_3D ( 'NONE', #4124, #3709, #1351 ) ;
#5042 = CARTESIAN_POINT ( 'NONE',  ( 4.500000000000000888, 0.0000000000000000000, 0.0000000000000000000 ) ) ;
#5043 =( BOUNDED_CURVE ( )  B_SPLINE_CURVE ( 2, ( #3103, #5959, #6512, #1218, #876, #2404, #6922, #3529, #6360, #3622, #4802 ),
 .UNSPECIFIED., .F., .F. ) 
 B_SPLINE_CURVE_WITH_KNOTS ( ( 3, 2, 2, 2, 2, 3 ),
 ( 0.2857142850070586992, 0.2892857142857143127, 0.2928571428571428714, 0.2964285714285714302, 0.2999999999999999889, 0.3035714278642015485 ),
 .UNSPECIFIED. ) 
 CURVE ( )  GEOMETRIC_REPRESENTATION_ITEM ( )  RATIONAL_B_SPLINE_CURVE ( ( 1.000000000000000000, 0.9510565162951535312, 1.000000000000000000, 0.9510565162951535312, 1.000000000000000000, 0.9510565162951535312, 1.000000000000000000, 0.9510565162951535312, 1.000000000000000000, 0.9510565162951535312, 1.000000000000000000 ) ) 
 REPRESENTATION_ITEM ( '' )  );
#5044 =( BOUNDED_CURVE ( )  B_SPLINE_CURVE ( 2, ( #5394, #2514, #5962, #3628, #295, #4755, #3108, #4230, #5340, #3766, #3722 ),
 .UNSPECIFIED., .F., .F. ) 
 B_SPLINE_CURVE_WITH_KNOTS ( ( 3, 2, 2, 2, 2, 3 ),
 ( 0.7499999992927729453, 0.7535714285714285587, 0.7571428571428571175, 0.7607142857142856762, 0.7642857142857142350, 0.7678571421499159610 ),
 .UNSPECIFIED. ) 
 CURVE ( )  GEOMETRIC_REPRESENTATION_ITEM ( )  RATIONAL_B_SPLINE_CURVE ( ( 1.000000000000000000, 0.9510565162951535312, 1.000000000000000000, 0.9510565162951535312, 1.000000000000000000, 0.9510565162951535312, 1.000000000000000000, 0.9510565162951535312, 1.000000000000000000, 0.9510565162951535312, 1.000000000000000000 ) ) 
 REPRESENTATION_ITEM ( '' )  );
#5045 = ORIENTED_EDGE ( 'NONE', *, *, #193, .T. ) ;
#5046 = CARTESIAN_POINT ( 'NONE',  ( 9.000000756133731628, -2.924276294026199707, 63.38469440704937341 ) ) ;
#5047 = CARTESIAN_POINT ( 'NONE',  ( -4.500000000000000888, 7.082204219686271611E-16, 30.08858083278653694 ) ) ;
#5048 = FACE_OUTER_BOUND ( 'NONE', #6278, .T. ) ;
#5049 = CARTESIAN_POINT ( 'NONE',  ( -4.500000178944222995, 1.462138082314278220, 25.36491079048853337 ) ) ;
#5050 = CARTESIAN_POINT ( 'NONE',  ( -1.390575950908292002, -4.279754493514260183, 37.46211466848517091 ) ) ;
#5051 = EDGE_LOOP ( 'NONE', ( #772, #939, #3340, #750 ) ) ;
#5052 = CARTESIAN_POINT ( 'NONE',  ( 1.158151627233194050E-06, -9.463160436884182403, 9.659374722949328529 ) ) ;
#5053 = CARTESIAN_POINT ( 'NONE',  ( -7.281153918988106710, 5.290066613608848556, 11.42432346441622393 ) ) ;
#5054 = EDGE_CURVE ( 'NONE', #2202, #577, #373, .T. ) ;
#5055 = CARTESIAN_POINT ( 'NONE',  ( 0.0000000000000000000, 0.0000000000000000000, 0.0000000000000000000 ) ) ;
#5056 = EDGE_CURVE ( 'NONE', #7267, #6951, #4067, .T. ) ;
#5057 = ORIENTED_EDGE ( 'NONE', *, *, #5352, .T. ) ;
#5058 = LINE ( 'NONE', #6376, #164 ) ;
#5059 = VECTOR ( 'NONE', #4792, 1000.000000000000000 ) ;
#5060 = CARTESIAN_POINT ( 'NONE',  ( 1.390575950908313096, 4.279754493514253078, 50.13537587400545448 ) ) ;
#5061 = VERTEX_POINT ( 'NONE', #5526 ) ;
#5062 = DIRECTION ( 'NONE',  ( 0.0000000000000000000, 0.0000000000000000000, 1.000000000000000000 ) ) ;
#5063 = CARTESIAN_POINT ( 'NONE',  ( -9.000000756133724522, 2.924276294026225909, 57.62412113181288476 ) ) ;
#5064 = CARTESIAN_POINT ( 'NONE',  ( -5.562305207913754934, -7.655858294680413678, 23.52152734241285970 ) ) ;
#5065 = CARTESIAN_POINT ( 'NONE',  ( 9.000000398245257216, -1.106077367795619885E-14, 14.84389062726625319 ) ) ;
#5066 = ADVANCED_FACE ( 'NONE', ( #2720 ), #501, .F. ) ;
#5067 = EDGE_CURVE ( 'NONE', #727, #1454, #3838, .T. ) ;
#5068 = EDGE_LOOP ( 'NONE', ( #4700, #4766, #5888, #7181 ) ) ;
#5069 = CYLINDRICAL_SURFACE ( 'NONE', #2916, 4.500000000000000888 ) ;
#5070 = DIRECTION ( 'NONE',  ( 0.0000000000000000000, 0.0000000000000000000, 1.000000000000000000 ) ) ;
#5071 = LINE ( 'NONE', #4602, #260 ) ;
#5072 = VECTOR ( 'NONE', #5222, 1000.000000000000000 ) ;
#5073 = EDGE_CURVE ( 'NONE', #1404, #284, #2896, .T. ) ;
#5074 = CARTESIAN_POINT ( 'NONE',  ( -5.562305207913893490, -7.655858294680313314, 60.38919630392638993 ) ) ;
#5075 = CYLINDRICAL_SURFACE ( 'NONE', #6109, 9.000000398245260769 ) ;
#5076 = ORIENTED_EDGE ( 'NONE', *, *, #2658, .F. ) ;
#5077 = PRODUCT_DEFINITION ( '??', '', #1008, #4206 ) ;
#5078 = DIRECTION ( 'NONE',  ( 0.0000000000000000000, 0.0000000000000000000, 1.000000000000000000 ) ) ;
#5079 = DIRECTION ( 'NONE',  ( 1.000000000000000000, 0.0000000000000000000, 0.0000000000000000000 ) ) ;
#5080 = CARTESIAN_POINT ( 'NONE',  ( -1.158151652155464363E-06, 9.463160436884182403, 1.594572137618243346 ) ) ;
#5081 = CARTESIAN_POINT ( 'NONE',  ( -7.281152624135204476, -5.290068395820972214, 9.580940016340546705 ) ) ;
#5082 = ORIENTED_EDGE ( 'NONE', *, *, #4720, .F. ) ;
#5083 = CYLINDRICAL_SURFACE ( 'NONE', #2179, 4.500000000000000888 ) ;
#5084 = CARTESIAN_POINT ( 'NONE',  ( -9.000000398245257216, -1.540273981978424174E-14, 20.87166359240815083 ) ) ;
#5085 = VECTOR ( 'NONE', #318, 1000.000000000000000 ) ;
#5086 = ADVANCED_FACE ( 'NONE', ( #5463 ), #3129, .F. ) ;
#5087 = SURFACE_STYLE_USAGE ( .BOTH. , #6136 ) ;
#5088 = CARTESIAN_POINT ( 'NONE',  ( 4.500000000000000888, -3.224811558795307152E-14, 35.84915410802303626 ) ) ;
#5089 = LINE ( 'NONE', #3974, #4978 ) ;
#5090 = DIRECTION ( 'NONE',  ( 0.0000000000000000000, 0.0000000000000000000, 1.000000000000000000 ) ) ;
#5091 = CARTESIAN_POINT ( 'NONE',  ( 4.500000000000000888, 0.0000000000000000000, 0.0000000000000000000 ) ) ;
#5092 = ORIENTED_EDGE ( 'NONE', *, *, #4906, .T. ) ;
#5093 = EDGE_CURVE ( 'NONE', #2614, #288, #452, .T. ) ;
#5094 = CARTESIAN_POINT ( 'NONE',  ( -1.390575950908250480, -4.279754493514273506, 12.11559225744460377 ) ) ;
#5095 = EDGE_CURVE ( 'NONE', #1777, #4163, #2979, .T. ) ;
#5096 = EDGE_LOOP ( 'NONE', ( #5678, #740, #5717, #853 ) ) ;
#5097 = CARTESIAN_POINT ( 'NONE',  ( -9.000000398245262545, -7.099719759156837703E-14, 52.86367424382710567 ) ) ;
#5098 = CARTESIAN_POINT ( 'NONE',  ( 4.500000000000000000, -4.196623319253583891E-15, 35.58195441811763260 ) ) ;
#5099 = LINE ( 'NONE', #3562, #2824 ) ;
#5100 = CARTESIAN_POINT ( 'NONE',  ( 1.158151648116876492E-06, -9.463160436884182403, 55.74396092484126086 ) ) ;
#5101 = CYLINDRICAL_SURFACE ( 'NONE', #1472, 9.000000398245260769 ) ;
#5102 = CARTESIAN_POINT ( 'NONE',  ( -9.000000398245262545, -4.353518856679617788E-16, 59.77636217411090769 ) ) ;
#5103 = EDGE_LOOP ( 'NONE', ( #386, #2586, #2533, #4948 ) ) ;
#5104 = CARTESIAN_POINT ( 'NONE',  ( -2.781153417856650378, 3.827928297211949271, 55.08946889070883657 ) ) ;
#5105 = CARTESIAN_POINT ( 'NONE',  ( 4.500000178944225659, -1.462138082314268450, 14.72867920515744444 ) ) ;
#5106 = DIRECTION ( 'NONE',  ( 0.0000000000000000000, 0.0000000000000000000, 1.000000000000000000 ) ) ;
#5107 = AXIS2_PLACEMENT_3D ( 'NONE', #1485, #2205, #2686 ) ;
#5108 = ORIENTED_EDGE ( 'NONE', *, *, #1412, .F. ) ;
#5109 = CYLINDRICAL_SURFACE ( 'NONE', #3882, 9.000000398245260769 ) ;
#5110 = FACE_OUTER_BOUND ( 'NONE', #1650, .T. ) ;
#5112 = LINE ( 'NONE', #2745, #5265 ) ;
#5111 = CARTESIAN_POINT ( 'NONE',  ( 2.781154119997085061, -8.559508685037831910, 51.25071377015679985 ) ) ;
#5113 = CARTESIAN_POINT ( 'NONE',  ( -4.500000000000000000, -3.108986873407374703E-14, 62.08059148420549178 ) ) ;
#5114 = ORIENTED_EDGE ( 'NONE', *, *, #6212, .F. ) ;
#5115 = CARTESIAN_POINT ( 'NONE',  ( -4.500000000000000000, -1.123947302466751154E-14, 36.73406907316493175 ) ) ;
#5116 = DIRECTION ( 'NONE',  ( 1.000000000000000000, 0.0000000000000000000, 0.0000000000000000000 ) ) ;
#5117 = CARTESIAN_POINT ( 'NONE',  ( 4.500000000000000000, 2.667559361532078101E-14, 37.88618372821222380 ) ) ;
#5118 = ORIENTED_EDGE ( 'NONE', *, *, #4097, .F. ) ;
#5119 = CARTESIAN_POINT ( 'NONE',  ( 0.0000000000000000000, 0.0000000000000000000, 65.00000000000001421 ) ) ;
#5120 =( BOUNDED_CURVE ( )  B_SPLINE_CURVE ( 2, ( #6765, #7350, #3477, #1171, #1661, #2827, #3430, #3821, #2881, #3286, #7306 ),
 .UNSPECIFIED., .F., .F. ) 
 B_SPLINE_CURVE_WITH_KNOTS ( ( 3, 2, 2, 2, 2, 3 ),
 ( 0.2758620682826773973, 0.2793103448275862100, 0.2827586206896551824, 0.2862068965517241548, 0.2896551724137931272, 0.2931034475930221483 ),
 .UNSPECIFIED. ) 
 CURVE ( )  GEOMETRIC_REPRESENTATION_ITEM ( )  RATIONAL_B_SPLINE_CURVE ( ( 1.000000000000000000, 0.9510565162951535312, 1.000000000000000000, 0.9510565162951535312, 1.000000000000000000, 0.9510565162951535312, 1.000000000000000000, 0.9510565162951535312, 1.000000000000000000, 0.9510565162951535312, 1.000000000000000000 ) ) 
 REPRESENTATION_ITEM ( '' )  );
#5121 = CARTESIAN_POINT ( 'NONE',  ( -9.000000398245262545, -6.217974015648454797E-14, 62.08059148420549178 ) ) ;
#5122 = CARTESIAN_POINT ( 'NONE',  ( -7.281152624135192042, -5.290068395820989977, 53.36129690813788784 ) ) ;
#5123 = VECTOR ( 'NONE', #2350, 1000.000000000000000 ) ;
#5124 = CARTESIAN_POINT ( 'NONE',  ( -7.281152624135212470, -5.290068395820961555, 23.13911618700272044 ) ) ;
#5125 =( BOUNDED_CURVE ( )  B_SPLINE_CURVE ( 2, ( #2246, #6915, #5122, #1214, #1728, #135, #3527, #770, #5715, #1771, #3618 ),
 .UNSPECIFIED., .F., .F. ) 
 B_SPLINE_CURVE_WITH_KNOTS ( ( 3, 2, 2, 2, 2, 3 ),
 ( 0.8035714278642016595, 0.8071428571428571619, 0.8107142857142857206, 0.8142857142857142794, 0.8178571428571428381, 0.8214285707213444532 ),
 .UNSPECIFIED. ) 
 CURVE ( )  GEOMETRIC_REPRESENTATION_ITEM ( )  RATIONAL_B_SPLINE_CURVE ( ( 1.000000000000000000, 0.9510565162951535312, 1.000000000000000000, 0.9510565162951535312, 1.000000000000000000, 0.9510565162951535312, 1.000000000000000000, 0.9510565162951535312, 1.000000000000000000, 0.9510565162951535312, 1.000000000000000000 ) ) 
 REPRESENTATION_ITEM ( '' )  );
#5126 = ORIENTED_EDGE ( 'NONE', *, *, #3426, .F. ) ;
#5127 = ORIENTED_EDGE ( 'NONE', *, *, #7092, .T. ) ;
#5128 = ADVANCED_FACE ( 'NONE', ( #558 ), #529, .T. ) ;
#5129 = CARTESIAN_POINT ( 'NONE',  ( -2.781154119997026442, 8.559508685037851450, 15.53515946369055278 ) ) ;
#5130 = CARTESIAN_POINT ( 'NONE',  ( 2.781152480892369105, 3.827928977956347456, 49.75296471859531522 ) ) ;
#5131 = CARTESIAN_POINT ( 'NONE',  ( -4.500000000000000888, 1.672744002475890153E-15, 6.779088041935164455 ) ) ;
#5132 = VERTEX_POINT ( 'NONE', #4162 ) ;
#5133 = VECTOR ( 'NONE', #3146, 1000.000000000000000 ) ;
#5134 = CARTESIAN_POINT ( 'NONE',  ( -1.390576998466205305, 4.279754153142061313, 33.96899394444732678 ) ) ;
#5135 = LINE ( 'NONE', #4981, #226 ) ;
#5136 = EDGE_CURVE ( 'NONE', #4406, #4729, #1902, .T. ) ;
#5137 = CARTESIAN_POINT ( 'NONE',  ( -3.485299193245398719, -2.846522357818918270, 64.90317691394324129 ) ) ;
#5138 = FACE_OUTER_BOUND ( 'NONE', #3074, .T. ) ;
#5139 = CARTESIAN_POINT ( 'NONE',  ( 5.562307081842412515, -7.655856933191547142, 42.41620768518853879 ) ) ;
#5140 = DIRECTION ( 'NONE',  ( -1.000000000000000000, 0.0000000000000000000, 0.0000000000000000000 ) ) ;
#5141 = AXIS2_PLACEMENT_3D ( 'NONE', #3226, #3063, #5400 ) ;
#5142 = DIRECTION ( 'NONE',  ( 1.000000000000000000, 0.0000000000000000000, 0.0000000000000000000 ) ) ;
#5143 = ORIENTED_EDGE ( 'NONE', *, *, #548, .T. ) ;
#5144 = CARTESIAN_POINT ( 'NONE',  ( 0.0000000000000000000, 0.0000000000000000000, 0.0000000000000000000 ) ) ;
#5145 = ORIENTED_EDGE ( 'NONE', *, *, #1221, .F. ) ;
#5146 = VECTOR ( 'NONE', #1093, 1000.000000000000000 ) ;
#5147 =( NAMED_UNIT ( * ) PLANE_ANGLE_UNIT ( ) SI_UNIT ( $, .RADIAN. ) );
#5148 = CARTESIAN_POINT ( 'NONE',  ( -5.790757647766950741E-07, 4.731580009072167137, 45.64212871932098636 ) ) ;
#5149 = FACE_OUTER_BOUND ( 'NONE', #6482, .T. ) ;
#5150 = ADVANCED_FACE ( 'NONE', ( #2953 ), #5398, .T. ) ;
#5151 = CARTESIAN_POINT ( 'NONE',  ( 9.000000398245262545, 3.571632292188978650E-14, 56.32001820896900313 ) ) ;
#5152 = EDGE_CURVE ( 'NONE', #5174, #1497, #2898, .T. ) ;
#5153 = CYLINDRICAL_SURFACE ( 'NONE', #916, 4.500000000000000888 ) ;
#5154 = CARTESIAN_POINT ( 'NONE',  ( 4.499999821055698845, 1.462139183781895557, 10.61784320588311736 ) ) ;
#5155 = ORIENTED_EDGE ( 'NONE', *, *, #648, .F. ) ;
#5156 = DIRECTION ( 'NONE',  ( 0.0000000000000000000, 0.0000000000000000000, 1.000000000000000000 ) ) ;
#5157 = EDGE_CURVE ( 'NONE', #765, #6402, #5590, .T. ) ;
#5158 = CARTESIAN_POINT ( 'NONE',  ( 9.000000756133738733, -2.924276294026177059, 40.07520161619800092 ) ) ;
#5159 = CARTESIAN_POINT ( 'NONE',  ( -3.640576798400427361, 2.645033189763126291, 39.07507518555138404 ) ) ;
#5160 = EDGE_LOOP ( 'NONE', ( #908, #3438, #7235, #891 ) ) ;
#5161 = ORIENTED_EDGE ( 'NONE', *, *, #5922, .F. ) ;
#5162 = CARTESIAN_POINT ( 'NONE',  ( 0.0000000000000000000, 0.0000000000000000000, 0.0000000000000000000 ) ) ;
#5163 = CARTESIAN_POINT ( 'NONE',  ( 2.781153417856688570, -3.827928297211922626, 63.15427147603991642 ) ) ;
#5164 = EDGE_CURVE ( 'NONE', #6322, #4865, #5524, .T. ) ;
#5165 = EDGE_LOOP ( 'NONE', ( #87, #4277, #6891, #255 ) ) ;
#5166 = CARTESIAN_POINT ( 'NONE',  ( 2.781152480892344236, 3.827928977956364776, 13.15249544698717088 ) ) ;
#5167 = CARTESIAN_POINT ( 'NONE',  ( -5.562305207913821548, -7.655858294680364828, 39.65113251307503361 ) ) ;
#5168 = CARTESIAN_POINT ( 'NONE',  ( -1.158151546098274855E-06, 9.463160436884182403, 57.16327526979397078 ) ) ;
#5169 = CARTESIAN_POINT ( 'NONE',  ( 9.000000398245257216, -2.243306420102374438E-15, 5.894173076793274291 ) ) ;
#5170 = CARTESIAN_POINT ( 'NONE',  ( -4.500000000000000000, 3.065456513507497961E-14, 57.47213286401629517 ) ) ;
#5171 = EDGE_LOOP ( 'NONE', ( #615, #4064, #5448, #5406 ) ) ;
#5172 = CARTESIAN_POINT ( 'NONE',  ( -2.781152024881051510, -8.559509365782298929, 37.19491497857976015 ) ) ;
#5173 = EDGE_CURVE ( 'NONE', #2439, #2691, #2884, .T. ) ;
#5174 = VERTEX_POINT ( 'NONE', #3085 ) ;
#5175 = CARTESIAN_POINT ( 'NONE',  ( -1.390575950908329972, -4.279754493514248637, 53.59171983914734483 ) ) ;
#5176 = CARTESIAN_POINT ( 'NONE',  ( 0.0000000000000000000, 0.0000000000000000000, 0.0000000000000000000 ) ) ;
#5177 = ORIENTED_EDGE ( 'NONE', *, *, #1070, .F. ) ;
#5178 = CARTESIAN_POINT ( 'NONE',  ( -9.000000398245257216, -6.585299652096002638E-15, 29.82138114288113329 ) ) ;
#5179 = CARTESIAN_POINT ( 'NONE',  ( -4.500000000000000000, -4.626421720976368835E-15, 50.55944493373250737 ) ) ;
#5180 = ORIENTED_EDGE ( 'NONE', *, *, #3922, .F. ) ;
#5181 = CARTESIAN_POINT ( 'NONE',  ( 4.499999821055702398, 1.462139183781884899, 10.35064351597771015 ) ) ;
#5182 = CARTESIAN_POINT ( 'NONE',  ( 4.500000000000000888, -2.223840223273468081E-15, 7.931202696982466271 ) ) ;
#5183 = ORIENTED_EDGE ( 'NONE', *, *, #5827, .F. ) ;
#5184 = DIRECTION ( 'NONE',  ( 0.0000000000000000000, 0.0000000000000000000, 1.000000000000000000 ) ) ;
#5185 = CARTESIAN_POINT ( 'NONE',  ( 2.781153417856677468, -3.827928297211929731, 21.67814389433717537 ) ) ;
#5186 = LINE ( 'NONE', #6602, #2752 ) ;
#5187 = CARTESIAN_POINT ( 'NONE',  ( -9.000000398245262545, -1.807021815897372425E-14, 41.60972738325951781 ) ) ;
#5188 = CARTESIAN_POINT ( 'NONE',  ( 0.0000000000000000000, 0.0000000000000000000, 65.00000000000001421 ) ) ;
#5189 = CARTESIAN_POINT ( 'NONE',  ( -9.000000398245260769, 4.016953110638495178E-14, 55.16790355392169687 ) ) ;
#5190 = ORIENTED_EDGE ( 'NONE', *, *, #6841, .T. ) ;
#5191 = EDGE_CURVE ( 'NONE', #2614, #4608, #6682, .T. ) ;
#5192 = CARTESIAN_POINT ( 'NONE',  ( -9.000000398245260769, 1.102182168003596278E-15, 0.0000000000000000000 ) ) ;
#5193 = ORIENTED_EDGE ( 'NONE', *, *, #4501, .T. ) ;
#5194 = ADVANCED_FACE ( 'NONE', ( #5422 ), #2937, .T. ) ;
#5195 = CARTESIAN_POINT ( 'NONE',  ( 4.500000000000000888, 2.023881062617235724E-14, 19.71954893736085523 ) ) ;
#5196 = ORIENTED_EDGE ( 'NONE', *, *, #4504, .F. ) ;
#5197 = FACE_OUTER_BOUND ( 'NONE', #3325, .T. ) ;
#5198 = DIRECTION ( 'NONE',  ( 0.0000000000000000000, 0.0000000000000000000, 1.000000000000000000 ) ) ;
#5199 = CARTESIAN_POINT ( 'NONE',  ( 9.000000040356702868, 2.924278496961375318, 56.43522971786963893 ) ) ;
#5200 = CARTESIAN_POINT ( 'NONE',  ( 5.562305207913698091, 7.655858294680454534, 54.62862302868990838 ) ) ;
#5201 = DIRECTION ( 'NONE',  ( 1.000000000000000000, 0.0000000000000000000, 0.0000000000000000000 ) ) ;
#5202 = CARTESIAN_POINT ( 'NONE',  ( 4.500000000000000888, -2.890776809701765880E-14, 40.19041303830680789 ) ) ;
#5203 = CARTESIAN_POINT ( 'NONE',  ( -2.781152480892332690, -3.827928977956373657, 16.60883941212906834 ) ) ;
#5204 = CARTESIAN_POINT ( 'NONE',  ( 7.281153918988116480, -5.290066613608834345, 26.40181398003110402 ) ) ;
#5205 = CARTESIAN_POINT ( 'NONE',  ( -9.000000398245257216, 7.754206589531009626E-15, 11.65474635202976472 ) ) ;
#5206 = ORIENTED_EDGE ( 'NONE', *, *, #1235, .T. ) ;
#5207 = ORIENTED_EDGE ( 'NONE', *, *, #5152, .F. ) ;
#5208 = FACE_OUTER_BOUND ( 'NONE', #3077, .T. ) ;
#5209 = CARTESIAN_POINT ( 'NONE',  ( -1.390575950908263803, -4.279754493514269065, 18.76108049782298792 ) ) ;
#5210 = ADVANCED_FACE ( 'NONE', ( #2989 ), #2854, .T. ) ;
#5211 = CARTESIAN_POINT ( 'NONE',  ( 9.000000040356647801, 2.924278496961536966, 22.13898975635610000 ) ) ;
#5212 = DIRECTION ( 'NONE',  ( 1.000000000000000000, 0.0000000000000000000, 0.0000000000000000000 ) ) ;
#5213 = ORIENTED_EDGE ( 'NONE', *, *, #5016, .F. ) ;
#5214 = CARTESIAN_POINT ( 'NONE',  ( 5.562307081842470247, -7.655856933191505398, 40.11197837509395470 ) ) ;
#5215 = CARTESIAN_POINT ( 'NONE',  ( 4.500000000000000888, -7.734750784158750414E-15, 19.45234924745544447 ) ) ;
#5216 = CARTESIAN_POINT ( 'NONE',  ( 3.640576798400407377, -2.645033189763153825, 53.78536601126085515 ) ) ;
#5217 = CARTESIAN_POINT ( 'NONE',  ( 4.499999821055705063, 1.462139183781872021, 38.00139523711287382 ) ) ;
#5218 = ORIENTED_EDGE ( 'NONE', *, *, #7217, .T. ) ;
#5219 = CARTESIAN_POINT ( 'NONE',  ( -9.000000040356665565, -2.924278496961490337, 36.84928058206556756 ) ) ;
#5220 = ORIENTED_EDGE ( 'NONE', *, *, #7348, .F. ) ;
#5221 = VECTOR ( 'NONE', #5878, 1000.000000000000000 ) ;
#5222 = DIRECTION ( 'NONE',  ( 0.0000000000000000000, 0.0000000000000000000, 1.000000000000000000 ) ) ;
#5223 = DIRECTION ( 'NONE',  ( 1.000000000000000000, 0.0000000000000000000, 0.0000000000000000000 ) ) ;
#5224 = VECTOR ( 'NONE', #5441, 1000.000000000000000 ) ;
#5225 = CARTESIAN_POINT ( 'NONE',  ( -5.562307081842450707, 7.655856933191518721, 29.47574678976285867 ) ) ;
#5226 = EDGE_LOOP ( 'NONE', ( #927, #3423, #7029, #739 ) ) ;
#5227 = CARTESIAN_POINT ( 'NONE',  ( -1.158151643469549970E-06, 9.463160436884182403, 26.94109454865879627 ) ) ;
#5228 = AXIS2_PLACEMENT_3D ( 'NONE', #1096, #4944, #3351 ) ;
#5229 = DIRECTION ( 'NONE',  ( 1.000000000000000000, 0.0000000000000000000, 0.0000000000000000000 ) ) ;
#5230 = ORIENTED_EDGE ( 'NONE', *, *, #7198, .F. ) ;
#5231 = CARTESIAN_POINT ( 'NONE',  ( 0.0000000000000000000, 0.0000000000000000000, 0.0000000000000000000 ) ) ;
#5232 = ORIENTED_EDGE ( 'NONE', *, *, #6326, .T. ) ;
#5233 = CARTESIAN_POINT ( 'NONE',  ( -9.000000040356665565, -2.924278496961490337, 37.11648027197097832 ) ) ;
#5234 = CARTESIAN_POINT ( 'NONE',  ( -4.164351562469715162, -5.817353242098414867, 64.99994179302174757 ) ) ;
#5235 = CARTESIAN_POINT ( 'NONE',  ( 4.500000000000000888, 0.0000000000000000000, 0.0000000000000000000 ) ) ;
#5236 = CARTESIAN_POINT ( 'NONE',  ( 9.000000398245260769, 0.0000000000000000000, 0.0000000000000000000 ) ) ;
#5237 = ORIENTED_EDGE ( 'NONE', *, *, #2297, .F. ) ;
#5238 = CARTESIAN_POINT ( 'NONE',  ( -2.781153417856624621, 3.827928297211968811, 52.78523958061423826 ) ) ;
#5239 = ORIENTED_EDGE ( 'NONE', *, *, #4731, .T. ) ;
#5240 = EDGE_CURVE ( 'NONE', #1677, #3818, #6461, .T. ) ;
#5241 = DIRECTION ( 'NONE',  ( 1.000000000000000000, 0.0000000000000000000, 0.0000000000000000000 ) ) ;
#5242 = ORIENTED_EDGE ( 'NONE', *, *, #4015, .F. ) ;
#5243 = CYLINDRICAL_SURFACE ( 'NONE', #3093, 4.500000000000000888 ) ;
#5244 = DIRECTION ( 'NONE',  ( 1.000000000000000000, 0.0000000000000000000, 0.0000000000000000000 ) ) ;
#5245 = DIRECTION ( 'NONE',  ( 0.0000000000000000000, 0.0000000000000000000, 1.000000000000000000 ) ) ;
#5246 = CARTESIAN_POINT ( 'NONE',  ( 9.000000398245262545, -3.484561915055386176E-14, 63.49990582915819459 ) ) ;
#5247 = EDGE_CURVE ( 'NONE', #965, #7267, #2911, .T. ) ;
#5248 = CARTESIAN_POINT ( 'NONE',  ( -4.500000000000000888, -9.905738352867439391E-15, 15.99600528231355590 ) ) ;
#5249 = EDGE_LOOP ( 'NONE', ( #3655, #4129, #7297, #3161, #1117, #6532, #1045, #1270, #4055 ) ) ;
#5250 = CARTESIAN_POINT ( 'NONE',  ( 2.781152480892334911, 3.827928977956372325, 3.935578206608786100 ) ) ;
#5251 = DIRECTION ( 'NONE',  ( 0.0000000000000000000, 0.0000000000000000000, 1.000000000000000000 ) ) ;
#5252 = CARTESIAN_POINT ( 'NONE',  ( -4.500000000000000888, -3.292649670951633310E-15, 29.82138114288113329 ) ) ;
#5253 = VERTEX_POINT ( 'NONE', #338 ) ;
#5254 = ADVANCED_FACE ( 'NONE', ( #5367 ), #415, .T. ) ;
#5255 = EDGE_LOOP ( 'NONE', ( #6525, #4439, #6443, #1569 ) ) ;
#5256 = LINE ( 'NONE', #3474, #2822 ) ;
#5257 = EDGE_CURVE ( 'NONE', #6095, #3434, #2630, .T. ) ;
#5258 = CARTESIAN_POINT ( 'NONE',  ( -4.500000000000000000, -2.005694219537652417E-14, 18.30023459240814887 ) ) ;
#5259 = CARTESIAN_POINT ( 'NONE',  ( 9.000000398245260769, 0.0000000000000000000, 0.0000000000000000000 ) ) ;
#5260 = CARTESIAN_POINT ( 'NONE',  ( -1.390576998466226177, 4.279754153142055095, 54.70705773529869020 ) ) ;
#5261 = CARTESIAN_POINT ( 'NONE',  ( 4.500000000000000888, 0.0000000000000000000, 0.0000000000000000000 ) ) ;
#5262 = ORIENTED_EDGE ( 'NONE', *, *, #6665, .F. ) ;
#5263 = EDGE_CURVE ( 'NONE', #3570, #3916, #1441, .T. ) ;
#5264 = CARTESIAN_POINT ( 'NONE',  ( -9.000000398245262545, -1.807021815897372425E-14, 41.34252769335412125 ) ) ;
#5265 = VECTOR ( 'NONE', #6646, 1000.000000000000000 ) ;
#5266 = CARTESIAN_POINT ( 'NONE',  ( -2.781152480892342460, -3.827928977956367440, 16.34163972222365757 ) ) ;
#5267 = CARTESIAN_POINT ( 'NONE',  ( -3.640576798400444236, 2.645033189763103643, 22.67827032498380291 ) ) ;
#5268 = ORIENTED_EDGE ( 'NONE', *, *, #3027, .F. ) ;
#5269 = CARTESIAN_POINT ( 'NONE',  ( 7.281153918988113816, -5.290066613608837898, 31.01027260022029708 ) ) ;
#5270 = EDGE_LOOP ( 'NONE', ( #3801, #1551, #4930, #3902 ) ) ;
#5271 = VECTOR ( 'NONE', #6416, 1000.000000000000000 ) ;
#5272 =( BOUNDED_CURVE ( )  B_SPLINE_CURVE ( 2, ( #3057, #1502, #5388, #2555, #3760, #4179, #2653 ),
 .UNSPECIFIED., .F., .F. ) 
 B_SPLINE_CURVE_WITH_KNOTS ( ( 3, 2, 2, 3 ),
 ( 0.9655172406964706022, 0.9689655172413793593, 0.9724137931034482207, 0.9727279399305929219 ),
 .UNSPECIFIED. ) 
 CURVE ( )  GEOMETRIC_REPRESENTATION_ITEM ( )  RATIONAL_B_SPLINE_CURVE ( ( 1.000000000000000000, 0.9510565162951535312, 1.000000000000000000, 0.9510565162951535312, 1.000000000000000000, 0.9955411223665671105, 0.9918946752446125004 ) ) 
 REPRESENTATION_ITEM ( '' )  );
#5273 = CARTESIAN_POINT ( 'NONE',  ( -1.390575950908263358, -4.279754493514269953, 7.507133637255410719 ) ) ;
#5274 = VECTOR ( 'NONE', #4661, 1000.000000000000000 ) ;
#5275 = ADVANCED_FACE ( 'NONE', ( #3067 ), #2877, .F. ) ;
#5276 = DIRECTION ( 'NONE',  ( 1.000000000000000000, 0.0000000000000000000, 0.0000000000000000000 ) ) ;
#5277 = LINE ( 'NONE', #4226, #2629 ) ;
#5278 =( BOUNDED_CURVE ( )  B_SPLINE_CURVE ( 2, ( #5178, #5670, #6219, #4525, #6773, #1133, #2839, #3442, #3978, #5771, #186 ),
 .UNSPECIFIED., .F., .F. ) 
 B_SPLINE_CURVE_WITH_KNOTS ( ( 3, 2, 2, 2, 2, 3 ),
 ( 0.4464285707213444532, 0.4500000000000000111, 0.4535714285714285698, 0.4571428571428571286, 0.4607142857142856873, 0.4642857135784873024 ),
 .UNSPECIFIED. ) 
 CURVE ( )  GEOMETRIC_REPRESENTATION_ITEM ( )  RATIONAL_B_SPLINE_CURVE ( ( 1.000000000000000000, 0.9510565162951535312, 1.000000000000000000, 0.9510565162951535312, 1.000000000000000000, 0.9510565162951535312, 1.000000000000000000, 0.9510565162951535312, 1.000000000000000000, 0.9510565162951535312, 1.000000000000000000 ) ) 
 REPRESENTATION_ITEM ( '' )  );
#5279 = CARTESIAN_POINT ( 'NONE',  ( -2.781152480892328693, -3.827928977956375434, 9.696151481845275200 ) ) ;
#5280 = FACE_OUTER_BOUND ( 'NONE', #734, .T. ) ;
#5281 = CARTESIAN_POINT ( 'NONE',  ( 0.0000000000000000000, 0.0000000000000000000, 0.0000000000000000000 ) ) ;
#5282 = CARTESIAN_POINT ( 'NONE',  ( -7.281152624135200035, -5.290068395820977543, 2.401052396151352131 ) ) ;
#5283 = ORIENTED_EDGE ( 'NONE', *, *, #4003, .T. ) ;
#5284 = CARTESIAN_POINT ( 'NONE',  ( -9.000000398245257216, -1.981147701592761480E-14, 16.26320497221895423 ) ) ;
#5285 =( BOUNDED_CURVE ( )  B_SPLINE_CURVE ( 2, ( #6477, #840, #3119, #3682, #4236, #3176, #1464, #3727, #4867, #4819, #1280 ),
 .UNSPECIFIED., .F., .F. ) 
 B_SPLINE_CURVE_WITH_KNOTS ( ( 3, 2, 2, 2, 2, 3 ),
 ( 0.4107142850070587548, 0.4142857142857143127, 0.4178571428571428714, 0.4214285714285714302, 0.4249999999999999889, 0.4285714278642015485 ),
 .UNSPECIFIED. ) 
 CURVE ( )  GEOMETRIC_REPRESENTATION_ITEM ( )  RATIONAL_B_SPLINE_CURVE ( ( 1.000000000000000000, 0.9510565162951535312, 1.000000000000000000, 0.9510565162951535312, 1.000000000000000000, 0.9510565162951535312, 1.000000000000000000, 0.9510565162951535312, 1.000000000000000000, 0.9510565162951535312, 1.000000000000000000 ) ) 
 REPRESENTATION_ITEM ( '' )  );
#5286 = CARTESIAN_POINT ( 'NONE',  ( -2.781152024881059504, -8.559509365782295376, 46.67903190886355702 ) ) ;
#5287 = CARTESIAN_POINT ( 'NONE',  ( -2.781152480892403744, -3.827928977956322143, 58.08496699383180584 ) ) ;
#5288 = ORIENTED_EDGE ( 'NONE', *, *, #7003, .F. ) ;
#5289 = CARTESIAN_POINT ( 'NONE',  ( 4.500000000000000888, 0.0000000000000000000, 0.0000000000000000000 ) ) ;
#5290 = EDGE_CURVE ( 'NONE', #2402, #3284, #655, .T. ) ;
#5291 =( BOUNDED_CURVE ( )  B_SPLINE_CURVE ( 2, ( #1707, #4458, #5560, #5745, #5654, #6752, #551, #2331, #3031, #1841, #2531 ),
 .UNSPECIFIED., .F., .F. ) 
 B_SPLINE_CURVE_WITH_KNOTS ( ( 3, 2, 2, 2, 2, 3 ),
 ( 0.5357142850070587548, 0.5392857142857142572, 0.5428571428571428159, 0.5464285714285713746, 0.5500000000000000444, 0.5535714278642016595 ),
 .UNSPECIFIED. ) 
 CURVE ( )  GEOMETRIC_REPRESENTATION_ITEM ( )  RATIONAL_B_SPLINE_CURVE ( ( 1.000000000000000000, 0.9510565162951535312, 1.000000000000000000, 0.9510565162951535312, 1.000000000000000000, 0.9510565162951535312, 1.000000000000000000, 0.9510565162951535312, 1.000000000000000000, 0.9510565162951535312, 1.000000000000000000 ) ) 
 REPRESENTATION_ITEM ( '' )  );
#5292 = CARTESIAN_POINT ( 'NONE',  ( 2.293044932606338904, 8.702985241022945573, 65.00000000000001421 ) ) ;
#5293 =( BOUNDED_CURVE ( )  B_SPLINE_CURVE ( 2, ( #5756, #2991, #1388, #5167, #1348, #6499, #4623, #5214, #812, #761, #4565 ),
 .UNSPECIFIED., .F., .F. ) 
 B_SPLINE_CURVE_WITH_KNOTS ( ( 3, 2, 2, 2, 2, 3 ),
 ( 0.5892857135784873579, 0.5928571428571428603, 0.5964285714285714191, 0.5999999999999999778, 0.6035714285714285365, 0.6071428564356300406 ),
 .UNSPECIFIED. ) 
 CURVE ( )  GEOMETRIC_REPRESENTATION_ITEM ( )  RATIONAL_B_SPLINE_CURVE ( ( 1.000000000000000000, 0.9510565162951535312, 1.000000000000000000, 0.9510565162951535312, 1.000000000000000000, 0.9510565162951535312, 1.000000000000000000, 0.9510565162951535312, 1.000000000000000000, 0.9510565162951535312, 1.000000000000000000 ) ) 
 REPRESENTATION_ITEM ( '' )  );
#5294 = CARTESIAN_POINT ( 'NONE',  ( -4.499999821055708615, -1.462139183781863805, 20.71967541140339009 ) ) ;
#5295 = CARTESIAN_POINT ( 'NONE',  ( -4.500000000000000888, -6.474055334682263966E-16, 13.69177597221895759 ) ) ;
#5296 = VERTEX_POINT ( 'NONE', #2705 ) ;
#5297 = CYLINDRICAL_SURFACE ( 'NONE', #5228, 9.000000398245260769 ) ;
#5298 = CARTESIAN_POINT ( 'NONE',  ( 2.781153417856641052, -3.827928297211956821, 44.72043699528313709 ) ) ;
#5299 = ORIENTED_EDGE ( 'NONE', *, *, #820, .F. ) ;
#5300 = ORIENTED_EDGE ( 'NONE', *, *, #5157, .F. ) ;
#5301 = DIRECTION ( 'NONE',  ( 0.0000000000000000000, 0.0000000000000000000, 1.000000000000000000 ) ) ;
#5302 = CARTESIAN_POINT ( 'NONE',  ( -4.500000000000000888, -5.904884389969432247E-15, 16.26320497221895778 ) ) ;
#5303 = FACE_OUTER_BOUND ( 'NONE', #1710, .T. ) ;
#5304 = CARTESIAN_POINT ( 'NONE',  ( -3.640576798400445124, 2.645033189763101422, 41.37930449564598945 ) ) ;
#5305 = ADVANCED_FACE ( 'NONE', ( #3087 ), #643, .F. ) ;
#5306 = AXIS2_PLACEMENT_3D ( 'NONE', #3782, #5518, #7351 ) ;
#5307 = DIRECTION ( 'NONE',  ( 0.0000000000000000000, 0.0000000000000000000, 1.000000000000000000 ) ) ;
#5308 = FACE_OUTER_BOUND ( 'NONE', #5255, .T. ) ;
#5309 = CARTESIAN_POINT ( 'NONE',  ( 3.640576798400414482, -2.645033189763143611, 51.74833639107166761 ) ) ;
#5310 = ORIENTED_EDGE ( 'NONE', *, *, #3980, .T. ) ;
#5311 = FACE_OUTER_BOUND ( 'NONE', #5509, .T. ) ;
#5312 = ORIENTED_EDGE ( 'NONE', *, *, #4428, .F. ) ;
#5313 = ORIENTED_EDGE ( 'NONE', *, *, #5550, .F. ) ;
#5314 = CARTESIAN_POINT ( 'NONE',  ( 9.000000756133728075, -2.924276294026215250, 12.69164958496824980 ) ) ;
#5315 = AXIS2_PLACEMENT_3D ( 'NONE', #1102, #4094, #2801 ) ;
#5316 = CARTESIAN_POINT ( 'NONE',  ( 2.781154119997093943, -8.559508685037830134, 42.03379652977841374 ) ) ;
#5317 = CARTESIAN_POINT ( 'NONE',  ( 7.281153918988140461, -5.290066613608801482, 51.48113670116626395 ) ) ;
#5318 = CARTESIAN_POINT ( 'NONE',  ( -9.000000756133736957, 2.924276294026181944, 11.27233524001554876 ) ) ;
#5319 = ORIENTED_EDGE ( 'NONE', *, *, #6064, .F. ) ;
#5320 = CARTESIAN_POINT ( 'NONE',  ( -9.000000398245260769, 1.102182168003596278E-15, 0.0000000000000000000 ) ) ;
#5321 = CYLINDRICAL_SURFACE ( 'NONE', #3377, 4.500000000000000888 ) ;
#5322 = CARTESIAN_POINT ( 'NONE',  ( 4.500000000000000888, 0.0000000000000000000, 0.0000000000000000000 ) ) ;
#5323 = CARTESIAN_POINT ( 'NONE',  ( -5.562307081842454259, 7.655856933191517832, 24.86728816957366206 ) ) ;
#5324 = CARTESIAN_POINT ( 'NONE',  ( 3.640576150974009995, 2.645034080869141935, 13.03728398148244239 ) ) ;
#5325 = VERTEX_POINT ( 'NONE', #2225 ) ;
#5326 = ADVANCED_FACE ( 'NONE', ( #3104 ), #2926, .F. ) ;
#5327 = DIRECTION ( 'NONE',  ( 0.0000000000000000000, 0.0000000000000000000, 1.000000000000000000 ) ) ;
#5328 = ORIENTED_EDGE ( 'NONE', *, *, #6296, .F. ) ;
#5329 = VECTOR ( 'NONE', #5776, 1000.000000000000000 ) ;
#5330 = CARTESIAN_POINT ( 'NONE',  ( -2.781152480892358003, -3.827928977956355006, 55.51353799383179677 ) ) ;
#5331 = DIRECTION ( 'NONE',  ( 0.0000000000000000000, 0.0000000000000000000, 1.000000000000000000 ) ) ;
#5332 = EDGE_CURVE ( 'NONE', #3445, #2942, #475, .T. ) ;
#5333 = CARTESIAN_POINT ( 'NONE',  ( 0.0000000000000000000, 0.0000000000000000000, 0.0000000000000000000 ) ) ;
#5334 = CARTESIAN_POINT ( 'NONE',  ( 9.000000398245257216, -2.428695993397956635E-14, 28.66926648783383058 ) ) ;
#5335 = ORIENTED_EDGE ( 'NONE', *, *, #6822, .T. ) ;
#5336 = EDGE_CURVE ( 'NONE', #2362, #3954, #4791, .T. ) ;
#5337 = CARTESIAN_POINT ( 'NONE',  ( 5.562307081842486234, -7.655856933191494740, 2.977109723675000819 ) ) ;
#5338 = ORIENTED_EDGE ( 'NONE', *, *, #5807, .F. ) ;
#5339 = CARTESIAN_POINT ( 'NONE',  ( 2.781154119997055751, -8.559508685037842568, 16.95447380864325737 ) ) ;
#5340 = CARTESIAN_POINT ( 'NONE',  ( -7.281153918988046314, 5.290066613608930268, 50.32902204611896479 ) ) ;
#5341 = CARTESIAN_POINT ( 'NONE',  ( 4.500000178944226548, -1.462138082314264897, 7.815991274873654859 ) ) ;
#5342 = ORIENTED_EDGE ( 'NONE', *, *, #5877, .T. ) ;
#5343 = VECTOR ( 'NONE', #5344, 1000.000000000000000 ) ;
#5344 = DIRECTION ( 'NONE',  ( 0.0000000000000000000, 0.0000000000000000000, 1.000000000000000000 ) ) ;
#5345 = ADVANCED_FACE ( 'NONE', ( #3175 ), #5651, .F. ) ;
#5346 = CARTESIAN_POINT ( 'NONE',  ( 4.500000000000000888, 0.0000000000000000000, 0.0000000000000000000 ) ) ;
#5347 = CARTESIAN_POINT ( 'NONE',  ( -3.145228402595196204, -4.392338199744183491, 64.99988654427926349 ) ) ;
#5348 = EDGE_CURVE ( 'NONE', #3186, #1497, #5612, .T. ) ;
#5349 = CYLINDRICAL_SURFACE ( 'NONE', #6200, 9.000000398245260769 ) ;
#5350 = CARTESIAN_POINT ( 'NONE',  ( -5.562307081842436496, 7.655856933191532043, 48.17678096042502744 ) ) ;
#5351 = VERTEX_POINT ( 'NONE', #5098 ) ;
#5352 = EDGE_CURVE ( 'NONE', #5026, #3041, #271, .T. ) ;
#5353 = EDGE_LOOP ( 'NONE', ( #702, #3350, #5057, #1161 ) ) ;
#5354 = VECTOR ( 'NONE', #1505, 1000.000000000000000 ) ;
#5355 = CARTESIAN_POINT ( 'NONE',  ( 4.500000000000000888, 0.0000000000000000000, 0.0000000000000000000 ) ) ;
#5356 = CARTESIAN_POINT ( 'NONE',  ( 2.781153417856612631, -3.827928297211977693, 47.02466630537774250 ) ) ;
#5357 = VECTOR ( 'NONE', #1346, 1000.000000000000000 ) ;
#5358 = DIRECTION ( 'NONE',  ( 1.000000000000000000, 0.0000000000000000000, 0.0000000000000000000 ) ) ;
#5359 = CARTESIAN_POINT ( 'NONE',  ( 4.500000000000000000, 2.226686520797158987E-14, 47.10310096859061701 ) ) ;
#5360 = DIRECTION ( 'NONE',  ( 0.0000000000000000000, 0.0000000000000000000, 1.000000000000000000 ) ) ;
#5361 = CARTESIAN_POINT ( 'NONE',  ( 5.790757775626726595E-07, -4.731580009072167137, 30.39743851380069728 ) ) ;
#5362 = ORIENTED_EDGE ( 'NONE', *, *, #1942, .T. ) ;
#5363 = VERTEX_POINT ( 'NONE', #64 ) ;
#5364 = CYLINDRICAL_SURFACE ( 'NONE', #1300, 9.000000398245260769 ) ;
#5365 = EDGE_CURVE ( 'NONE', #3792, #5253, #5024, .T. ) ;
#5366 = CARTESIAN_POINT ( 'NONE',  ( 4.500000000000000888, -1.214347924320673299E-14, 28.66926648783383058 ) ) ;
#5367 = FACE_OUTER_BOUND ( 'NONE', #6514, .T. ) ;
#5368 = CARTESIAN_POINT ( 'NONE',  ( -7.281153918988101381, 5.290066613608854773, 20.37404101488920816 ) ) ;
#5369 = ADVANCED_FACE ( 'NONE', ( #731 ), #893, .T. ) ;
#5370 = AXIS2_PLACEMENT_3D ( 'NONE', #5731, #2848, #2746 ) ;
#5371 = CARTESIAN_POINT ( 'NONE',  ( -5.562307081842495116, 7.655856933191485858, 41.26409303014125385 ) ) ;
#5372 = ORIENTED_EDGE ( 'NONE', *, *, #708, .F. ) ;
#5373 = CARTESIAN_POINT ( 'NONE',  ( -4.500000178944230100, 1.462138082314254461, 2.055417999637162652 ) ) ;
#5374 = CARTESIAN_POINT ( 'NONE',  ( 9.000000398245262545, 4.242103829863659045E-16, 26.63223686764464659 ) ) ;
#5375 = CARTESIAN_POINT ( 'NONE',  ( -1.158151647519852730E-06, 9.463160436884182403, 6.470230447712840061 ) ) ;
#5376 = ORIENTED_EDGE ( 'NONE', *, *, #5807, .T. ) ;
#5377 = CARTESIAN_POINT ( 'NONE',  ( -9.000000040356640696, -2.924278496961560059, 30.20379234168718696 ) ) ;
#5378 = ORIENTED_EDGE ( 'NONE', *, *, #5136, .F. ) ;
#5379 = CARTESIAN_POINT ( 'NONE',  ( 4.500000000000000888, 3.363895565672463791E-15, 8.198402386887869042 ) ) ;
#5380 = DIRECTION ( 'NONE',  ( 0.0000000000000000000, 0.0000000000000000000, 1.000000000000000000 ) ) ;
#5381 = DIRECTION ( 'NONE',  ( 0.0000000000000000000, 0.0000000000000000000, 1.000000000000000000 ) ) ;
#5382 = CARTESIAN_POINT ( 'NONE',  ( 5.562305207913706084, 7.655858294680448317, 63.57834057916289794 ) ) ;
#5383 = DIRECTION ( 'NONE',  ( 0.0000000000000000000, 0.0000000000000000000, 1.000000000000000000 ) ) ;
#5384 = AXIS2_PLACEMENT_3D ( 'NONE', #2144, #3749, #5426 ) ;
#5385 = CARTESIAN_POINT ( 'NONE',  ( -7.281152624135211582, -5.290068395820963332, 20.83488687690812569 ) ) ;
#5386 = VERTEX_POINT ( 'NONE', #696 ) ;
#5387 = CYLINDRICAL_SURFACE ( 'NONE', #3747, 9.000000398245260769 ) ;
#5388 = CARTESIAN_POINT ( 'NONE',  ( 3.640576150974024650, 2.645034080869122395, 63.73032880356356600 ) ) ;
#5389 = EDGE_CURVE ( 'NONE', #1419, #3960, #2139, .T. ) ;
#5390 = CARTESIAN_POINT ( 'NONE',  ( 3.640576150974034864, 2.645034080869107740, 33.77534777233381647 ) ) ;
#5391 = ORIENTED_EDGE ( 'NONE', *, *, #4187, .T. ) ;
#5392 = CARTESIAN_POINT ( 'NONE',  ( 5.562305207913781580, 7.655858294680391474, 24.67364199746015530 ) ) ;
#5393 = ADVANCED_FACE ( 'NONE', ( #883 ), #807, .F. ) ;
#5394 = CARTESIAN_POINT ( 'NONE',  ( 9.000000398245260769, -6.663304491431817256E-14, 49.40733027868520111 ) ) ;
#5395 = CARTESIAN_POINT ( 'NONE',  ( 0.0000000000000000000, 0.0000000000000000000, 0.0000000000000000000 ) ) ;
#5396 = VERTEX_POINT ( 'NONE', #1284 ) ;
#5397 = CARTESIAN_POINT ( 'NONE',  ( 1.390576998466233505, -4.279754153142053319, 5.166127568264868408 ) ) ;
#5398 = CYLINDRICAL_SURFACE ( 'NONE', #956, 9.000000398245260769 ) ;
#5399 = CARTESIAN_POINT ( 'NONE',  ( 0.0000000000000000000, 0.0000000000000000000, 0.0000000000000000000 ) ) ;
#5400 = DIRECTION ( 'NONE',  ( 1.000000000000000000, 0.0000000000000000000, 0.0000000000000000000 ) ) ;
#5401 = ORIENTED_EDGE ( 'NONE', *, *, #4324, .T. ) ;
#5402 = AXIS2_PLACEMENT_3D ( 'NONE', #2249, #92, #5276 ) ;
#5403 = SHAPE_DEFINITION_REPRESENTATION ( #2434, #2498 ) ;
#5404 = VERTEX_POINT ( 'NONE', #5302 ) ;
#5405 = AXIS2_PLACEMENT_3D ( 'NONE', #3953, #5742, #1241 ) ;
#5406 = ORIENTED_EDGE ( 'NONE', *, *, #1928, .T. ) ;
#5407 = CYLINDRICAL_SURFACE ( 'NONE', #3000, 4.500000000000000888 ) ;
#5408 = DIRECTION ( 'NONE',  ( 1.000000000000000000, 0.0000000000000000000, 0.0000000000000000000 ) ) ;
#5409 = VECTOR ( 'NONE', #3859, 1000.000000000000000 ) ;
#5410 = CARTESIAN_POINT ( 'NONE',  ( -9.000000398245260769, 1.102182168003596278E-15, 0.0000000000000000000 ) ) ;
#5411 = CARTESIAN_POINT ( 'NONE',  ( 5.790758030702507852E-07, -4.731580009072167137, 46.52704368446288186 ) ) ;
#5412 = ORIENTED_EDGE ( 'NONE', *, *, #7104, .F. ) ;
#5413 = CARTESIAN_POINT ( 'NONE',  ( 4.500000000000000888, 2.067888540303684498E-14, 58.89144720896899798 ) ) ;
#5414 = CARTESIAN_POINT ( 'NONE',  ( -9.000000756133731628, 2.924276294026212586, 43.79874527124530914 ) ) ;
#5415 = EDGE_CURVE ( 'NONE', #6114, #2211, #3343, .T. ) ;
#5416 = ORIENTED_EDGE ( 'NONE', *, *, #5067, .F. ) ;
#5417 = CARTESIAN_POINT ( 'NONE',  ( 9.000000756133744062, -2.924276294026164180, 26.51702544553582896 ) ) ;
#5418 = AXIS2_PLACEMENT_3D ( 'NONE', #837, #888, #1367 ) ;
#5419 = VERTEX_POINT ( 'NONE', #156 ) ;
#5420 = VECTOR ( 'NONE', #4874, 1000.000000000000000 ) ;
#5421 = CARTESIAN_POINT ( 'NONE',  ( 9.000000040356679776, 2.924278496961446372, 49.78974147749125478 ) ) ;
#5422 = FACE_OUTER_BOUND ( 'NONE', #1889, .T. ) ;
#5423 = CARTESIAN_POINT ( 'NONE',  ( 9.000000398245262545, 4.894249501244487058E-14, 42.49464234840142041 ) ) ;
#5424 = CARTESIAN_POINT ( 'NONE',  ( 5.562307081842473799, -7.655856933191503622, 35.23632006499935443 ) ) ;
#5425 = ORIENTED_EDGE ( 'NONE', *, *, #1033, .T. ) ;
#5426 = DIRECTION ( 'NONE',  ( 1.000000000000000000, 0.0000000000000000000, 0.0000000000000000000 ) ) ;
#5427 = CARTESIAN_POINT ( 'NONE',  ( -4.500000000000000000, -2.176759428339808894E-16, 59.77636217411090769 ) ) ;
#5428 = CARTESIAN_POINT ( 'NONE',  ( 2.781152480892344236, 3.827928977956365220, 5.972607826797975861 ) ) ;
#5429 = CARTESIAN_POINT ( 'NONE',  ( 0.0000000000000000000, 0.0000000000000000000, 0.0000000000000000000 ) ) ;
#5430 = ORIENTED_EDGE ( 'NONE', *, *, #1190, .T. ) ;
#5431 = EDGE_CURVE ( 'NONE', #5363, #1136, #2145, .T. ) ;
#5432 = CARTESIAN_POINT ( 'NONE',  ( -2.993010729696236716, 3.664660441865644547, 64.32711958641959882 ) ) ;
#5433 = VERTEX_POINT ( 'NONE', #845 ) ;
#5434 = VECTOR ( 'NONE', #4152, 1000.000000000000000 ) ;
#5435 = CARTESIAN_POINT ( 'NONE',  ( -5.562305207913825988, -7.655858294680359499, 44.25959113326422312 ) ) ;
#5436 = CARTESIAN_POINT ( 'NONE',  ( -4.500000000000000888, 5.510910596163089556E-16, 0.0000000000000000000 ) ) ;
#5437 = VECTOR ( 'NONE', #125, 1000.000000000000000 ) ;
#5438 = EDGE_CURVE ( 'NONE', #5253, #2811, #6913, .T. ) ;
#5439 = CARTESIAN_POINT ( 'NONE',  ( 2.539119092592049931, 8.638150599871535107, 63.70357844990110152 ) ) ;
#5440 = ADVANCED_FACE ( 'NONE', ( #906 ), #931, .F. ) ;
#5441 = DIRECTION ( 'NONE',  ( 0.0000000000000000000, 0.0000000000000000000, 1.000000000000000000 ) ) ;
#5442 = ORIENTED_EDGE ( 'NONE', *, *, #5389, .T. ) ;
#5443 = CYLINDRICAL_SURFACE ( 'NONE', #1553, 4.500000000000000888 ) ;
#5444 = CARTESIAN_POINT ( 'NONE',  ( 3.640576150974033975, 2.645034080869109516, 29.16688915214461630 ) ) ;
#5445 = CARTESIAN_POINT ( 'NONE',  ( 4.499999821055716609, 1.462139183781842933, 31.08870730682907535 ) ) ;
#5446 = EDGE_LOOP ( 'NONE', ( #3241, #957, #1104, #109 ) ) ;
#5447 = CARTESIAN_POINT ( 'NONE',  ( 2.781154119996959384, -8.559508685037874542, 56.12637208025140012 ) ) ;
#5448 = ORIENTED_EDGE ( 'NONE', *, *, #572, .T. ) ;
#5449 = CARTESIAN_POINT ( 'NONE',  ( 5.790758355312458300E-07, -4.731580009072167137, 48.83127299455746595 ) ) ;
#5450 = EDGE_CURVE ( 'NONE', #4652, #2481, #1681, .T. ) ;
#5451 = CARTESIAN_POINT ( 'NONE',  ( -4.500000178944223883, 1.462138082314272891, 57.35692144190747399 ) ) ;
#5452 = CARTESIAN_POINT ( 'NONE',  ( 2.781154119997066410, -8.559508685037839015, 5.166127568264868408 ) ) ;
#5453 = ORIENTED_EDGE ( 'NONE', *, *, #3042, .F. ) ;
#5454 = EDGE_CURVE ( 'NONE', #4814, #1060, #517, .T. ) ;
#5455 = CYLINDRICAL_SURFACE ( 'NONE', #1294, 4.500000000000000888 ) ;
#5456 = CARTESIAN_POINT ( 'NONE',  ( -7.281153918988119145, 5.290066613608830792, 54.93748066630816140 ) ) ;
#5457 = ORIENTED_EDGE ( 'NONE', *, *, #3966, .T. ) ;
#5458 = ADVANCED_FACE ( 'NONE', ( #3230 ), #753, .T. ) ;
#5459 = ORIENTED_EDGE ( 'NONE', *, *, #1700, .F. ) ;
#5460 = FACE_OUTER_BOUND ( 'NONE', #3910, .T. ) ;
#5461 = DIRECTION ( 'NONE',  ( 0.0000000000000000000, 0.0000000000000000000, 1.000000000000000000 ) ) ;
#5462 = CARTESIAN_POINT ( 'NONE',  ( 3.640576150974058400, 2.645034080869075765, 49.90495294299599749 ) ) ;
#5463 = FACE_OUTER_BOUND ( 'NONE', #3947, .T. ) ;
#5464 = CARTESIAN_POINT ( 'NONE',  ( 2.781152024881105689, 8.559509365782279389, 63.96075173457302299 ) ) ;
#5465 = DIRECTION ( 'NONE',  ( 0.0000000000000000000, 0.0000000000000000000, 1.000000000000000000 ) ) ;
#5466 = CARTESIAN_POINT ( 'NONE',  ( 5.562307081842352119, -7.655856933191590663, 49.32889561547233370 ) ) ;
#5467 = ORIENTED_EDGE ( 'NONE', *, *, #897, .T. ) ;
#5468 = DIRECTION ( 'NONE',  ( 0.0000000000000000000, 0.0000000000000000000, 1.000000000000000000 ) ) ;
#5469 = VECTOR ( 'NONE', #4890, 1000.000000000000000 ) ;
#5470 = CARTESIAN_POINT ( 'NONE',  ( -3.640576798400452674, 2.645033189763091208, 16.03278208460541876 ) ) ;
#5471 = EDGE_CURVE ( 'NONE', #233, #1261, #1434, .T. ) ;
#5472 = EDGE_LOOP ( 'NONE', ( #3730, #5602, #2427, #2519 ) ) ;
#5473 = DIRECTION ( 'NONE',  ( 0.0000000000000000000, 0.0000000000000000000, 1.000000000000000000 ) ) ;
#5474 = AXIS2_PLACEMENT_3D ( 'NONE', #6552, #4349, #281 ) ;
#5475 = ORIENTED_EDGE ( 'NONE', *, *, #5492, .T. ) ;
#5476 = VECTOR ( 'NONE', #6337, 1000.000000000000000 ) ;
#5477 = CARTESIAN_POINT ( 'NONE',  ( 5.562307081842398304, -7.655856933191557800, 60.85004216594532522 ) ) ;
#5478 = VECTOR ( 'NONE', #3472, 1000.000000000000000 ) ;
#5479 = EDGE_CURVE ( 'NONE', #2652, #2202, #767, .T. ) ;
#5480 = DIRECTION ( 'NONE',  ( 0.0000000000000000000, 0.0000000000000000000, 1.000000000000000000 ) ) ;
#5481 = CARTESIAN_POINT ( 'NONE',  ( -3.640576150974025982, -2.645034080869120174, 11.61796963652973957 ) ) ;
#5482 = DIRECTION ( 'NONE',  ( 0.0000000000000000000, 0.0000000000000000000, 1.000000000000000000 ) ) ;
#5483 = CARTESIAN_POINT ( 'NONE',  ( 1.390576998466215741, -4.279754153142058648, 44.33802583987301205 ) ) ;
#5484 = CARTESIAN_POINT ( 'NONE',  ( -4.499999821055712168, -1.462139183781854035, 41.45773920225477127 ) ) ;
#5485 = ORIENTED_EDGE ( 'NONE', *, *, #1141, .F. ) ;
#5486 = DIRECTION ( 'NONE',  ( 0.0000000000000000000, 0.0000000000000000000, 1.000000000000000000 ) ) ;
#5487 = CYLINDRICAL_SURFACE ( 'NONE', #3545, 4.500000000000000888 ) ;
#5488 = AXIS2_PLACEMENT_3D ( 'NONE', #2971, #5301, #5408 ) ;
#5489 = DIRECTION ( 'NONE',  ( 1.000000000000000000, 0.0000000000000000000, 0.0000000000000000000 ) ) ;
#5490 = CARTESIAN_POINT ( 'NONE',  ( 9.000000398245260769, 0.0000000000000000000, 0.0000000000000000000 ) ) ;
#5491 = DIRECTION ( 'NONE',  ( 0.0000000000000000000, 0.0000000000000000000, 1.000000000000000000 ) ) ;
#5492 = EDGE_CURVE ( 'NONE', #1545, #3041, #3199, .T. ) ;
#5493 = DIRECTION ( 'NONE',  ( 0.0000000000000000000, 0.0000000000000000000, 1.000000000000000000 ) ) ;
#5494 = CARTESIAN_POINT ( 'NONE',  ( 9.000000398245257216, 3.745754176398079381E-14, 30.97349579792842889 ) ) ;
#5495 = ORIENTED_EDGE ( 'NONE', *, *, #388, .T. ) ;
#5496 = VECTOR ( 'NONE', #2359, 1000.000000000000000 ) ;
#5497 = CARTESIAN_POINT ( 'NONE',  ( -4.500000000000000888, 7.082204219686271611E-16, 30.08858083278653694 ) ) ;
#5498 = DIRECTION ( 'NONE',  ( 0.0000000000000000000, 0.0000000000000000000, 1.000000000000000000 ) ) ;
#5499 = ORIENTED_EDGE ( 'NONE', *, *, #1155, .F. ) ;
#5500 = VERTEX_POINT ( 'NONE', #4415 ) ;
#5501 = CARTESIAN_POINT ( 'NONE',  ( 4.500000178944229212, -1.462138082314256016, 5.511761964779056555 ) ) ;
#5502 = CARTESIAN_POINT ( 'NONE',  ( -9.000000398245260769, 1.102182168003596278E-15, 0.0000000000000000000 ) ) ;
#5503 = ORIENTED_EDGE ( 'NONE', *, *, #3027, .T. ) ;
#5504 = CARTESIAN_POINT ( 'NONE',  ( -2.781152024881058615, -8.559509365782295376, 11.84839256753919834 ) ) ;
#5505 = CARTESIAN_POINT ( 'NONE',  ( 7.281152624135227569, 5.290068395820939351, 17.37854291176622823 ) ) ;
#5506 = FACE_OUTER_BOUND ( 'NONE', #2803, .T. ) ;
#5507 = CARTESIAN_POINT ( 'NONE',  ( 0.0000000000000000000, 0.0000000000000000000, 0.0000000000000000000 ) ) ;
#5508 = ORIENTED_EDGE ( 'NONE', *, *, #1593, .T. ) ;
#5509 = EDGE_LOOP ( 'NONE', ( #4122, #1872, #1406, #6669 ) ) ;
#5510 = LINE ( 'NONE', #2759, #5476 ) ;
#5511 = CARTESIAN_POINT ( 'NONE',  ( 2.781152480892342904, 3.827928977956367440, 1.364149206608783693 ) ) ;
#5512 = CARTESIAN_POINT ( 'NONE',  ( 4.499999821055703286, 1.462139183781876683, 49.78974147749125478 ) ) ;
#5513 = DIRECTION ( 'NONE',  ( 0.0000000000000000000, 0.0000000000000000000, 1.000000000000000000 ) ) ;
#5514 = EDGE_CURVE ( 'NONE', #4729, #727, #3188, .T. ) ;
#5515 = CARTESIAN_POINT ( 'NONE',  ( -5.562305207913728289, -7.655858294680431442, 57.81776730392639507 ) ) ;
#5516 = CARTESIAN_POINT ( 'NONE',  ( -5.790757670945007844E-07, 4.731580009072167137, 41.03367009913178975 ) ) ;
#5517 = VERTEX_POINT ( 'NONE', #2511 ) ;
#5518 = DIRECTION ( 'NONE',  ( 0.0000000000000000000, 0.0000000000000000000, 1.000000000000000000 ) ) ;
#5519 = CARTESIAN_POINT ( 'NONE',  ( 4.500000000000000888, -1.947090141873158208E-17, 3.322744076793271439 ) ) ;
#5520 = ORIENTED_EDGE ( 'NONE', *, *, #3761, .F. ) ;
#5521 = CARTESIAN_POINT ( 'NONE',  ( 0.0000000000000000000, 0.0000000000000000000, 0.0000000000000000000 ) ) ;
#5522 = ADVANCED_FACE ( 'NONE', ( #693 ), #855, .T. ) ;
#5523 = ORIENTED_EDGE ( 'NONE', *, *, #2238, .T. ) ;
#5524 = LINE ( 'NONE', #5261, #3020 ) ;
#5525 = CARTESIAN_POINT ( 'NONE',  ( 1.158151662023711812E-06, -9.463160436884182403, 41.91858506427367814 ) ) ;
#5526 = CARTESIAN_POINT ( 'NONE',  ( -9.000000398245257216, -1.099401120563988957E-14, 25.21292252269194023 ) ) ;
#5527 = EDGE_CURVE ( 'NONE', #5701, #4163, #3149, .T. ) ;
#5528 = CARTESIAN_POINT ( 'NONE',  ( 9.000000040356676223, 2.924278496961459251, 35.96436561692366496 ) ) ;
#5529 =( BOUNDED_CURVE ( )  B_SPLINE_CURVE ( 2, ( #42, #5626, #1220, #2954, #6171, #2255, #6361, #622, #3531, #4079, #2897 ),
 .UNSPECIFIED., .F., .F. ) 
 B_SPLINE_CURVE_WITH_KNOTS ( ( 3, 2, 2, 2, 2, 3 ),
 ( 0.6551724131102636406, 0.6586206896551723977, 0.6620689655172413701, 0.6655172413793103425, 0.6689655172413793149, 0.6724137924206085026 ),
 .UNSPECIFIED. ) 
 CURVE ( )  GEOMETRIC_REPRESENTATION_ITEM ( )  RATIONAL_B_SPLINE_CURVE ( ( 1.000000000000000000, 0.9510565162951535312, 1.000000000000000000, 0.9510565162951535312, 1.000000000000000000, 0.9510565162951535312, 1.000000000000000000, 0.9510565162951535312, 1.000000000000000000, 0.9510565162951535312, 1.000000000000000000 ) ) 
 REPRESENTATION_ITEM ( '' )  );
#5530 = CARTESIAN_POINT ( 'NONE',  ( -3.640576798400456227, 2.645033189763085879, 2.207406224037838705 ) ) ;
#5531 = CARTESIAN_POINT ( 'NONE',  ( 4.500000000000000888, 0.0000000000000000000, 0.0000000000000000000 ) ) ;
#5532 = CARTESIAN_POINT ( 'NONE',  ( -1.390576998466233949, 4.279754153142052431, 4.014012913217570144 ) ) ;
#5533 = EDGE_CURVE ( 'NONE', #3734, #5897, #3380, .T. ) ;
#5534 = CARTESIAN_POINT ( 'NONE',  ( 2.781153417856632171, -3.827928297211962594, 42.14900799528312803 ) ) ;
#5535 = ORIENTED_EDGE ( 'NONE', *, *, #5957, .T. ) ;
#5536 = PRODUCT_CONTEXT ( 'NONE', #1, 'mechanical' ) ;
#5537 = EDGE_CURVE ( 'NONE', #6289, #2202, #796, .T. ) ;
#5538 = ORIENTED_EDGE ( 'NONE', *, *, #2378, .F. ) ;
#5539 = VECTOR ( 'NONE', #3631, 1000.000000000000000 ) ;
#5540 =( BOUNDED_CURVE ( )  B_SPLINE_CURVE ( 2, ( #3386, #6213, #6633, #5074, #6124, #6771, #6727, #5477, #6681, #7264, #4429 ),
 .UNSPECIFIED., .F., .F. ) 
 B_SPLINE_CURVE_WITH_KNOTS ( ( 3, 2, 2, 2, 2, 3 ),
 ( 0.9107142850070587548, 0.9142857142857142572, 0.9178571428571428159, 0.9214285714285713746, 0.9250000000000000444, 0.9285714278642015485 ),
 .UNSPECIFIED. ) 
 CURVE ( )  GEOMETRIC_REPRESENTATION_ITEM ( )  RATIONAL_B_SPLINE_CURVE ( ( 1.000000000000000000, 0.9510565162951535312, 1.000000000000000000, 0.9510565162951535312, 1.000000000000000000, 0.9510565162951535312, 1.000000000000000000, 0.9510565162951535312, 1.000000000000000000, 0.9510565162951535312, 1.000000000000000000 ) ) 
 REPRESENTATION_ITEM ( '' )  );
#5541 = CARTESIAN_POINT ( 'NONE',  ( -9.000000040356646025, -2.924278496961546292, 44.02916820225476613 ) ) ;
#5542 =( BOUNDED_CURVE ( )  B_SPLINE_CURVE ( 2, ( #4467, #4325, #4970, #6715, #2239, #1123, #1612, #6813, #2292, #1719, #7257 ),
 .UNSPECIFIED., .F., .F. ) 
 B_SPLINE_CURVE_WITH_KNOTS ( ( 3, 2, 2, 2, 2, 3 ),
 ( 0.1964285707213444532, 0.2000000000000000111, 0.2035714285714285698, 0.2071428571428571563, 0.2107142857142857151, 0.2142857135784872746 ),
 .UNSPECIFIED. ) 
 CURVE ( )  GEOMETRIC_REPRESENTATION_ITEM ( )  RATIONAL_B_SPLINE_CURVE ( ( 1.000000000000000000, 0.9510565162951535312, 1.000000000000000000, 0.9510565162951535312, 1.000000000000000000, 0.9510565162951535312, 1.000000000000000000, 0.9510565162951535312, 1.000000000000000000, 0.9510565162951535312, 1.000000000000000000 ) ) 
 REPRESENTATION_ITEM ( '' )  );
#5543 = DIRECTION ( 'NONE',  ( 0.0000000000000000000, 0.0000000000000000000, 1.000000000000000000 ) ) ;
#5544 = CARTESIAN_POINT ( 'NONE',  ( -7.281153918988090723, 5.290066613608868984, 39.07507518555138404 ) ) ;
#5545 = CARTESIAN_POINT ( 'NONE',  ( -4.500000000000000888, 1.019890238627596959E-14, 23.17589290250274559 ) ) ;
#5546 =( BOUNDED_CURVE ( )  B_SPLINE_CURVE ( 2, ( #5117, #5217, #1722, #4019, #5811, #2296, #6352, #1662, #665, #6909, #6862 ),
 .UNSPECIFIED., .F., .F. ) 
 B_SPLINE_CURVE_WITH_KNOTS ( ( 3, 2, 2, 2, 2, 3 ),
 ( 0.5714285707213444532, 0.5749999999999999556, 0.5785714285714286254, 0.5821428571428571841, 0.5857142857142857428, 0.5892857135784873579 ),
 .UNSPECIFIED. ) 
 CURVE ( )  GEOMETRIC_REPRESENTATION_ITEM ( )  RATIONAL_B_SPLINE_CURVE ( ( 1.000000000000000000, 0.9510565162951535312, 1.000000000000000000, 0.9510565162951535312, 1.000000000000000000, 0.9510565162951535312, 1.000000000000000000, 0.9510565162951535312, 1.000000000000000000, 0.9510565162951535312, 1.000000000000000000 ) ) 
 REPRESENTATION_ITEM ( '' )  );
#5547 = CARTESIAN_POINT ( 'NONE',  ( 3.640576798400454006, -2.645033189763089432, 10.27220880936892655 ) ) ;
#5548 = ORIENTED_EDGE ( 'NONE', *, *, #6730, .T. ) ;
#5549 =( BOUNDED_CURVE ( )  B_SPLINE_CURVE ( 2, ( #944, #2616, #353, #6483, #3737, #4771, #7038, #253, #6990, #6578, #1468 ),
 .UNSPECIFIED., .F., .F. ) 
 B_SPLINE_CURVE_WITH_KNOTS ( ( 3, 2, 2, 2, 2, 3 ),
 ( 0.2241379303516428667, 0.2275862068965517349, 0.2310344827586206795, 0.2344827586206896519, 0.2379310344827586243, 0.2413793096619877288 ),
 .UNSPECIFIED. ) 
 CURVE ( )  GEOMETRIC_REPRESENTATION_ITEM ( )  RATIONAL_B_SPLINE_CURVE ( ( 1.000000000000000000, 0.9510565162951535312, 1.000000000000000000, 0.9510565162951535312, 1.000000000000000000, 0.9510565162951535312, 1.000000000000000000, 0.9510565162951535312, 1.000000000000000000, 0.9510565162951535312, 1.000000000000000000 ) ) 
 REPRESENTATION_ITEM ( '' )  );
#5550 = EDGE_CURVE ( 'NONE', #6150, #3792, #783, .T. ) ;
#5551 = CARTESIAN_POINT ( 'NONE',  ( -2.781154119997069518, 8.559508685037837239, 1.976983293028377497 ) ) ;
#5552 = CARTESIAN_POINT ( 'NONE',  ( -9.000000398245262545, -7.099719759156837703E-14, 52.86367424382710567 ) ) ;
#5553 = EDGE_LOOP ( 'NONE', ( #6434, #302, #4357, #258 ) ) ;
#5554 = CARTESIAN_POINT ( 'NONE',  ( 9.000000398245260769, 0.0000000000000000000, 0.0000000000000000000 ) ) ;
#5555 = ORIENTED_EDGE ( 'NONE', *, *, #2664, .T. ) ;
#5556 = VECTOR ( 'NONE', #846, 1000.000000000000000 ) ;
#5557 = CARTESIAN_POINT ( 'NONE',  ( 1.158151617961970786E-06, -9.463160436884182403, 19.14349165323313073 ) ) ;
#5558 = EDGE_CURVE ( 'NONE', #1545, #6114, #6921, .T. ) ;
#5559 = CARTESIAN_POINT ( 'NONE',  ( 1.390575950908265801, 4.279754493514269065, 56.78086411438383863 ) ) ;
#5560 = CARTESIAN_POINT ( 'NONE',  ( 7.281152624135238227, 5.290068395820926028, 35.81237739252300400 ) ) ;
#5561 = CARTESIAN_POINT ( 'NONE',  ( 7.281152624135229345, 5.290068395820936686, 21.98700153195542484 ) ) ;
#5562 = CYLINDRICAL_SURFACE ( 'NONE', #5107, 4.500000000000000888 ) ;
#5563 = CARTESIAN_POINT ( 'NONE',  ( 0.0000000000000000000, 0.0000000000000000000, 0.0000000000000000000 ) ) ;
#5564 = ORIENTED_EDGE ( 'NONE', *, *, #2771, .F. ) ;
#5565 = ORIENTED_EDGE ( 'NONE', *, *, #5558, .F. ) ;
#5566 = LINE ( 'NONE', #1736, #5329 ) ;
#5567 = CARTESIAN_POINT ( 'NONE',  ( -7.281152624135202700, -5.290068395820973102, 7.276710706245949289 ) ) ;
#5568 = CARTESIAN_POINT ( 'NONE',  ( 3.640576150974043301, 2.645034080869096194, 40.42083601271219351 ) ) ;
#5569 = CARTESIAN_POINT ( 'NONE',  ( -4.499999821055713944, -1.462139183781851814, 46.06619782244395367 ) ) ;
#5570 = AXIS2_PLACEMENT_3D ( 'NONE', #5521, #2194, #3828 ) ;
#5571 = CARTESIAN_POINT ( 'NONE',  ( 5.562305207913810889, 7.655858294680371934, 58.96988195897369422 ) ) ;
#5572 = AXIS2_PLACEMENT_3D ( 'NONE', #2825, #3428, #612 ) ;
#5573 = EDGE_LOOP ( 'NONE', ( #6075, #3118, #6013, #1556 ) ) ;
#5574 = CARTESIAN_POINT ( 'NONE',  ( 9.000000398245260769, -6.663304491431817256E-14, 49.40733027868520111 ) ) ;
#5575 = EDGE_LOOP ( 'NONE', ( #3558, #990, #6048, #4159 ) ) ;
#5576 = CARTESIAN_POINT ( 'NONE',  ( -7.281152624135202700, -5.290068395820973102, 7.009511016340544742 ) ) ;
#5577 = VERTEX_POINT ( 'NONE', #5960 ) ;
#5578 = CARTESIAN_POINT ( 'NONE',  ( -2.781152024881046625, -8.559509365782298929, 32.58645635839056354 ) ) ;
#5579 = DIRECTION ( 'NONE',  ( 1.000000000000000000, 0.0000000000000000000, 0.0000000000000000000 ) ) ;
#5580 = CARTESIAN_POINT ( 'NONE',  ( -2.781153417856674803, 3.827928297211931952, 36.38843472004664648 ) ) ;
#5581 = CARTESIAN_POINT ( 'NONE',  ( -2.781154119996926077, 8.559508685037885201, 59.58271604539329758 ) ) ;
#5582 = CARTESIAN_POINT ( 'NONE',  ( -9.000000756133728075, 2.924276294026216583, 48.14000420152910209 ) ) ;
#5583 = CARTESIAN_POINT ( 'NONE',  ( 0.0000000000000000000, 0.0000000000000000000, 0.0000000000000000000 ) ) ;
#5584 = VERTEX_POINT ( 'NONE', #1503 ) ;
#5585 = ADVANCED_FACE ( 'NONE', ( #5719 ), #3160, .F. ) ;
#5586 = ORIENTED_EDGE ( 'NONE', *, *, #3922, .T. ) ;
#5587 = CARTESIAN_POINT ( 'NONE',  ( 9.000000398245262545, -1.721070469397648466E-14, 45.06607134840142237 ) ) ;
#5588 = CARTESIAN_POINT ( 'NONE',  ( -2.781154119997001573, 8.559508685037860332, 43.18591118482571289 ) ) ;
#5589 = CARTESIAN_POINT ( 'NONE',  ( -3.640576798400440239, 2.645033189763108528, 59.81313897640276167 ) ) ;
#5590 = LINE ( 'NONE', #2987, #2966 ) ;
#5591 = DIRECTION ( 'NONE',  ( 0.0000000000000000000, 0.0000000000000000000, 1.000000000000000000 ) ) ;
#5592 = CARTESIAN_POINT ( 'NONE',  ( 2.781152024881155427, 8.559509365782263401, 52.43960518410004568 ) ) ;
#5593 = CARTESIAN_POINT ( 'NONE',  ( 2.781152024881164309, 8.559509365782261625, 61.65652242447843179 ) ) ;
#5594 = EDGE_LOOP ( 'NONE', ( #2445, #4459, #7159, #6918 ) ) ;
#5595 = CARTESIAN_POINT ( 'NONE',  ( 1.158151583194883649E-06, -9.463160436884182403, 53.43973161474666966 ) ) ;
#5596 = VERTEX_POINT ( 'NONE', #2556 ) ;
#5597 = CARTESIAN_POINT ( 'NONE',  ( -3.640576150974027314, -2.645034080869118398, 39.53592104757031223 ) ) ;
#5598 = VERTEX_POINT ( 'NONE', #1360 ) ;
#5599 = CARTESIAN_POINT ( 'NONE',  ( -4.500000000000000888, -3.914992510253091508E-15, 7.046287731840572555 ) ) ;
#5600 = VECTOR ( 'NONE', #1644, 1000.000000000000000 ) ;
#5601 = CARTESIAN_POINT ( 'NONE',  ( -5.790757474253407696E-07, 4.731580009072167137, 56.89607557988856712 ) ) ;
#5602 = ORIENTED_EDGE ( 'NONE', *, *, #4584, .T. ) ;
#5603 = CARTESIAN_POINT ( 'NONE',  ( -1.390576998466243941, 4.279754153142048878, 38.84465225454192705 ) ) ;
#5604 = ORIENTED_EDGE ( 'NONE', *, *, #4267, .F. ) ;
#5605 = CARTESIAN_POINT ( 'NONE',  ( -3.640576150974032643, -2.645034080869109960, 36.96449204757030316 ) ) ;
#5606 = ORIENTED_EDGE ( 'NONE', *, *, #1253, .F. ) ;
#5607 = EDGE_CURVE ( 'NONE', #6445, #5517, #3621, .T. ) ;
#5608 = VERTEX_POINT ( 'NONE', #4701 ) ;
#5609 = CYLINDRICAL_SURFACE ( 'NONE', #1610, 9.000000398245260769 ) ;
#5610 = MANIFOLD_SOLID_BREP ( '??3', #5768 ) ;
#5611 = CARTESIAN_POINT ( 'NONE',  ( -4.500000000000000888, 5.510910596163089556E-16, 0.0000000000000000000 ) ) ;
#5612 = LINE ( 'NONE', #598, #5600 ) ;
#5613 = CARTESIAN_POINT ( 'NONE',  ( -7.281153918988057860, 5.290066613608916946, 31.89518756536219257 ) ) ;
#5614 = CARTESIAN_POINT ( 'NONE',  ( 2.781152024881088813, 8.559509365782284718, 45.52691725381625076 ) ) ;
#5615 = EDGE_LOOP ( 'NONE', ( #3221, #2995, #3124, #3013 ) ) ;
#5616 = CARTESIAN_POINT ( 'NONE',  ( 5.790758123414736263E-07, -4.731580009072167137, 28.09320920370610608 ) ) ;
#5617 = DIRECTION ( 'NONE',  ( 0.0000000000000000000, 0.0000000000000000000, 1.000000000000000000 ) ) ;
#5618 = ORIENTED_EDGE ( 'NONE', *, *, #6134, .F. ) ;
#5619 = CARTESIAN_POINT ( 'NONE',  ( 5.562307081842352119, -7.655856933191590663, 49.06169592556692294 ) ) ;
#5620 = ORIENTED_EDGE ( 'NONE', *, *, #2853, .F. ) ;
#5621 = CYLINDRICAL_SURFACE ( 'NONE', #219, 9.000000398245260769 ) ;
#5622 = EDGE_CURVE ( 'NONE', #288, #3967, #3569, .T. ) ;
#5623 = CARTESIAN_POINT ( 'NONE',  ( 5.562307081842495116, -7.655856933191485858, 7.585568343864195207 ) ) ;
#5624 =( BOUNDED_CURVE ( )  B_SPLINE_CURVE ( 2, ( #7102, #852, #1941, #4505, #6293, #2536, #6341, #3131, #3695, #6895, #5981 ),
 .UNSPECIFIED., .F., .F. ) 
 B_SPLINE_CURVE_WITH_KNOTS ( ( 3, 2, 2, 2, 2, 3 ),
 ( 0.2142857135784872746, 0.2178571428571428603, 0.2214285714285714191, 0.2250000000000000056, 0.2285714285714285643, 0.2321428564356301516 ),
 .UNSPECIFIED. ) 
 CURVE ( )  GEOMETRIC_REPRESENTATION_ITEM ( )  RATIONAL_B_SPLINE_CURVE ( ( 1.000000000000000000, 0.9510565162951535312, 1.000000000000000000, 0.9510565162951535312, 1.000000000000000000, 0.9510565162951535312, 1.000000000000000000, 0.9510565162951535312, 1.000000000000000000, 0.9510565162951535312, 1.000000000000000000 ) ) 
 REPRESENTATION_ITEM ( '' )  );
#5625 = CARTESIAN_POINT ( 'NONE',  ( -3.640576150974017544, -2.645034080869131721, 4.972481396151353650 ) ) ;
#5626 = CARTESIAN_POINT ( 'NONE',  ( 4.499999821055713944, 1.462139183781848484, 42.87705354720746698 ) ) ;
#5627 = VERTEX_POINT ( 'NONE', #5552 ) ;
#5628 = CARTESIAN_POINT ( 'NONE',  ( 4.500000178944218554, -1.462138082314286214, 51.59634816667099244 ) ) ;
#5629 = EDGE_CURVE ( 'NONE', #875, #2231, #864, .T. ) ;
#5630 = ADVANCED_FACE ( 'NONE', ( #1153 ), #3639, .T. ) ;
#5631 = CARTESIAN_POINT ( 'NONE',  ( -5.562307081842436496, 7.655856933191532043, 47.90958127051963089 ) ) ;
#5632 = CARTESIAN_POINT ( 'NONE',  ( 5.790758053880563896E-07, -4.731580009072167137, 41.91858506427367814 ) ) ;
#5633 = EDGE_LOOP ( 'NONE', ( #128, #6642, #6021, #2528 ) ) ;
#5634 =( LENGTH_UNIT ( ) NAMED_UNIT ( * ) SI_UNIT ( .MILLI., .METRE. ) );
#5635 = ORIENTED_EDGE ( 'NONE', *, *, #3233, .F. ) ;
#5636 = CONICAL_SURFACE ( 'NONE', #6441, 4.499999999997919886, 1.570764790968832925 ) ;
#5637 = CARTESIAN_POINT ( 'NONE',  ( -4.500000000000000888, 3.877103087970347730E-15, 11.38754666212435929 ) ) ;
#5638 = CARTESIAN_POINT ( 'NONE',  ( 0.0000000000000000000, 0.0000000000000000000, 0.0000000000000000000 ) ) ;
#5639 = CARTESIAN_POINT ( 'NONE',  ( 2.781152024881071938, 8.559509365782291823, 26.82588308315407488 ) ) ;
#5640 = ORIENTED_EDGE ( 'NONE', *, *, #996, .T. ) ;
#5641 = CARTESIAN_POINT ( 'NONE',  ( -9.000000756133731628, 2.924276294026199707, 29.97336941067772287 ) ) ;
#5642 = EDGE_CURVE ( 'NONE', #5627, #2681, #1762, .T. ) ;
#5643 = CARTESIAN_POINT ( 'NONE',  ( -5.562305207913832206, -7.655858294680355058, 53.20930868373721268 ) ) ;
#5644 = ORIENTED_EDGE ( 'NONE', *, *, #1311, .T. ) ;
#5645 = DIRECTION ( 'NONE',  ( 1.000000000000000000, 0.0000000000000000000, 0.0000000000000000000 ) ) ;
#5646 = ADVANCED_FACE ( 'NONE', ( #1040 ), #5901, .T. ) ;
#5647 = AXIS2_PLACEMENT_3D ( 'NONE', #2127, #2723, #6861 ) ;
#5648 = ORIENTED_EDGE ( 'NONE', *, *, #7127, .F. ) ;
#5649 = CYLINDRICAL_SURFACE ( 'NONE', #1359, 9.000000398245260769 ) ;
#5650 = CARTESIAN_POINT ( 'NONE',  ( -7.281153918988124474, 5.290066613608822799, 45.72056342592976819 ) ) ;
#5651 = CYLINDRICAL_SURFACE ( 'NONE', #775, 4.500000000000000888 ) ;
#5652 = CARTESIAN_POINT ( 'NONE',  ( 4.500000178944234541, -1.462138082314236476, 38.03817199600882049 ) ) ;
#5653 = ORIENTED_EDGE ( 'NONE', *, *, #1932, .T. ) ;
#5654 = CARTESIAN_POINT ( 'NONE',  ( 2.781152024881079932, 8.559509365782288270, 36.04280032353246099 ) ) ;
#5655 = CARTESIAN_POINT ( 'NONE',  ( 4.500000000000000000, 2.667559361532078101E-14, 37.88618372821222380 ) ) ;
#5656 = VERTEX_POINT ( 'NONE', #490 ) ;
#5657 = ORIENTED_EDGE ( 'NONE', *, *, #5164, .T. ) ;
#5658 = VECTOR ( 'NONE', #5062, 1000.000000000000000 ) ;
#5659 = CARTESIAN_POINT ( 'NONE',  ( -9.000000040356658459, -2.924278496961518758, 7.161499240741219907 ) ) ;
#5660 = CARTESIAN_POINT ( 'NONE',  ( -2.781153417856673915, 3.827928297211932840, 40.99689334023584308 ) ) ;
#5661 = ORIENTED_EDGE ( 'NONE', *, *, #2551, .F. ) ;
#5662 = CARTESIAN_POINT ( 'NONE',  ( 7.281153918988106710, -5.290066613608848556, 44.56844877088246903 ) ) ;
#5663 = CARTESIAN_POINT ( 'NONE',  ( -1.158151611020268332E-06, 9.463160436884182403, 59.20030488998315121 ) ) ;
#5664 = VERTEX_POINT ( 'NONE', #1747 ) ;
#5665 = CARTESIAN_POINT ( 'NONE',  ( 2.781154119997055751, -8.559508685037842568, 16.68727411873785016 ) ) ;
#5666 = ORIENTED_EDGE ( 'NONE', *, *, #6212, .T. ) ;
#5667 = DIRECTION ( 'NONE',  ( 1.000000000000000000, 0.0000000000000000000, 0.0000000000000000000 ) ) ;
#5668 = AXIS2_PLACEMENT_3D ( 'NONE', #4180, #3718, #2654 ) ;
#5669 = CARTESIAN_POINT ( 'NONE',  ( 9.000000398245260769, -1.370601729845173416E-14, 60.92847682915817842 ) ) ;
#5670 = CARTESIAN_POINT ( 'NONE',  ( -9.000000040356640696, -2.924278496961560059, 29.93659265178178330 ) ) ;
#5671 = VERTEX_POINT ( 'NONE', #1061 ) ;
#5672 = CARTESIAN_POINT ( 'NONE',  ( -2.781152024881131002, -8.559509365782272283, 58.20017845933654144 ) ) ;
#5673 = CARTESIAN_POINT ( 'NONE',  ( -5.562307081842487122, 7.655856933191493852, 1.824995068627702777 ) ) ;
#5674 = CARTESIAN_POINT ( 'NONE',  ( -2.781152024881056395, -8.559509365782297152, 9.811362947350005470 ) ) ;
#5675 = CARTESIAN_POINT ( 'NONE',  ( -5.562307081842463141, 7.655856933191510727, 13.34614161910068653 ) ) ;
#5676 = PLANE ( 'NONE',  #2065 ) ;
#5677 = ORIENTED_EDGE ( 'NONE', *, *, #5734, .T. ) ;
#5678 = ORIENTED_EDGE ( 'NONE', *, *, #5438, .F. ) ;
#5679 = CYLINDRICAL_SURFACE ( 'NONE', #7060, 4.500000000000000888 ) ;
#5680 = CARTESIAN_POINT ( 'NONE',  ( 9.000000756133720969, -2.924276294026239231, 38.03817199600882049 ) ) ;
#5681 = CARTESIAN_POINT ( 'NONE',  ( -5.005908779002329112, -6.994821097084788164, 64.99998743450528593 ) ) ;
#5682 = CARTESIAN_POINT ( 'NONE',  ( -5.790757798863360261E-07, 4.731580009072167137, 59.20030488998315121 ) ) ;
#5683 = EDGE_CURVE ( 'NONE', #3967, #6712, #3255, .T. ) ;
#5684 = CARTESIAN_POINT ( 'NONE',  ( -2.781152480892330914, -3.827928977956374990, 12.00038079193987528 ) ) ;
#5685 = ORIENTED_EDGE ( 'NONE', *, *, #1928, .F. ) ;
#5686 = ADVANCED_FACE ( 'NONE', ( #6001 ), #6053, .F. ) ;
#5687 = CARTESIAN_POINT ( 'NONE',  ( 7.281152624135200035, 5.290068395820978431, 1.516137431009458414 ) ) ;
#5688 = DIRECTION ( 'NONE',  ( 0.0000000000000000000, 0.0000000000000000000, 1.000000000000000000 ) ) ;
#5689 = VERTEX_POINT ( 'NONE', #4767 ) ;
#5690 = EDGE_LOOP ( 'NONE', ( #5499, #5425, #2932, #3191 ) ) ;
#5691 = VECTOR ( 'NONE', #2670, 1000.000000000000000 ) ;
#5692 = CARTESIAN_POINT ( 'NONE',  ( 2.781152480892350010, 3.827928977956361667, 24.67364199746015530 ) ) ;
#5693 = VECTOR ( 'NONE', #1607, 1000.000000000000000 ) ;
#5694 = DIRECTION ( 'NONE',  ( 0.0000000000000000000, 0.0000000000000000000, 1.000000000000000000 ) ) ;
#5695 = CARTESIAN_POINT ( 'NONE',  ( -2.781152024881056395, -8.559509365782297152, 9.544163257444601811 ) ) ;
#5696 = CARTESIAN_POINT ( 'NONE',  ( -3.640576150974026426, -2.645034080869119286, 13.92219894662433433 ) ) ;
#5697 = CARTESIAN_POINT ( 'NONE',  ( 4.500000178944233653, -1.462138082314238696, 42.64663061619800999 ) ) ;
#5698 = EDGE_CURVE ( 'NONE', #595, #5656, #1030, .T. ) ;
#5699 = VERTEX_POINT ( 'NONE', #4099 ) ;
#5700 = EDGE_CURVE ( 'NONE', #1476, #6382, #3432, .T. ) ;
#5701 = VERTEX_POINT ( 'NONE', #3548 ) ;
#5702 = ORIENTED_EDGE ( 'NONE', *, *, #6744, .T. ) ;
#5703 = LINE ( 'NONE', #4470, #3174 ) ;
#5704 = DIRECTION ( 'NONE',  ( 0.0000000000000000000, 0.0000000000000000000, 1.000000000000000000 ) ) ;
#5705 = ORIENTED_EDGE ( 'NONE', *, *, #3584, .T. ) ;
#5706 = CARTESIAN_POINT ( 'NONE',  ( 0.0000000000000000000, 0.0000000000000000000, 0.0000000000000000000 ) ) ;
#5707 = CARTESIAN_POINT ( 'NONE',  ( -9.000000398245262545, -2.688767569745515197E-14, 32.12561045297574225 ) ) ;
#5708 = CARTESIAN_POINT ( 'NONE',  ( 1.158151648678755585E-06, -9.463160436884182403, 5.318115792665542685 ) ) ;
#5709 = EDGE_LOOP ( 'NONE', ( #3113, #929, #2959, #5702 ) ) ;
#5710 = CARTESIAN_POINT ( 'NONE',  ( 5.790758308956345153E-07, -4.731580009072167137, 58.04819023493585917 ) ) ;
#5711 = EDGE_CURVE ( 'NONE', #965, #344, #857, .T. ) ;
#5712 = CARTESIAN_POINT ( 'NONE',  ( -9.000000398245262545, -4.353518856679617788E-16, 59.77636217411090769 ) ) ;
#5713 = CARTESIAN_POINT ( 'NONE',  ( -4.499999821055725491, -1.462139183781812068, 62.19580299310612759 ) ) ;
#5714 = ORIENTED_EDGE ( 'NONE', *, *, #1839, .T. ) ;
#5715 = CARTESIAN_POINT ( 'NONE',  ( 7.281153918988026774, -5.290066613608958690, 54.05256570116625880 ) ) ;
#5716 = AXIS2_PLACEMENT_3D ( 'NONE', #1949, #1806, #1763 ) ;
#5717 = ORIENTED_EDGE ( 'NONE', *, *, #2015, .T. ) ;
#5718 = EDGE_CURVE ( 'NONE', #4108, #2096, #4883, .T. ) ;
#5719 = FACE_OUTER_BOUND ( 'NONE', #3813, .T. ) ;
#5720 = CARTESIAN_POINT ( 'NONE',  ( 7.281153918988074736, -5.290066613608891188, 33.04730222040949172 ) ) ;
#5721 = ORIENTED_EDGE ( 'NONE', *, *, #388, .F. ) ;
#5722 = CARTESIAN_POINT ( 'NONE',  ( -3.640576150974036640, -2.645034080869104631, 50.78986790813787877 ) ) ;
#5723 = CARTESIAN_POINT ( 'NONE',  ( 9.000000756133717417, -2.924276294026248113, 47.25508923638719949 ) ) ;
#5724 = CARTESIAN_POINT ( 'NONE',  ( -1.390576998466167558, 4.279754153142074635, 50.09859911510950781 ) ) ;
#5725 = CARTESIAN_POINT ( 'NONE',  ( 1.390575950908316205, 4.279754493514252189, 33.73857101343786269 ) ) ;
#5726 = ORIENTED_EDGE ( 'NONE', *, *, #1915, .T. ) ;
#5727 = CARTESIAN_POINT ( 'NONE',  ( 2.560408013422699636, 3.978964712969007778, 66.17050303449525472 ) ) ;
#5728 = ADVANCED_FACE ( 'NONE', ( #1120 ), #5914, .F. ) ;
#5729 = ORIENTED_EDGE ( 'NONE', *, *, #5922, .T. ) ;
#5730 = CARTESIAN_POINT ( 'NONE',  ( -2.781152024881051510, -8.559509365782298929, 37.46211466848517091 ) ) ;
#5731 = CARTESIAN_POINT ( 'NONE',  ( 0.0000000000000000000, 0.0000000000000000000, 0.0000000000000000000 ) ) ;
#5732 = DIRECTION ( 'NONE',  ( 1.000000000000000000, 0.0000000000000000000, 0.0000000000000000000 ) ) ;
#5733 = DIRECTION ( 'NONE',  ( 1.000000000000000000, 0.0000000000000000000, 0.0000000000000000000 ) ) ;
#5734 = EDGE_CURVE ( 'NONE', #216, #5500, #6080, .T. ) ;
#5735 = CARTESIAN_POINT ( 'NONE',  ( -1.390576998466237724, 4.279754153142050654, 52.67002811510950266 ) ) ;
#5736 = ORIENTED_EDGE ( 'NONE', *, *, #2636, .T. ) ;
#5737 = CARTESIAN_POINT ( 'NONE',  ( -1.158151652155464363E-06, 9.463160436884182403, 1.861771827523648115 ) ) ;
#5738 = CARTESIAN_POINT ( 'NONE',  ( 0.0000000000000000000, 0.0000000000000000000, 0.0000000000000000000 ) ) ;
#5739 = ORIENTED_EDGE ( 'NONE', *, *, #7134, .T. ) ;
#5740 = CARTESIAN_POINT ( 'NONE',  ( -4.500000178944230100, 1.462138082314256016, 46.10297458133990744 ) ) ;
#5741 = ORIENTED_EDGE ( 'NONE', *, *, #555, .T. ) ;
#5742 = DIRECTION ( 'NONE',  ( 0.0000000000000000000, 0.0000000000000000000, 1.000000000000000000 ) ) ;
#5743 = SURFACE_STYLE_FILL_AREA ( #9 ) ;
#5744 = CARTESIAN_POINT ( 'NONE',  ( -9.000000398245262545, -7.981470300312869343E-14, 43.91395669335413743 ) ) ;
#5745 = CARTESIAN_POINT ( 'NONE',  ( 5.562305207913792238, 7.655858294680387033, 35.92758885802773250 ) ) ;
#5746 = CARTESIAN_POINT ( 'NONE',  ( -5.562305207913810889, -7.655858294680371934, 25.82575665250745089 ) ) ;
#5747 = CARTESIAN_POINT ( 'NONE',  ( 9.000000398245257216, -6.652045374004582702E-15, 10.50263169698246557 ) ) ;
#5748 = EDGE_LOOP ( 'NONE', ( #2744, #4980, #2294, #5114 ) ) ;
#5749 = ADVANCED_FACE ( 'NONE', ( #995 ), #3580, .F. ) ;
#5750 = ORIENTED_EDGE ( 'NONE', *, *, #7309, .F. ) ;
#5751 = ORIENTED_EDGE ( 'NONE', *, *, #6417, .T. ) ;
#5752 = CARTESIAN_POINT ( 'NONE',  ( 4.500000000000000888, 2.134099277970844489E-14, 17.41531962726625693 ) ) ;
#5753 = CARTESIAN_POINT ( 'NONE',  ( 0.0000000000000000000, 0.0000000000000000000, 0.0000000000000000000 ) ) ;
#5754 = PRESENTATION_STYLE_ASSIGNMENT (( #1701 ) ) ;
#5755 = CARTESIAN_POINT ( 'NONE',  ( 5.562305207913754934, 7.655858294680413678, 6.239807516703381296 ) ) ;
#5756 = CARTESIAN_POINT ( 'NONE',  ( -9.000000398245262545, -8.422343182406819715E-14, 39.30549807316494082 ) ) ;
#5757 = CARTESIAN_POINT ( 'NONE',  ( -9.000000398245262545, 6.130913295848700050E-14, 57.73933255392171304 ) ) ;
#5758 = ORIENTED_EDGE ( 'NONE', *, *, #3643, .F. ) ;
#5759 = CARTESIAN_POINT ( 'NONE',  ( -9.000000398245257216, 5.549846935349869874E-15, 9.350517041935168194 ) ) ;
#5760 = CARTESIAN_POINT ( 'NONE',  ( -4.500000000000000888, 2.783384036580251630E-14, 60.04356186401629714 ) ) ;
#5761 = CARTESIAN_POINT ( 'NONE',  ( -4.499999821055709504, -1.462139183781858920, 53.24608544263315224 ) ) ;
#5762 = VERTEX_POINT ( 'NONE', #3234 ) ;
#5763 = DIRECTION ( 'NONE',  ( 0.0000000000000000000, 0.0000000000000000000, 1.000000000000000000 ) ) ;
#5764 = ADVANCED_FACE ( 'NONE', ( #3479 ), #1025, .T. ) ;
#5765 = ORIENTED_EDGE ( 'NONE', *, *, #121, .F. ) ;
#5766 = FACE_OUTER_BOUND ( 'NONE', #3295, .T. ) ;
#5767 = CARTESIAN_POINT ( 'NONE',  ( -9.000000398245260769, 1.102182168003596278E-15, 0.0000000000000000000 ) ) ;
#5768 = CLOSED_SHELL ( 'NONE', ( #6155, #4160, #7000, #182, #4796, #5440, #6481, #1605, #4449, #3322, #2386, #2462, #1317, #6678, #218, #5393, #1108, #6977, #2210, #1654, #993, #1273, #2940, #4123, #5023, #3491, #5345, #1489, #6539, #1149, #103, #751, #5066, #6916, #326, #1831, #3070, #3829, #3384, #5686, #1874, #880, #4224, #1356, #2802, #4572, #3601, #3006, #6334, #1424, #2276, #1737, #1792, #5749, #1669, #2302, #6375, #4733, #2757, #7020, #5150, #4269, #586, #5764, #5128, #6563, #3721, #689, #6736, #3699, #37, #5458, #3677, #2888, #5369, #7035, #203, #7230, #5912, #4183, #3619, #5210, #3735, #5254, #1410, #2869, #5630, #1258, #4141, #6852, #3560, #5522, #2189, #3111, #3775, #6275, #6964, #4979, #2135, #569, #3132, #6457, #5812, #5965, #7158, #1296, #1724, #6898, #142, #66, #6838, #6442, #244, #1333, #1162, #4646, #3641, #625, #4010, #2690, #84, #800, #5929, #3205, #3997, #4849, #4200, #5275, #771, #6105, #5305, #4776, #3661, #4522, #392, #3272, #4346, #817, #3952, #3452, #2012, #7292, #645, #4052, #19, #4827, #5728, #1049, #3433, #3081, #4072, #3506, #6198, #5585, #5326, #1908, #454, #1847, #4283, #4910, #4719, #3181, #306, #2817, #2258, #6044, #4405, #2401, #3283, #5646, #7089, #1202, #4463, #834, #1888, #2513, #940, #6391, #7332, #6796, #1185, #3544, #3893, #2448, #2620, #7067, #6257, #5982, #6211, #2550, #6317, #4759, #3371, #515, #3934, #3024, #707, #1215, #3052, #4964, #6620, #5829, #5889, #1778, #157, #2322, #4238, #2429, #262, #5939, #2070, #7142, #4665, #6418, #5875, #1370, #5194, #4592, #7343, #2958, #5086, #1088, #859, #1935, #6776, #2487 ) ) ;
#5769 = CARTESIAN_POINT ( 'NONE',  ( 5.562307081842421397, -7.655856933191540037, 32.93209075490476323 ) ) ;
#5770 =( BOUNDED_CURVE ( )  B_SPLINE_CURVE ( 2, ( #5747, #1115, #1601, #1651, #2713, #4507, #701, #2765, #5053, #1799, #5205 ),
 .UNSPECIFIED., .F., .F. ) 
 B_SPLINE_CURVE_WITH_KNOTS ( ( 3, 2, 2, 2, 2, 3 ),
 ( 0.1428571421499158500, 0.1464285714285714357, 0.1499999999999999944, 0.1535714285714285809, 0.1571428571428571397, 0.1607142850070587270 ),
 .UNSPECIFIED. ) 
 CURVE ( )  GEOMETRIC_REPRESENTATION_ITEM ( )  RATIONAL_B_SPLINE_CURVE ( ( 1.000000000000000000, 0.9510565162951535312, 1.000000000000000000, 0.9510565162951535312, 1.000000000000000000, 0.9510565162951535312, 1.000000000000000000, 0.9510565162951535312, 1.000000000000000000, 0.9510565162951535312, 1.000000000000000000 ) ) 
 REPRESENTATION_ITEM ( '' )  );
#5771 = CARTESIAN_POINT ( 'NONE',  ( 9.000000756133740509, -2.924276294026169065, 30.85828437581961836 ) ) ;
#5772 = EDGE_LOOP ( 'NONE', ( #941, #3252, #3008, #3265 ) ) ;
#5773 = CARTESIAN_POINT ( 'NONE',  ( -4.500000000000000888, -1.496143833404757974E-15, 25.48012221259734744 ) ) ;
#5774 = CARTESIAN_POINT ( 'NONE',  ( -2.781153417856658816, 3.827928297211943942, 11.04191230900608645 ) ) ;
#5775 = CARTESIAN_POINT ( 'NONE',  ( 2.781153417856635723, -3.827928297211961262, 58.54581285585072692 ) ) ;
#5776 = DIRECTION ( 'NONE',  ( 0.0000000000000000000, 0.0000000000000000000, 1.000000000000000000 ) ) ;
#5777 = EDGE_LOOP ( 'NONE', ( #917, #5508, #485, #746 ) ) ;
#5778 = EDGE_LOOP ( 'NONE', ( #1947, #3029, #7008, #2924 ) ) ;
#5779 = VECTOR ( 'NONE', #1169, 1000.000000000000000 ) ;
#5780 =( BOUNDED_CURVE ( )  B_SPLINE_CURVE ( 2, ( #3637, #7141, #4273, #2467, #3069, #4194, #7199, #5350, #3772, #5927, #1973 ),
 .UNSPECIFIED., .F., .F. ) 
 B_SPLINE_CURVE_WITH_KNOTS ( ( 3, 2, 2, 2, 2, 3 ),
 ( 0.7142857135784873579, 0.7178571428571428603, 0.7214285714285714191, 0.7249999999999999778, 0.7285714285714285365, 0.7321428564356301516 ),
 .UNSPECIFIED. ) 
 CURVE ( )  GEOMETRIC_REPRESENTATION_ITEM ( )  RATIONAL_B_SPLINE_CURVE ( ( 1.000000000000000000, 0.9510565162951535312, 1.000000000000000000, 0.9510565162951535312, 1.000000000000000000, 0.9510565162951535312, 1.000000000000000000, 0.9510565162951535312, 1.000000000000000000, 0.9510565162951535312, 1.000000000000000000 ) ) 
 REPRESENTATION_ITEM ( '' )  );
#5781 = CARTESIAN_POINT ( 'NONE',  ( 3.640576798400441128, -2.645033189763106751, 21.79335535984191097 ) ) ;
#5782 =( BOUNDED_CURVE ( )  B_SPLINE_CURVE ( 2, ( #2413, #1228, #6877, #733, #3010, #6976, #192, #6782, #1320, #102, #6274 ),
 .UNSPECIFIED., .F., .F. ) 
 B_SPLINE_CURVE_WITH_KNOTS ( ( 3, 2, 2, 2, 2, 3 ),
 ( 0.5517241372481945794, 0.5551724137931034475, 0.5586206896551724199, 0.5620689655172413923, 0.5655172413793103647, 0.5689655165585394414 ),
 .UNSPECIFIED. ) 
 CURVE ( )  GEOMETRIC_REPRESENTATION_ITEM ( )  RATIONAL_B_SPLINE_CURVE ( ( 1.000000000000000000, 0.9510565162951535312, 1.000000000000000000, 0.9510565162951535312, 1.000000000000000000, 0.9510565162951535312, 1.000000000000000000, 0.9510565162951535312, 1.000000000000000000, 0.9510565162951535312, 1.000000000000000000 ) ) 
 REPRESENTATION_ITEM ( '' )  );
#5783 = CARTESIAN_POINT ( 'NONE',  ( 0.0000000000000000000, 0.0000000000000000000, 0.0000000000000000000 ) ) ;
#5784 = DIRECTION ( 'NONE',  ( 0.0000000000000000000, 0.0000000000000000000, 1.000000000000000000 ) ) ;
#5785 = ORIENTED_EDGE ( 'NONE', *, *, #351, .T. ) ;
#5786 = CARTESIAN_POINT ( 'NONE',  ( -2.781153417856666366, 3.827928297211937281, 59.43072782099260820 ) ) ;
#5787 = CARTESIAN_POINT ( 'NONE',  ( 4.500000000000000888, 0.0000000000000000000, 0.0000000000000000000 ) ) ;
#5788 = ORIENTED_EDGE ( 'NONE', *, *, #33, .T. ) ;
#5789 = CARTESIAN_POINT ( 'NONE',  ( 9.000000398245260769, 0.0000000000000000000, 0.0000000000000000000 ) ) ;
#5790 = CARTESIAN_POINT ( 'NONE',  ( 4.499999821055702398, 1.462139183781885787, 8.046414205883113624 ) ) ;
#5791 = ORIENTED_EDGE ( 'NONE', *, *, #4965, .F. ) ;
#5792 = CARTESIAN_POINT ( 'NONE',  ( -9.000000756133724522, 2.924276294026225909, 57.35692144190747399 ) ) ;
#5793 = DIRECTION ( 'NONE',  ( 1.000000000000000000, 0.0000000000000000000, 0.0000000000000000000 ) ) ;
#5794 = ORIENTED_EDGE ( 'NONE', *, *, #3663, .T. ) ;
#5795 = LINE ( 'NONE', #984, #5779 ) ;
#5796 = EDGE_CURVE ( 'NONE', #6712, #5026, #1095, .T. ) ;
#5797 = CARTESIAN_POINT ( 'NONE',  ( 4.500000000000000888, 0.0000000000000000000, 0.0000000000000000000 ) ) ;
#5798 = DIRECTION ( 'NONE',  ( 1.000000000000000000, 0.0000000000000000000, 0.0000000000000000000 ) ) ;
#5799 = EDGE_CURVE ( 'NONE', #1394, #1600, #5945, .T. ) ;
#5800 = CARTESIAN_POINT ( 'NONE',  ( -2.781152480892370438, -3.827928977956346124, 41.95536182316963192 ) ) ;
#5801 = ORIENTED_EDGE ( 'NONE', *, *, #3233, .T. ) ;
#5802 = CARTESIAN_POINT ( 'NONE',  ( 1.390576998466227066, -4.279754153142055095, 18.99150342883244846 ) ) ;
#5803 = ORIENTED_EDGE ( 'NONE', *, *, #755, .T. ) ;
#5804 = CARTESIAN_POINT ( 'NONE',  ( -1.390576998466233505, 4.279754153142052431, 61.88694535548789588 ) ) ;
#5805 = ORIENTED_EDGE ( 'NONE', *, *, #13, .T. ) ;
#5806 = CARTESIAN_POINT ( 'NONE',  ( 3.640576150974036640, 2.645034080869104631, 17.37854291176622823 ) ) ;
#5807 = EDGE_CURVE ( 'NONE', #4699, #847, #1082, .T. ) ;
#5808 = CARTESIAN_POINT ( 'NONE',  ( -1.158151649837658229E-06, 9.463160436884182403, 4.166001137618243533 ) ) ;
#5809 = DIRECTION ( 'NONE',  ( 0.0000000000000000000, 0.0000000000000000000, 1.000000000000000000 ) ) ;
#5810 = ORIENTED_EDGE ( 'NONE', *, *, #467, .T. ) ;
#5811 = CARTESIAN_POINT ( 'NONE',  ( 1.390575950908257585, 4.279754493514271729, 38.34702963362705930 ) ) ;
#5812 = ADVANCED_FACE ( 'NONE', ( #3512 ), #1143, .T. ) ;
#5813 = DIRECTION ( 'NONE',  ( 0.0000000000000000000, 0.0000000000000000000, 1.000000000000000000 ) ) ;
#5814 = EDGE_CURVE ( 'NONE', #795, #3133, #4622, .T. ) ;
#5815 = CARTESIAN_POINT ( 'NONE',  ( -4.500000000000000888, 5.510910596163089556E-16, 0.0000000000000000000 ) ) ;
#5816 = ORIENTED_EDGE ( 'NONE', *, *, #4797, .F. ) ;
#5817 = CARTESIAN_POINT ( 'NONE',  ( 9.000000398245260769, 0.0000000000000000000, 0.0000000000000000000 ) ) ;
#5818 = VERTEX_POINT ( 'NONE', #4388 ) ;
#5819 = DIRECTION ( 'NONE',  ( 0.0000000000000000000, 0.0000000000000000000, 1.000000000000000000 ) ) ;
#5820 = DIRECTION ( 'NONE',  ( 0.0000000000000000000, 0.0000000000000000000, 1.000000000000000000 ) ) ;
#5821 = CARTESIAN_POINT ( 'NONE',  ( -9.000000398245257216, 5.549846935349869874E-15, 9.083317352029762759 ) ) ;
#5822 = EDGE_LOOP ( 'NONE', ( #5885, #2111, #3211, #3530 ) ) ;
#5823 = CARTESIAN_POINT ( 'NONE',  ( 0.0000000000000000000, 0.0000000000000000000, 65.00000000000000000 ) ) ;
#5824 = CARTESIAN_POINT ( 'NONE',  ( -5.562307081842462253, 7.655856933191511615, 15.65037092919528305 ) ) ;
#5825 = CARTESIAN_POINT ( 'NONE',  ( -9.000000398245260769, 1.102182168003596278E-15, 0.0000000000000000000 ) ) ;
#5826 = DIRECTION ( 'NONE',  ( 1.000000000000000000, 0.0000000000000000000, 0.0000000000000000000 ) ) ;
#5827 = EDGE_CURVE ( 'NONE', #1291, #4699, #3557, .T. ) ;
#5828 = ORIENTED_EDGE ( 'NONE', *, *, #897, .F. ) ;
#5829 = ADVANCED_FACE ( 'NONE', ( #5977 ), #1164, .T. ) ;
#5830 = EDGE_LOOP ( 'NONE', ( #5765, #729, #5729, #723 ) ) ;
#5831 = VECTOR ( 'NONE', #1660, 1000.000000000000000 ) ;
#5832 = CARTESIAN_POINT ( 'NONE',  ( -5.562305207913765592, -7.655858294680404796, 37.34690320298043531 ) ) ;
#5833 = DIRECTION ( 'NONE',  ( 0.0000000000000000000, 0.0000000000000000000, 1.000000000000000000 ) ) ;
#5834 = CARTESIAN_POINT ( 'NONE',  ( 0.0000000000000000000, 0.0000000000000000000, 0.0000000000000000000 ) ) ;
#5835 = CARTESIAN_POINT ( 'NONE',  ( 0.0000000000000000000, 0.0000000000000000000, 0.0000000000000000000 ) ) ;
#5836 = EDGE_CURVE ( 'NONE', #5853, #5699, #6085, .T. ) ;
#5837 = DIRECTION ( 'NONE',  ( 0.0000000000000000000, 0.0000000000000000000, 1.000000000000000000 ) ) ;
#5838 = EDGE_LOOP ( 'NONE', ( #138, #1069, #5910, #5951 ) ) ;
#5839 = DIRECTION ( 'NONE',  ( 1.000000000000000000, 0.0000000000000000000, 0.0000000000000000000 ) ) ;
#5840 = CARTESIAN_POINT ( 'NONE',  ( 1.158151671294934653E-06, -9.463160436884182403, 32.96886751380070280 ) ) ;
#5841 = ORIENTED_EDGE ( 'NONE', *, *, #2658, .T. ) ;
#5842 = CARTESIAN_POINT ( 'NONE',  ( 2.781152024881038631, 8.559509365782302481, 56.78086411438383863 ) ) ;
#5843 = CARTESIAN_POINT ( 'NONE',  ( -9.000000398245262545, 5.249167542000558224E-14, 48.52241531354332693 ) ) ;
#5844 = FACE_OUTER_BOUND ( 'NONE', #5573, .T. ) ;
#5845 = CARTESIAN_POINT ( 'NONE',  ( 2.781154119997068186, -8.559508685037837239, 3.129097948075675983 ) ) ;
#5846 = VECTOR ( 'NONE', #5498, 1000.000000000000000 ) ;
#5847 = CARTESIAN_POINT ( 'NONE',  ( -1.390575950908237601, -4.279754493514277947, 51.28749052905275363 ) ) ;
#5848 = AXIS2_PLACEMENT_3D ( 'NONE', #5162, #6088, #4249 ) ;
#5849 = CARTESIAN_POINT ( 'NONE',  ( 9.000000398245262545, -3.484561915055386176E-14, 63.23270613925279093 ) ) ;
#5850 = CARTESIAN_POINT ( 'NONE',  ( 2.781154119997047758, -8.559508685037844344, 26.17139104902164348 ) ) ;
#5851 = CARTESIAN_POINT ( 'NONE',  ( -4.500000000000001776, -3.965470251685004604E-14, 39.30549807316493371 ) ) ;
#5852 = AXIS2_PLACEMENT_3D ( 'NONE', #1125, #4517, #83 ) ;
#5853 = VERTEX_POINT ( 'NONE', #6637 ) ;
#5854 = CARTESIAN_POINT ( 'NONE',  ( 5.562307081842491563, -7.655856933191490299, 12.46122665395879281 ) ) ;
#5855 = ORIENTED_EDGE ( 'NONE', *, *, #572, .F. ) ;
#5856 = DIRECTION ( 'NONE',  ( 1.000000000000000000, 0.0000000000000000000, 0.0000000000000000000 ) ) ;
#5857 = FACE_OUTER_BOUND ( 'NONE', #2821, .T. ) ;
#5858 = CARTESIAN_POINT ( 'NONE',  ( -1.390575950908270020, -4.279754493514267288, 32.58645635839056354 ) ) ;
#5859 = CARTESIAN_POINT ( 'NONE',  ( -3.640576150973995784, -2.645034080869161475, 62.57821414851625974 ) ) ;
#5860 = AXIS2_PLACEMENT_3D ( 'NONE', #3360, #2107, #6188 ) ;
#5861 = CARTESIAN_POINT ( 'NONE',  ( -2.781153417856667698, 3.827928297211936837, 6.433453688816894278 ) ) ;
#5862 = CARTESIAN_POINT ( 'NONE',  ( 1.390575950908280456, 4.279754493514263736, 22.21742446296488538 ) ) ;
#5863 = ORIENTED_EDGE ( 'NONE', *, *, #2130, .F. ) ;
#5864 = CARTESIAN_POINT ( 'NONE',  ( 5.562307081842476464, -7.655856933191499181, 30.89506113471556148 ) ) ;
#5865 = CARTESIAN_POINT ( 'NONE',  ( 3.640576798400454450, -2.645033189763088100, 7.967979499274330024 ) ) ;
#5866 = EDGE_LOOP ( 'NONE', ( #3669, #5705, #1307, #1881 ) ) ;
#5867 = ORIENTED_EDGE ( 'NONE', *, *, #4093, .T. ) ;
#5868 = CARTESIAN_POINT ( 'NONE',  ( 9.000000398245257216, -3.894211303019888661E-17, 3.322744076793271439 ) ) ;
#5869 = EDGE_LOOP ( 'NONE', ( #2385, #7072, #5335, #4495 ) ) ;
#5870 = CARTESIAN_POINT ( 'NONE',  ( 5.790757995496384905E-07, -4.731580009072167137, 9.926574412854737517 ) ) ;
#5871 = CARTESIAN_POINT ( 'NONE',  ( 2.781152480892362888, 3.827928977956352785, 56.93285233878449958 ) ) ;
#5872 = EDGE_CURVE ( 'NONE', #7267, #1419, #3694, .T. ) ;
#5873 = EDGE_LOOP ( 'NONE', ( #4080, #1237, #3279, #2415 ) ) ;
#5874 = CARTESIAN_POINT ( 'NONE',  ( 4.500000000000000888, 0.0000000000000000000, 0.0000000000000000000 ) ) ;
#5875 = ADVANCED_FACE ( 'NONE', ( #3827 ), #3774, .T. ) ;
#5876 = CARTESIAN_POINT ( 'NONE',  ( -1.390575950908270908, -4.279754493514268177, 58.20017845933654144 ) ) ;
#5877 = EDGE_CURVE ( 'NONE', #3960, #4618, #3248, .T. ) ;
#5878 = DIRECTION ( 'NONE',  ( 0.0000000000000000000, 0.0000000000000000000, 1.000000000000000000 ) ) ;
#5879 = ORIENTED_EDGE ( 'NONE', *, *, #2619, .T. ) ;
#5880 = CYLINDRICAL_SURFACE ( 'NONE', #6283, 4.500000000000000888 ) ;
#5881 = CARTESIAN_POINT ( 'NONE',  ( 2.781153417856668142, -3.827928297211936393, 21.41094420443177526 ) ) ;
#5882 = CARTESIAN_POINT ( 'NONE',  ( 1.390575950908324643, 4.279754493514248637, 52.17240549419464202 ) ) ;
#5883 = CARTESIAN_POINT ( 'NONE',  ( -3.640576798400414926, 2.645033189763143167, 59.54593928649735091 ) ) ;
#5884 = DIRECTION ( 'NONE',  ( 1.000000000000000000, 0.0000000000000000000, 0.0000000000000000000 ) ) ;
#5885 = ORIENTED_EDGE ( 'NONE', *, *, #5290, .F. ) ;
#5886 = EDGE_CURVE ( 'NONE', #3976, #3871, #3879, .T. ) ;
#5887 = CARTESIAN_POINT ( 'NONE',  ( 2.781152480892352674, 3.827928977956359891, 8.276837136892574165 ) ) ;
#5888 = ORIENTED_EDGE ( 'NONE', *, *, #4712, .T. ) ;
#5889 = ADVANCED_FACE ( 'NONE', ( #3649 ), #3892, .T. ) ;
#5890 = EDGE_CURVE ( 'NONE', #5351, #2485, #2725, .T. ) ;
#5891 = CARTESIAN_POINT ( 'NONE',  ( -4.500000000000000888, 2.342511195845331885E-14, 50.82664462363791102 ) ) ;
#5892 = EDGE_CURVE ( 'NONE', #2058, #965, #7260, .T. ) ;
#5893 = CYLINDRICAL_SURFACE ( 'NONE', #61, 4.500000000000000888 ) ;
#5894 = ORIENTED_EDGE ( 'NONE', *, *, #5263, .T. ) ;
#5895 = EDGE_CURVE ( 'NONE', #2437, #2835, #6186, .T. ) ;
#5896 = CARTESIAN_POINT ( 'NONE',  ( 4.500000000000000888, -7.734750784158750414E-15, 19.45234924745544447 ) ) ;
#5897 = VERTEX_POINT ( 'NONE', #7364 ) ;
#5898 = LINE ( 'NONE', #3469, #1163 ) ;
#5899 = CARTESIAN_POINT ( 'NONE',  ( -3.640576798400445568, 2.645033189763101422, 18.06981170479460985 ) ) ;
#5900 = CARTESIAN_POINT ( 'NONE',  ( 2.781152024881057283, 8.559509365782297152, 10.69627791249190096 ) ) ;
#5901 = CYLINDRICAL_SURFACE ( 'NONE', #3868, 9.000000398245260769 ) ;
#5902 = EDGE_CURVE ( 'NONE', #3305, #3954, #1374, .T. ) ;
#5903 = CARTESIAN_POINT ( 'NONE',  ( -2.781154119997067298, 8.559508685037837239, 4.281212603122974691 ) ) ;
#5904 = CARTESIAN_POINT ( 'NONE',  ( 7.281152624135224904, 5.290068395820943792, 13.03728398148244061 ) ) ;
#5905 = CARTESIAN_POINT ( 'NONE',  ( -7.281153918988098717, 5.290066613608858326, 24.98249963507839766 ) ) ;
#5906 = CARTESIAN_POINT ( 'NONE',  ( 1.390575950908266023, 4.279754493514269065, 13.26770691249190293 ) ) ;
#5907 = VERTEX_POINT ( 'NONE', #728 ) ;
#5908 = CARTESIAN_POINT ( 'NONE',  ( 0.0000000000000000000, 0.0000000000000000000, 0.0000000000000000000 ) ) ;
#5909 = CARTESIAN_POINT ( 'NONE',  ( 0.0000000000000000000, 0.0000000000000000000, 0.0000000000000000000 ) ) ;
#5910 = ORIENTED_EDGE ( 'NONE', *, *, #1754, .T. ) ;
#5911 = CARTESIAN_POINT ( 'NONE',  ( 4.500000000000000888, 0.0000000000000000000, 0.0000000000000000000 ) ) ;
#5912 = ADVANCED_FACE ( 'NONE', ( #6295 ), #6266, .T. ) ;
#5913 = DIRECTION ( 'NONE',  ( 1.000000000000000000, 0.0000000000000000000, 0.0000000000000000000 ) ) ;
#5914 = CYLINDRICAL_SURFACE ( 'NONE', #5013, 4.500000000000000888 ) ;
#5915 = CARTESIAN_POINT ( 'NONE',  ( 7.281152624135196483, 5.290068395820982872, 28.89968946223921620 ) ) ;
#5916 = CARTESIAN_POINT ( 'NONE',  ( 4.499999821055712168, 1.462139183781854923, 29.05167768663988426 ) ) ;
#5917 = EDGE_LOOP ( 'NONE', ( #1880, #1963, #2125, #4886 ) ) ;
#5918 = CARTESIAN_POINT ( 'NONE',  ( 5.562307081842488898, -7.655856933191492963, 17.06968527414798231 ) ) ;
#5919 = AXIS2_PLACEMENT_3D ( 'NONE', #5176, #4635, #1129 ) ;
#5920 = CARTESIAN_POINT ( 'NONE',  ( -7.281152624135208917, -5.290068395820965108, 18.79785725671893459 ) ) ;
#5921 = ORIENTED_EDGE ( 'NONE', *, *, #755, .F. ) ;
#5922 = EDGE_CURVE ( 'NONE', #6289, #7150, #7265, .T. ) ;
#5923 = CARTESIAN_POINT ( 'NONE',  ( -1.390575950908300440, -4.279754493514258407, 55.89594914924194313 ) ) ;
#5924 = VECTOR ( 'NONE', #3956, 1000.000000000000000 ) ;
#5925 = CARTESIAN_POINT ( 'NONE',  ( -7.281152624135201812, -5.290068395820975766, 4.705281706245949103 ) ) ;
#5926 = CARTESIAN_POINT ( 'NONE',  ( 0.0000000000000000000, 0.0000000000000000000, 0.0000000000000000000 ) ) ;
#5927 = CARTESIAN_POINT ( 'NONE',  ( -9.000000756133728075, 2.924276294026216583, 48.40720389143450575 ) ) ;
#5928 = VECTOR ( 'NONE', #541, 1000.000000000000000 ) ;
#5929 = ADVANCED_FACE ( 'NONE', ( #3786 ), #3844, .F. ) ;
#5930 = PRESENTATION_LAYER_ASSIGNMENT (  '', '', ( #1797 ) ) ;
#5931 = ORIENTED_EDGE ( 'NONE', *, *, #2551, .T. ) ;
#5932 = CARTESIAN_POINT ( 'NONE',  ( -2.781154119997110374, 8.559508685037823028, 57.01128704539329561 ) ) ;
#5933 = AXIS2_PLACEMENT_3D ( 'NONE', #1074, #6120, #568 ) ;
#5934 = CARTESIAN_POINT ( 'NONE',  ( 9.000000398245260769, -7.545046771121321988E-14, 58.62424751906360143 ) ) ;
#5935 = CARTESIAN_POINT ( 'NONE',  ( -2.781153417856678356, 3.827928297211929731, 4.396424068627704074 ) ) ;
#5936 = CARTESIAN_POINT ( 'NONE',  ( -9.000000398245262545, -9.252843752145473688E-15, 50.82664462363791813 ) ) ;
#5937 = CARTESIAN_POINT ( 'NONE',  ( 4.500000178944224771, -1.462138082314270449, 19.33713782534663750 ) ) ;
#5938 = ORIENTED_EDGE ( 'NONE', *, *, #3743, .T. ) ;
#5939 = ADVANCED_FACE ( 'NONE', ( #3860 ), #6158, .T. ) ;
#5940 = AXIS2_PLACEMENT_3D ( 'NONE', #3247, #1084, #2197 ) ;
#5941 = CARTESIAN_POINT ( 'NONE',  ( -9.000000398245262545, -1.807021815897372425E-14, 41.34252769335412125 ) ) ;
#5942 = CYLINDRICAL_SURFACE ( 'NONE', #1462, 9.000000398245260769 ) ;
#5943 = CARTESIAN_POINT ( 'NONE',  ( -9.000000398245260769, 1.102182168003596278E-15, 0.0000000000000000000 ) ) ;
#5944 = CARTESIAN_POINT ( 'NONE',  ( 4.500000000000000000, 2.121051914931829523E-16, 26.36503717773924294 ) ) ;
#5945 = LINE ( 'NONE', #6576, #3502 ) ;
#5946 = CARTESIAN_POINT ( 'NONE',  ( -4.500000178944215889, 1.462138082314295096, 36.61885765105610346 ) ) ;
#5947 = CARTESIAN_POINT ( 'NONE',  ( 7.281152624135200924, 5.290068395820976654, 3.820366741104055386 ) ) ;
#5948 = CARTESIAN_POINT ( 'NONE',  ( -4.499999821055707727, -1.462139183781866469, 16.11121679121420414 ) ) ;
#5949 = CARTESIAN_POINT ( 'NONE',  ( 0.0000000000000000000, 0.0000000000000000000, 0.0000000000000000000 ) ) ;
#5950 = CARTESIAN_POINT ( 'NONE',  ( 2.781154119996984697, -8.559508685037865661, 28.47562035911624179 ) ) ;
#5951 = ORIENTED_EDGE ( 'NONE', *, *, #3162, .T. ) ;
#5952 = CARTESIAN_POINT ( 'NONE',  ( 0.0000000000000000000, 0.0000000000000000000, 0.0000000000000000000 ) ) ;
#5953 = CARTESIAN_POINT ( 'NONE',  ( -5.562305207913810889, -7.655858294680371934, 25.55855696260205079 ) ) ;
#5954 = UNCERTAINTY_MEASURE_WITH_UNIT (LENGTH_MEASURE( 1.000000000000000082E-05 ), #2108, 'distance_accuracy_value', 'NONE');
#5955 = CARTESIAN_POINT ( 'NONE',  ( 3.640576798400411818, -2.645033189763148052, 60.96525363145005372 ) ) ;
#5956 = LINE ( 'NONE', #3810, #5924 ) ;
#5957 = EDGE_CURVE ( 'NONE', #2976, #7313, #3697, .T. ) ;
#5958 = CARTESIAN_POINT ( 'NONE',  ( 7.281152624135285301, 5.290068395820861191, 52.20918225309058869 ) ) ;
#5959 = CARTESIAN_POINT ( 'NONE',  ( 4.499999821055703286, 1.462139183781880458, 19.56756075635609804 ) ) ;
#5960 = CARTESIAN_POINT ( 'NONE',  ( 4.500000000000000888, -1.434784355027890828E-14, 33.27772510802302719 ) ) ;
#5961 = CARTESIAN_POINT ( 'NONE',  ( -9.000000398245257216, -1.099401120563988957E-14, 25.48012221259734744 ) ) ;
#5962 = CARTESIAN_POINT ( 'NONE',  ( 7.281152624135171614, 5.290068395821018399, 49.63775325309057962 ) ) ;
#5963 = DIRECTION ( 'NONE',  ( 0.0000000000000000000, 0.0000000000000000000, 1.000000000000000000 ) ) ;
#5964 = ORIENTED_EDGE ( 'NONE', *, *, #2397, .T. ) ;
#5965 = ADVANCED_FACE ( 'NONE', ( #6247 ), #3672, .T. ) ;
#5966 = DIRECTION ( 'NONE',  ( 1.000000000000000000, 0.0000000000000000000, 0.0000000000000000000 ) ) ;
#5967 = DIRECTION ( 'NONE',  ( 0.0000000000000000000, 0.0000000000000000000, 1.000000000000000000 ) ) ;
#5968 = EDGE_CURVE ( 'NONE', #6390, #3734, #6315, .T. ) ;
#5969 = CARTESIAN_POINT ( 'NONE',  ( 9.000000040356640696, 2.924278496961569385, 54.13100040777504063 ) ) ;
#5970 = CYLINDRICAL_SURFACE ( 'NONE', #5315, 9.000000398245260769 ) ;
#5971 = EDGE_CURVE ( 'NONE', #3434, #387, #6301, .T. ) ;
#5972 = CARTESIAN_POINT ( 'NONE',  ( 4.500000000000000888, 4.466075392763034456E-15, 5.894173076793273403 ) ) ;
#5973 = EDGE_LOOP ( 'NONE', ( #4615, #6351, #4643, #2352 ) ) ;
#5974 = CARTESIAN_POINT ( 'NONE',  ( 0.0000000000000000000, 0.0000000000000000000, 0.0000000000000000000 ) ) ;
#5975 = FACE_OUTER_BOUND ( 'NONE', #6863, .T. ) ;
#5976 = CARTESIAN_POINT ( 'NONE',  ( 9.000000398245262545, -3.484561915055386176E-14, 63.49990582915819459 ) ) ;
#5977 = FACE_OUTER_BOUND ( 'NONE', #2240, .T. ) ;
#5978 = DIRECTION ( 'NONE',  ( 0.0000000000000000000, 0.0000000000000000000, 1.000000000000000000 ) ) ;
#5979 = CARTESIAN_POINT ( 'NONE',  ( 4.500000000000000888, 2.134099277970844489E-14, 17.41531962726625693 ) ) ;
#5980 = CARTESIAN_POINT ( 'NONE',  ( -3.640576150974049519, -2.645034080869087312, 30.05180411728651180 ) ) ;
#5981 = CARTESIAN_POINT ( 'NONE',  ( -9.000000398245257216, -1.981147701592761480E-14, 16.26320497221895423 ) ) ;
#5982 = ADVANCED_FACE ( 'NONE', ( #3729 ), #3720, .T. ) ;
#5983 = EDGE_CURVE ( 'NONE', #847, #6322, #2492, .T. ) ;
#5984 = CARTESIAN_POINT ( 'NONE',  ( -9.000000398245262545, -9.252843752145473688E-15, 50.82664462363791813 ) ) ;
#5985 = ORIENTED_EDGE ( 'NONE', *, *, #5164, .F. ) ;
#5986 = AXIS2_PLACEMENT_3D ( 'NONE', #6739, #6280, #6695 ) ;
#5987 = CARTESIAN_POINT ( 'NONE',  ( -9.000000398245262545, -6.217974015648454797E-14, 62.08059148420549178 ) ) ;
#5988 = CARTESIAN_POINT ( 'NONE',  ( 2.781152480892321144, 3.827928977956382983, 63.57834057916289794 ) ) ;
#5989 =( BOUNDED_CURVE ( )  B_SPLINE_CURVE ( 2, ( #3999, #3948, #5687, #4496, #6655, #5737, #5551, #2165, #1192, #4356, #596 ),
 .UNSPECIFIED., .F., .F. ) 
 B_SPLINE_CURVE_WITH_KNOTS ( ( 3, 2, 2, 2, 2, 3 ),
 ( 0.0000000000000000000, 0.003571428571428571317, 0.007142857142857142634, 0.01071428571428571438, 0.01428571428571428527, 0.01785714214991585697 ),
 .UNSPECIFIED. ) 
 CURVE ( )  GEOMETRIC_REPRESENTATION_ITEM ( )  RATIONAL_B_SPLINE_CURVE ( ( 1.000000000000000000, 0.9510565162951535312, 1.000000000000000000, 0.9510565162951535312, 1.000000000000000000, 0.9510565162951535312, 1.000000000000000000, 0.9510565162951535312, 1.000000000000000000, 0.9510565162951535312, 1.000000000000000000 ) ) 
 REPRESENTATION_ITEM ( '' )  );
#5990 = CARTESIAN_POINT ( 'NONE',  ( 4.500000178944231877, -1.462138082314246468, 35.46674299600881142 ) ) ;
#5991 = VECTOR ( 'NONE', #3543, 1000.000000000000000 ) ;
#5992 = CARTESIAN_POINT ( 'NONE',  ( 4.500000178944230100, -1.462138082314255128, 53.90057747676558364 ) ) ;
#5993 = CARTESIAN_POINT ( 'NONE',  ( 1.158151615644164864E-06, -9.463160436884182403, 21.44772096332771483 ) ) ;
#5994 = DIRECTION ( 'NONE',  ( 1.000000000000000000, 0.0000000000000000000, 0.0000000000000000000 ) ) ;
#5995 =( BOUNDED_CURVE ( )  B_SPLINE_CURVE ( 2, ( #2390, #3607, #6904, #3652, #6956, #1298, #5111, #2340, #5317, #124, #2441 ),
 .UNSPECIFIED., .F., .F. ) 
 B_SPLINE_CURVE_WITH_KNOTS ( ( 3, 2, 2, 2, 2, 3 ),
 ( 0.7678571421499159610, 0.7714285714285714635, 0.7750000000000000222, 0.7785714285714285809, 0.7821428571428571397, 0.7857142850070588658 ),
 .UNSPECIFIED. ) 
 CURVE ( )  GEOMETRIC_REPRESENTATION_ITEM ( )  RATIONAL_B_SPLINE_CURVE ( ( 1.000000000000000000, 0.9510565162951535312, 1.000000000000000000, 0.9510565162951535312, 1.000000000000000000, 0.9510565162951535312, 1.000000000000000000, 0.9510565162951535312, 1.000000000000000000, 0.9510565162951535312, 1.000000000000000000 ) ) 
 REPRESENTATION_ITEM ( '' )  );
#5996 = CARTESIAN_POINT ( 'NONE',  ( -1.390576998466216851, 4.279754153142057760, 31.93196432425814280 ) ) ;
#5997 = ORIENTED_EDGE ( 'NONE', *, *, #3799, .F. ) ;
#5998 = CARTESIAN_POINT ( 'NONE',  ( 4.500000000000000888, -1.019337330415933579E-14, 56.58721789887441389 ) ) ;
#5999 = CARTESIAN_POINT ( 'NONE',  ( 2.293029053300538855, 8.702989424850928302, 63.71377308852387245 ) ) ;
#6000 = CARTESIAN_POINT ( 'NONE',  ( 2.781152480892354006, 3.827928977956358558, 12.88529575708176722 ) ) ;
#6001 = FACE_OUTER_BOUND ( 'NONE', #1830, .T. ) ;
#6002 =( BOUNDED_CURVE ( )  B_SPLINE_CURVE ( 2, ( #4972, #1980, #1418, #6027, #4280, #357, #1615, #7155, #5019, #2617, #4329 ),
 .UNSPECIFIED., .F., .F. ) 
 B_SPLINE_CURVE_WITH_KNOTS ( ( 3, 2, 2, 2, 2, 3 ),
 ( 0.5714285707213444532, 0.5749999999999999556, 0.5785714285714286254, 0.5821428571428571841, 0.5857142857142857428, 0.5892857135784873579 ),
 .UNSPECIFIED. ) 
 CURVE ( )  GEOMETRIC_REPRESENTATION_ITEM ( )  RATIONAL_B_SPLINE_CURVE ( ( 1.000000000000000000, 0.9510565162951535312, 1.000000000000000000, 0.9510565162951535312, 1.000000000000000000, 0.9510565162951535312, 1.000000000000000000, 0.9510565162951535312, 1.000000000000000000, 0.9510565162951535312, 1.000000000000000000 ) ) 
 REPRESENTATION_ITEM ( '' )  );
#6003 = AXIS2_PLACEMENT_3D ( 'NONE', #2628, #3887, #4889 ) ;
#6004 = CARTESIAN_POINT ( 'NONE',  ( -9.000000398245257216, -1.540273981978424174E-14, 20.60446390250274362 ) ) ;
#6005 =( BOUNDED_CURVE ( )  B_SPLINE_CURVE ( 2, ( #3581, #781, #1871, #2956, #678, #6974, #47, #1682, #99, #2259, #2410 ),
 .UNSPECIFIED., .F., .F. ) 
 B_SPLINE_CURVE_WITH_KNOTS ( ( 3, 2, 2, 2, 2, 3 ),
 ( 0.4999999993171601043, 0.5034482758620689724, 0.5068965517241379448, 0.5103448275862069172, 0.5137931034482758896, 0.5172413786275050773 ),
 .UNSPECIFIED. ) 
 CURVE ( )  GEOMETRIC_REPRESENTATION_ITEM ( )  RATIONAL_B_SPLINE_CURVE ( ( 1.000000000000000000, 0.9510565162951535312, 1.000000000000000000, 0.9510565162951535312, 1.000000000000000000, 0.9510565162951535312, 1.000000000000000000, 0.9510565162951535312, 1.000000000000000000, 0.9510565162951535312, 1.000000000000000000 ) ) 
 REPRESENTATION_ITEM ( '' )  );
#6006 = CARTESIAN_POINT ( 'NONE',  ( -2.781153417856688570, 3.827928297211922626, 29.74294647966826943 ) ) ;
#6007 = CARTESIAN_POINT ( 'NONE',  ( 2.781152480892361112, 3.827928977956353673, 31.31913023783853589 ) ) ;
#6008 = CARTESIAN_POINT ( 'NONE',  ( 9.000000040356647801, 2.924278496961534746, 24.44321906645069831 ) ) ;
#6009 =( BOUNDED_CURVE ( )  B_SPLINE_CURVE ( 2, ( #856, #2438, #1292, #4732, #4111, #4248, #6535, #5854, #3514, #5314, #4054 ),
 .UNSPECIFIED., .F., .F. ) 
 B_SPLINE_CURVE_WITH_KNOTS ( ( 3, 2, 2, 2, 2, 3 ),
 ( 0.1607142850070587270, 0.1642857142857142849, 0.1678571428571428437, 0.1714285714285714302, 0.1749999999999999889, 0.1785714278642015762 ),
 .UNSPECIFIED. ) 
 CURVE ( )  GEOMETRIC_REPRESENTATION_ITEM ( )  RATIONAL_B_SPLINE_CURVE ( ( 1.000000000000000000, 0.9510565162951535312, 1.000000000000000000, 0.9510565162951535312, 1.000000000000000000, 0.9510565162951535312, 1.000000000000000000, 0.9510565162951535312, 1.000000000000000000, 0.9510565162951535312, 1.000000000000000000 ) ) 
 REPRESENTATION_ITEM ( '' )  );
#6010 = CARTESIAN_POINT ( 'NONE',  ( 5.562307081842510215, -7.655856933191476088, 56.24158354575612861 ) ) ;
#6011 =( BOUNDED_CURVE ( )  B_SPLINE_CURVE ( 2, ( #4014, #3425, #5324, #5166, #5906, #229, #816, #1350, #7274, #2635, #2093 ),
 .UNSPECIFIED., .F., .F. ) 
 B_SPLINE_CURVE_WITH_KNOTS ( ( 3, 2, 2, 2, 2, 3 ),
 ( 0.2068965510412980602, 0.2103448275862069006, 0.2137931034482758730, 0.2172413793103448176, 0.2206896551724137900, 0.2241379303516428667 ),
 .UNSPECIFIED. ) 
 CURVE ( )  GEOMETRIC_REPRESENTATION_ITEM ( )  RATIONAL_B_SPLINE_CURVE ( ( 1.000000000000000000, 0.9510565162951535312, 1.000000000000000000, 0.9510565162951535312, 1.000000000000000000, 0.9510565162951535312, 1.000000000000000000, 0.9510565162951535312, 1.000000000000000000, 0.9510565162951535312, 1.000000000000000000 ) ) 
 REPRESENTATION_ITEM ( '' )  );
#6012 = CARTESIAN_POINT ( 'NONE',  ( -4.499999821055703286, -1.462139183781880014, 4.590070240741218832 ) ) ;
#6013 = ORIENTED_EDGE ( 'NONE', *, *, #1574, .T. ) ;
#6014 = CARTESIAN_POINT ( 'NONE',  ( 5.562307081842491563, -7.655856933191490299, 12.19402696405338737 ) ) ;
#6015 = CARTESIAN_POINT ( 'NONE',  ( 0.0000000000000000000, 0.0000000000000000000, 0.0000000000000000000 ) ) ;
#6016 = VECTOR ( 'NONE', #440, 1000.000000000000000 ) ;
#6017 = AXIS2_PLACEMENT_3D ( 'NONE', #1166, #1206, #2235 ) ;
#6018 = CARTESIAN_POINT ( 'NONE',  ( 9.000000398245262545, -2.602816161207244035E-14, 54.01578889887440482 ) ) ;
#6019 = AXIS2_PLACEMENT_3D ( 'NONE', #1471, #5468, #946 ) ;
#6020 = CARTESIAN_POINT ( 'NONE',  ( -4.500000000000000888, 5.510910596163089556E-16, 0.0000000000000000000 ) ) ;
#6021 = ORIENTED_EDGE ( 'NONE', *, *, #1002, .F. ) ;
#6022 = CARTESIAN_POINT ( 'NONE',  ( -4.500000178944207008, 1.462138082314322851, 50.71143320152909695 ) ) ;
#6023 = FACE_OUTER_BOUND ( 'NONE', #301, .T. ) ;
#6024 = CARTESIAN_POINT ( 'NONE',  ( -9.000000398245260769, 1.102182168003596278E-15, 0.0000000000000000000 ) ) ;
#6025 = DIRECTION ( 'NONE',  ( 0.0000000000000000000, 0.0000000000000000000, 1.000000000000000000 ) ) ;
#6026 = CARTESIAN_POINT ( 'NONE',  ( 7.281153918988104934, -5.290066613608851220, 49.44410708097707641 ) ) ;
#6027 = CARTESIAN_POINT ( 'NONE',  ( 5.562305207913738947, 7.655858294680424336, 38.23181816812232370 ) ) ;
#6028 = DIRECTION ( 'NONE',  ( 1.000000000000000000, 0.0000000000000000000, 0.0000000000000000000 ) ) ;
#6029 = LINE ( 'NONE', #2320, #5991 ) ;
#6030 = EDGE_CURVE ( 'NONE', #3307, #458, #1297, .T. ) ;
#6031 = CARTESIAN_POINT ( 'NONE',  ( -5.562305207913749605, -7.655858294680417231, 16.34163972222365757 ) ) ;
#6032 = AXIS2_PLACEMENT_3D ( 'NONE', #4107, #2480, #6028 ) ;
#6033 = CARTESIAN_POINT ( 'NONE',  ( 7.281153918988108487, -5.290066613608845891, 7.700779809368923701 ) ) ;
#6034 = ORIENTED_EDGE ( 'NONE', *, *, #112, .T. ) ;
#6035 = CARTESIAN_POINT ( 'NONE',  ( -7.281153918988100493, 5.290066613608857438, 22.94547001488921012 ) ) ;
#6036 = CYLINDRICAL_SURFACE ( 'NONE', #972, 4.500000000000000888 ) ;
#6037 = CARTESIAN_POINT ( 'NONE',  ( 1.390576998466230174, -4.279754153142054207, 12.07881549854865710 ) ) ;
#6038 = VECTOR ( 'NONE', #942, 1000.000000000000000 ) ;
#6039 = DIRECTION ( 'NONE',  ( 0.0000000000000000000, 0.0000000000000000000, 1.000000000000000000 ) ) ;
#6040 = CARTESIAN_POINT ( 'NONE',  ( 2.781152024881061724, 8.559509365782295376, 15.30473653268109224 ) ) ;
#6041 = CARTESIAN_POINT ( 'NONE',  ( 0.0000000000000000000, 0.0000000000000000000, 0.0000000000000000000 ) ) ;
#6042 = DIRECTION ( 'NONE',  ( 0.0000000000000000000, 0.0000000000000000000, 1.000000000000000000 ) ) ;
#6043 = CARTESIAN_POINT ( 'NONE',  ( 2.781154119997051755, -8.559508685037842568, 21.56293242883245043 ) ) ;
#6044 = ADVANCED_FACE ( 'NONE', ( #1310 ), #1264, .T. ) ;
#6045 = EDGE_CURVE ( 'NONE', #1600, #1677, #5624, .T. ) ;
#6046 = CARTESIAN_POINT ( 'NONE',  ( 2.781153417856674803, -3.827928297211931952, 28.59083182462096673 ) ) ;
#6047 = CARTESIAN_POINT ( 'NONE',  ( -4.500000000000000888, 5.510910596163089556E-16, 0.0000000000000000000 ) ) ;
#6048 = ORIENTED_EDGE ( 'NONE', *, *, #5336, .T. ) ;
#6049 = CARTESIAN_POINT ( 'NONE',  ( -0.5347263882265083090, 9.448040703973790144, 64.09669665541011341 ) ) ;
#6050 = CARTESIAN_POINT ( 'NONE',  ( -4.500000000000000888, 2.783384036580251630E-14, 60.04356186401629714 ) ) ;
#6051 = LINE ( 'NONE', #5322, #3612 ) ;
#6052 = CARTESIAN_POINT ( 'NONE',  ( 0.0000000000000000000, 0.0000000000000000000, 0.0000000000000000000 ) ) ;
#6053 = CYLINDRICAL_SURFACE ( 'NONE', #5488, 4.500000000000000888 ) ;
#6054 = CARTESIAN_POINT ( 'NONE',  ( 2.781154119997053975, -8.559508685037842568, 18.99150342883244846 ) ) ;
#6055 = VECTOR ( 'NONE', #4597, 1000.000000000000000 ) ;
#6056 = CARTESIAN_POINT ( 'NONE',  ( 9.000000398245260769, 0.0000000000000000000, 0.0000000000000000000 ) ) ;
#6057 = CARTESIAN_POINT ( 'NONE',  ( 1.158151620279776496E-06, -9.463160436884182403, 16.83926234313852532 ) ) ;
#6058 = EDGE_CURVE ( 'NONE', #5596, #5818, #1301, .T. ) ;
#6059 = ORIENTED_EDGE ( 'NONE', *, *, #94, .T. ) ;
#6060 = CARTESIAN_POINT ( 'NONE',  ( 9.000000398245257216, -4.447680963534829263E-15, 7.931202696982466271 ) ) ;
#6061 = CARTESIAN_POINT ( 'NONE',  ( 2.781154119997060192, -8.559508685037840792, 12.07881549854865710 ) ) ;
#6062 = VECTOR ( 'NONE', #2633, 1000.000000000000000 ) ;
#6063 = CARTESIAN_POINT ( 'NONE',  ( -2.781152024881052398, -8.559509365782297152, 4.935704637255408755 ) ) ;
#6064 = EDGE_CURVE ( 'NONE', #2691, #3970, #6197, .T. ) ;
#6065 = CARTESIAN_POINT ( 'NONE',  ( -2.781152480892343348, -3.827928977956365664, 44.25959113326423022 ) ) ;
#6066 = LINE ( 'NONE', #1639, #976 ) ;
#6067 = PRESENTATION_LAYER_ASSIGNMENT (  '', '', ( #4628 ) ) ;
#6068 = DIRECTION ( 'NONE',  ( 1.000000000000000000, 0.0000000000000000000, 0.0000000000000000000 ) ) ;
#6069 = EDGE_LOOP ( 'NONE', ( #4272, #34, #4432, #354 ) ) ;
#6070 = CARTESIAN_POINT ( 'NONE',  ( -2.781152480892334022, -3.827928977956373213, 2.783463551561487392 ) ) ;
#6071 = FACE_OUTER_BOUND ( 'NONE', #2818, .T. ) ;
#6072 = DIRECTION ( 'NONE',  ( 1.000000000000000000, 0.0000000000000000000, 0.0000000000000000000 ) ) ;
#6073 = CARTESIAN_POINT ( 'NONE',  ( -7.281152624135268425, -5.290068395820882508, 57.70255583842167368 ) ) ;
#6074 = CARTESIAN_POINT ( 'NONE',  ( 0.0000000000000000000, 0.0000000000000000000, 0.0000000000000000000 ) ) ;
#6075 = ORIENTED_EDGE ( 'NONE', *, *, #6490, .F. ) ;
#6076 = CARTESIAN_POINT ( 'NONE',  ( -9.000000398245262545, 5.249167542000558224E-14, 48.25521562363792327 ) ) ;
#6077 = CARTESIAN_POINT ( 'NONE',  ( -2.781152480892343348, -3.827928977956366552, 2.516263861656081957 ) ) ;
#6078 = LINE ( 'NONE', #5787, #43 ) ;
#6079 = EDGE_CURVE ( 'NONE', #3101, #7245, #1989, .T. ) ;
#6080 =( BOUNDED_CURVE ( )  B_SPLINE_CURVE ( 2, ( #3686, #5790, #4822, #5887, #6432, #695, #206, #4198, #6527, #6332, #6888 ),
 .UNSPECIFIED., .F., .F. ) 
 B_SPLINE_CURVE_WITH_KNOTS ( ( 3, 2, 2, 2, 2, 3 ),
 ( 0.1071428564356301377, 0.1107142857142857095, 0.1142857142857142821, 0.1178571428571428548, 0.1214285714285714274, 0.1249999992927730008 ),
 .UNSPECIFIED. ) 
 CURVE ( )  GEOMETRIC_REPRESENTATION_ITEM ( )  RATIONAL_B_SPLINE_CURVE ( ( 1.000000000000000000, 0.9510565162951535312, 1.000000000000000000, 0.9510565162951535312, 1.000000000000000000, 0.9510565162951535312, 1.000000000000000000, 0.9510565162951535312, 1.000000000000000000, 0.9510565162951535312, 1.000000000000000000 ) ) 
 REPRESENTATION_ITEM ( '' )  );
#6081 = CARTESIAN_POINT ( 'NONE',  ( -4.500000000000000000, -1.344383738343847196E-14, 32.12561045297574225 ) ) ;
#6082 = AXIS2_PLACEMENT_3D ( 'NONE', #3587, #6206, #5116 ) ;
#6083 = CARTESIAN_POINT ( 'NONE',  ( -9.000000040356658459, -2.924278496961518758, 6.894299550835815360 ) ) ;
#6084 = EDGE_LOOP ( 'NONE', ( #7157, #2425, #2143, #6505 ) ) ;
#6085 =( BOUNDED_CURVE ( )  B_SPLINE_CURVE ( 2, ( #268, #4251, #954, #5988, #1483, #1577, #911 ),
 .UNSPECIFIED., .F., .F. ) 
 B_SPLINE_CURVE_WITH_KNOTS ( ( 3, 2, 2, 3 ),
 ( 0.9642857135784873579, 0.9678571428571428603, 0.9714285714285714191, 0.9717539484681750883 ),
 .UNSPECIFIED. ) 
 CURVE ( )  GEOMETRIC_REPRESENTATION_ITEM ( )  RATIONAL_B_SPLINE_CURVE ( ( 1.000000000000000000, 0.9510565162951535312, 1.000000000000000000, 0.9510565162951535312, 1.000000000000000000, 0.9955409759659834545, 0.9918944357942044432 ) ) 
 REPRESENTATION_ITEM ( '' )  );
#6086 = EDGE_CURVE ( 'NONE', #2231, #2835, #6329, .T. ) ;
#6087 = CARTESIAN_POINT ( 'NONE',  ( -9.000000398245257216, -1.540273981978424174E-14, 20.60446390250274362 ) ) ;
#6088 = DIRECTION ( 'NONE',  ( 0.0000000000000000000, 0.0000000000000000000, 1.000000000000000000 ) ) ;
#6089 = CARTESIAN_POINT ( 'NONE',  ( 2.781152024881079932, 8.559509365782288270, 36.31000001343787176 ) ) ;
#6090 = CARTESIAN_POINT ( 'NONE',  ( 4.500000000000000888, -3.331652085449661159E-14, 49.40733027868520111 ) ) ;
#6091 = CARTESIAN_POINT ( 'NONE',  ( -3.640576798400449565, 2.645033189763096093, 4.244435844227029797 ) ) ;
#6092 = CARTESIAN_POINT ( 'NONE',  ( 4.500000000000000888, 0.0000000000000000000, 0.0000000000000000000 ) ) ;
#6093 = AXIS2_PLACEMENT_3D ( 'NONE', #1679, #1180, #5027 ) ;
#6094 = CARTESIAN_POINT ( 'NONE',  ( -9.000000398245260769, -1.294811377129188417E-15, 13.69177597221895759 ) ) ;
#6095 = VERTEX_POINT ( 'NONE', #3190 ) ;
#6096 = CARTESIAN_POINT ( 'NONE',  ( -5.986021724270770505, 7.329321208049877967, 64.32711958641959882 ) ) ;
#6097 = CARTESIAN_POINT ( 'NONE',  ( -9.000000756133731628, 2.924276294026208145, 39.19028665105611253 ) ) ;
#6098 = CARTESIAN_POINT ( 'NONE',  ( 1.390576998466235503, -4.279754153142051543, 23.86716173892704518 ) ) ;
#6099 = EDGE_CURVE ( 'NONE', #6322, #3405, #4171, .T. ) ;
#6100 = DIRECTION ( 'NONE',  ( 1.000000000000000000, 0.0000000000000000000, 0.0000000000000000000 ) ) ;
#6101 = CARTESIAN_POINT ( 'NONE',  ( -5.562307081842533307, 7.655856933191460101, 62.00215682099261727 ) ) ;
#6102 = LINE ( 'NONE', #1590, #3526 ) ;
#6103 = CARTESIAN_POINT ( 'NONE',  ( -2.781153417856651711, 3.827928297211948383, 29.47574678976285867 ) ) ;
#6104 = CARTESIAN_POINT ( 'NONE',  ( 2.781152480892330914, 3.827928977956374990, 45.41170578831152937 ) ) ;
#6105 = ADVANCED_FACE ( 'NONE', ( #6282 ), #4100, .F. ) ;
#6106 = CARTESIAN_POINT ( 'NONE',  ( 2.781153417856673027, -3.827928297211933284, 9.889797653958790846 ) ) ;
#6107 = ORIENTED_EDGE ( 'NONE', *, *, #3857, .F. ) ;
#6108 = CARTESIAN_POINT ( 'NONE',  ( 0.0000000000000000000, 0.0000000000000000000, 0.0000000000000000000 ) ) ;
#6109 = AXIS2_PLACEMENT_3D ( 'NONE', #1672, #5383, #966 ) ;
#6110 = CARTESIAN_POINT ( 'NONE',  ( 4.499999821055725491, 1.462139183781810736, 54.39820009768044429 ) ) ;
#6111 = LINE ( 'NONE', #4831, #1285 ) ;
#6112 = CARTESIAN_POINT ( 'NONE',  ( -7.281153918988100493, 5.290066613608857438, 22.67827032498380291 ) ) ;
#6113 = CARTESIAN_POINT ( 'NONE',  ( 3.640576150974042857, 2.645034080869097082, 61.42609949346898190 ) ) ;
#6114 = VERTEX_POINT ( 'NONE', #6081 ) ;
#6115 = CARTESIAN_POINT ( 'NONE',  ( 9.000000398245257216, -4.447680963534829263E-15, 8.198402386887869042 ) ) ;
#6116 = VECTOR ( 'NONE', #6894, 1000.000000000000000 ) ;
#6117 = EDGE_CURVE ( 'NONE', #639, #4583, #2996, .T. ) ;
#6118 = CARTESIAN_POINT ( 'NONE',  ( 5.562305207913777139, 7.655858294680395026, 20.06518337727096224 ) ) ;
#6119 = CARTESIAN_POINT ( 'NONE',  ( 9.000000398245260769, 0.0000000000000000000, 0.0000000000000000000 ) ) ;
#6120 = DIRECTION ( 'NONE',  ( 0.0000000000000000000, 0.0000000000000000000, 1.000000000000000000 ) ) ;
#6121 = DIRECTION ( 'NONE',  ( 0.0000000000000000000, 0.0000000000000000000, 1.000000000000000000 ) ) ;
#6122 = CARTESIAN_POINT ( 'NONE',  ( -2.781154119997065521, 8.559508685037839015, 6.318242223312167560 ) ) ;
#6123 = CARTESIAN_POINT ( 'NONE',  ( 9.000000756133728075, -2.924276294026219247, 17.03290851525204275 ) ) ;
#6124 = CARTESIAN_POINT ( 'NONE',  ( -2.781152024881071938, -8.559509365782291823, 60.50440776943113264 ) ) ;
#6125 = ORIENTED_EDGE ( 'NONE', *, *, #4513, .F. ) ;
#6126 = CARTESIAN_POINT ( 'NONE',  ( -9.000000398245262545, -2.688767569745515197E-14, 32.12561045297574225 ) ) ;
#6127 = UNCERTAINTY_MEASURE_WITH_UNIT (LENGTH_MEASURE( 1.000000000000000082E-05 ), #2153, 'distance_accuracy_value', 'NONE');
#6128 = CARTESIAN_POINT ( 'NONE',  ( 3.640576798400446901, -2.645033189763099646, 12.30923842955811587 ) ) ;
#6129 = EDGE_CURVE ( 'NONE', #5363, #6874, #6399, .T. ) ;
#6130 = DIRECTION ( 'NONE',  ( 0.0000000000000000000, 0.0000000000000000000, 1.000000000000000000 ) ) ;
#6131 = FACE_OUTER_BOUND ( 'NONE', #3685, .T. ) ;
#6132 = CARTESIAN_POINT ( 'NONE',  ( 3.640576150974008218, 2.645034080869144155, 49.63775325309057962 ) ) ;
#6133 = CARTESIAN_POINT ( 'NONE',  ( 7.281152624135207141, 5.290068395820968661, 47.33352394299598842 ) ) ;
#6134 = EDGE_CURVE ( 'NONE', #3434, #5386, #1431, .T. ) ;
#6135 = CARTESIAN_POINT ( 'NONE',  ( -4.500000000000000000, -9.035108872691705829E-15, 41.34252769335412125 ) ) ;
#6136 = SURFACE_SIDE_STYLE ('',( #2421 ) ) ;
#6137 = DIRECTION ( 'NONE',  ( -0.0000000000000000000, -0.0000000000000000000, -1.000000000000000000 ) ) ;
#6138 = EDGE_LOOP ( 'NONE', ( #5108, #6107, #372, #2718 ) ) ;
#6139 = CARTESIAN_POINT ( 'NONE',  ( 1.158151662023711812E-06, -9.463160436884182403, 42.18578475417908891 ) ) ;
#6140 = DIRECTION ( 'NONE',  ( 0.0000000000000000000, 0.0000000000000000000, 1.000000000000000000 ) ) ;
#6141 = CARTESIAN_POINT ( 'NONE',  ( 0.0000000000000000000, 0.0000000000000000000, 0.0000000000000000000 ) ) ;
#6142 = CARTESIAN_POINT ( 'NONE',  ( 4.500000000000000888, -4.428200187647343457E-15, 12.53966131717165666 ) ) ;
#6143 = CARTESIAN_POINT ( 'NONE',  ( 9.000000398245260769, -1.370601729845173416E-14, 61.19567651906358918 ) ) ;
#6144 = EDGE_CURVE ( 'NONE', #4061, #3225, #3951, .T. ) ;
#6145 = CARTESIAN_POINT ( 'NONE',  ( -4.500000000000000000, -4.211171415427525904E-14, 39.03829838325953006 ) ) ;
#6146 = CARTESIAN_POINT ( 'NONE',  ( 9.000000398245262545, -3.484561915055386176E-14, 63.49990582915819459 ) ) ;
#6147 = CARTESIAN_POINT ( 'NONE',  ( 1.390576998466258596, -4.279754153142044437, 39.99676690958922620 ) ) ;
#6148 = CARTESIAN_POINT ( 'NONE',  ( -5.562305207913778915, -7.655858294680393250, 55.51353799383179677 ) ) ;
#6149 = EDGE_CURVE ( 'NONE', #3546, #633, #3905, .T. ) ;
#6150 = VERTEX_POINT ( 'NONE', #2351 ) ;
#6151 = CARTESIAN_POINT ( 'NONE',  ( 3.640576798400443348, -2.645033189763103643, 58.39382463145005175 ) ) ;
#6152 = CARTESIAN_POINT ( 'NONE',  ( 0.0000000000000000000, 0.0000000000000000000, 0.0000000000000000000 ) ) ;
#6153 = CARTESIAN_POINT ( 'NONE',  ( -2.781153417856684129, 3.827928297211925734, 38.95986372004664844 ) ) ;
#6154 = CARTESIAN_POINT ( 'NONE',  ( -4.500000000000000888, -3.038400712106519039E-15, 62.34779117411088833 ) ) ;
#6155 = ADVANCED_FACE ( 'NONE', ( #6545 ), #6488, .F. ) ;
#6156 = ORIENTED_EDGE ( 'NONE', *, *, #6520, .F. ) ;
#6157 = CARTESIAN_POINT ( 'NONE',  ( 5.790758114313215838E-07, -4.731580009072167137, 3.013886482570947045 ) ) ;
#6158 = CYLINDRICAL_SURFACE ( 'NONE', #3447, 9.000000398245260769 ) ;
#6159 = CARTESIAN_POINT ( 'NONE',  ( 0.0000000000000000000, 0.0000000000000000000, 0.0000000000000000000 ) ) ;
#6160 = CARTESIAN_POINT ( 'NONE',  ( -5.562305207913753158, -7.655858294680414566, 5.087692861656083920 ) ) ;
#6161 = VERTEX_POINT ( 'NONE', #6310 ) ;
#6162 = AXIS2_PLACEMENT_3D ( 'NONE', #5783, #1144, #2158 ) ;
#6163 = DIRECTION ( 'NONE',  ( 1.000000000000000000, 0.0000000000000000000, 0.0000000000000000000 ) ) ;
#6164 = CARTESIAN_POINT ( 'NONE',  ( 1.390576998466192427, -4.279754153142065753, 28.20842066921083457 ) ) ;
#6165 = EDGE_CURVE ( 'NONE', #4201, #6289, #6362, .T. ) ;
#6166 = CARTESIAN_POINT ( 'NONE',  ( 0.0000000000000000000, 0.0000000000000000000, 0.0000000000000000000 ) ) ;
#6167 = CARTESIAN_POINT ( 'NONE',  ( 9.000000756133692548, -2.924276294026314282, 49.29211885657640124 ) ) ;
#6168 = ORIENTED_EDGE ( 'NONE', *, *, #3333, .F. ) ;
#6169 = CARTESIAN_POINT ( 'NONE',  ( 2.781153417856684129, -3.827928297211925734, 5.548538723675004114 ) ) ;
#6170 = CYLINDRICAL_SURFACE ( 'NONE', #6019, 9.000000398245260769 ) ;
#6171 = CARTESIAN_POINT ( 'NONE',  ( 1.390575950908279346, 4.279754493514264624, 43.22268794372165956 ) ) ;
#6172 = CARTESIAN_POINT ( 'NONE',  ( -9.000000398245262545, 6.130913295848700050E-14, 57.73933255392171304 ) ) ;
#6173 = CARTESIAN_POINT ( 'NONE',  ( -4.499999821055700622, -1.462139183781889562, 34.54505127197097636 ) ) ;
#6174 = CARTESIAN_POINT ( 'NONE',  ( 5.562305207913752270, 7.655858294680414566, 3.668378516703379777 ) ) ;
#6175 = CARTESIAN_POINT ( 'NONE',  ( -9.000000756133736957, 2.924276294026183720, 13.57656455011014351 ) ) ;
#6176 = CARTESIAN_POINT ( 'NONE',  ( 0.0000000000000000000, 0.0000000000000000000, 0.0000000000000000000 ) ) ;
#6177 = AXIS2_PLACEMENT_3D ( 'NONE', #1198, #4609, #5201 ) ;
#6178 = APPLICATION_PROTOCOL_DEFINITION ( 'draft international standard', 'automotive_design', 1998, #7278 ) ;
#6179 = CARTESIAN_POINT ( 'NONE',  ( 0.0000000000000000000, 0.0000000000000000000, 0.0000000000000000000 ) ) ;
#6180 = ORIENTED_EDGE ( 'NONE', *, *, #5191, .F. ) ;
#6181 = CARTESIAN_POINT ( 'NONE',  ( -2.781152024881055507, -8.559509365782297152, 42.07057328867436041 ) ) ;
#6182 = DIRECTION ( 'NONE',  ( 0.0000000000000000000, 0.0000000000000000000, 1.000000000000000000 ) ) ;
#6183 = CARTESIAN_POINT ( 'NONE',  ( 9.000000398245257216, -6.652045374004582702E-15, 10.50263169698246557 ) ) ;
#6184 = FACE_OUTER_BOUND ( 'NONE', #7315, .T. ) ;
#6185 = DIRECTION ( 'NONE',  ( 0.0000000000000000000, 0.0000000000000000000, 1.000000000000000000 ) ) ;
#6186 = CIRCLE ( 'NONE', #310, 9.000000398245260769 ) ;
#6187 = ORIENTED_EDGE ( 'NONE', *, *, #5191, .T. ) ;
#6188 = DIRECTION ( 'NONE',  ( 1.000000000000000000, 0.0000000000000000000, 0.0000000000000000000 ) ) ;
#6189 = EDGE_LOOP ( 'NONE', ( #4075, #2006, #4637, #2408 ) ) ;
#6190 = AXIS2_PLACEMENT_3D ( 'NONE', #2221, #2857, #3309 ) ;
#6191 = FILL_AREA_STYLE_COLOUR ( '', #3290 ) ;
#6192 = CARTESIAN_POINT ( 'NONE',  ( 4.500000000000000888, 1.472790022038344647E-14, 31.24069548783384320 ) ) ;
#6193 = ORIENTED_EDGE ( 'NONE', *, *, #6834, .T. ) ;
#6194 = DIRECTION ( 'NONE',  ( 0.0000000000000000000, 0.0000000000000000000, 1.000000000000000000 ) ) ;
#6195 = DIRECTION ( 'NONE',  ( 1.000000000000000000, 0.0000000000000000000, 0.0000000000000000000 ) ) ;
#6196 = VECTOR ( 'NONE', #6707, 1000.000000000000000 ) ;
#6197 = LINE ( 'NONE', #6631, #6236 ) ;
#6198 = ADVANCED_FACE ( 'NONE', ( #6389 ), #6429, .F. ) ;
#6199 = CARTESIAN_POINT ( 'NONE',  ( -1.158151648105161814E-06, 9.463160436884182403, 22.59983561837501753 ) ) ;
#6200 = AXIS2_PLACEMENT_3D ( 'NONE', #4990, #962, #2796 ) ;
#6201 = ORIENTED_EDGE ( 'NONE', *, *, #5796, .F. ) ;
#6202 = CARTESIAN_POINT ( 'NONE',  ( -4.500000178944231877, 1.462138082314244247, 20.75645217029934386 ) ) ;
#6203 = DIRECTION ( 'NONE',  ( 1.000000000000000000, 0.0000000000000000000, 0.0000000000000000000 ) ) ;
#6204 = CARTESIAN_POINT ( 'NONE',  ( -4.500000000000000000, -9.035108872691705829E-15, 41.34252769335412125 ) ) ;
#6205 = CARTESIAN_POINT ( 'NONE',  ( -2.781154119997110374, 8.559508685037823028, 57.27848673529869927 ) ) ;
#6206 = DIRECTION ( 'NONE',  ( 0.0000000000000000000, 0.0000000000000000000, 1.000000000000000000 ) ) ;
#6207 = CARTESIAN_POINT ( 'NONE',  ( 9.000000398245262545, -1.721070469397648466E-14, 44.79887165849601871 ) ) ;
#6208 = CARTESIAN_POINT ( 'NONE',  ( 0.0000000000000000000, 0.0000000000000000000, 0.0000000000000000000 ) ) ;
#6209 = CARTESIAN_POINT ( 'NONE',  ( -9.000000398245262545, -2.688767569745515197E-14, 32.39281014288113880 ) ) ;
#6210 = CARTESIAN_POINT ( 'NONE',  ( 7.281153918988121809, -5.290066613608826351, 16.91769704974731070 ) ) ;
#6211 = ADVANCED_FACE ( 'NONE', ( #1460 ), #1479, .T. ) ;
#6212 = EDGE_CURVE ( 'NONE', #4101, #5000, #3915, .T. ) ;
#6213 = CARTESIAN_POINT ( 'NONE',  ( -9.000000040356631814, -2.924278496961595586, 60.15877337291694005 ) ) ;
#6214 = EDGE_LOOP ( 'NONE', ( #7090, #4562, #4004, #2162 ) ) ;
#6215 = CARTESIAN_POINT ( 'NONE',  ( -4.500000000000000000, -1.785258647030337451E-14, 22.90869321259734903 ) ) ;
#6216 =( BOUNDED_CURVE ( )  B_SPLINE_CURVE ( 2, ( #2102, #636, #55, #2800, #4351, #3404, #7283, #4947, #483, #1054, #3944 ),
 .UNSPECIFIED., .F., .F. ) 
 B_SPLINE_CURVE_WITH_KNOTS ( ( 3, 2, 2, 2, 2, 3 ),
 ( 0.2931034475930221483, 0.2965517241379310165, 0.2999999999999999889, 0.3034482758620689613, 0.3068965517241379337, 0.3103448269033670659 ),
 .UNSPECIFIED. ) 
 CURVE ( )  GEOMETRIC_REPRESENTATION_ITEM ( )  RATIONAL_B_SPLINE_CURVE ( ( 1.000000000000000000, 0.9510565162951535312, 1.000000000000000000, 0.9510565162951535312, 1.000000000000000000, 0.9510565162951535312, 1.000000000000000000, 0.9510565162951535312, 1.000000000000000000, 0.9510565162951535312, 1.000000000000000000 ) ) 
 REPRESENTATION_ITEM ( '' )  );
#6217 = AXIS2_PLACEMENT_3D ( 'NONE', #5909, #3664, #1213 ) ;
#6218 = FACE_OUTER_BOUND ( 'NONE', #2962, .T. ) ;
#6219 = CARTESIAN_POINT ( 'NONE',  ( -7.281152624135254214, -5.290068395820904712, 30.05180411728651180 ) ) ;
#6220 = CARTESIAN_POINT ( 'NONE',  ( 9.000000398245260769, 0.0000000000000000000, 0.0000000000000000000 ) ) ;
#6221 = EDGE_CURVE ( 'NONE', #4326, #6712, #4070, .T. ) ;
#6222 =( BOUNDED_CURVE ( )  B_SPLINE_CURVE ( 2, ( #6145, #1059, #1150, #4952, #642, #2755, #3903, #2703, #6745, #7, #1103 ),
 .UNSPECIFIED., .F., .F. ) 
 B_SPLINE_CURVE_WITH_KNOTS ( ( 3, 2, 2, 2, 2, 3 ),
 ( 0.5892857135784873579, 0.5928571428571428603, 0.5964285714285714191, 0.5999999999999999778, 0.6035714285714285365, 0.6071428564356300406 ),
 .UNSPECIFIED. ) 
 CURVE ( )  GEOMETRIC_REPRESENTATION_ITEM ( )  RATIONAL_B_SPLINE_CURVE ( ( 1.000000000000000000, 0.9510565162951535312, 1.000000000000000000, 0.9510565162951535312, 1.000000000000000000, 0.9510565162951535312, 1.000000000000000000, 0.9510565162951535312, 1.000000000000000000, 0.9510565162951535312, 1.000000000000000000 ) ) 
 REPRESENTATION_ITEM ( '' )  );
#6223 = CARTESIAN_POINT ( 'NONE',  ( -9.000000398245262545, -1.366148964822695970E-14, 46.21818600344872152 ) ) ;
#6224 =( BOUNDED_CURVE ( )  B_SPLINE_CURVE ( 2, ( #6440, #6995, #2534, #7099, #3691, #4245, #1378, #4832, #2436, #5414, #804 ),
 .UNSPECIFIED., .F., .F. ) 
 B_SPLINE_CURVE_WITH_KNOTS ( ( 3, 2, 2, 2, 2, 3 ),
 ( 0.6428571421499159610, 0.6464285714285714635, 0.6500000000000000222, 0.6535714285714285809, 0.6571428571428571397, 0.6607142850070587548 ),
 .UNSPECIFIED. ) 
 CURVE ( )  GEOMETRIC_REPRESENTATION_ITEM ( )  RATIONAL_B_SPLINE_CURVE ( ( 1.000000000000000000, 0.9510565162951535312, 1.000000000000000000, 0.9510565162951535312, 1.000000000000000000, 0.9510565162951535312, 1.000000000000000000, 0.9510565162951535312, 1.000000000000000000, 0.9510565162951535312, 1.000000000000000000 ) ) 
 REPRESENTATION_ITEM ( '' )  );
#6225 = CARTESIAN_POINT ( 'NONE',  ( 2.781152480892343348, 3.827928977956366108, 3.668378516703379777 ) ) ;
#6226 = CARTESIAN_POINT ( 'NONE',  ( 4.499999821055705063, 1.462139183781873797, 33.39293661692367010 ) ) ;
#6227 =( BOUNDED_CURVE ( )  B_SPLINE_CURVE ( 2, ( #6018, #5969, #6983, #251, #1929, #202, #793, #303, #5456, #1413, #2566 ),
 .UNSPECIFIED., .F., .F. ) 
 B_SPLINE_CURVE_WITH_KNOTS ( ( 3, 2, 2, 2, 2, 3 ),
 ( 0.8214285707213444532, 0.8249999999999999556, 0.8285714285714286254, 0.8321428571428571841, 0.8357142857142857428, 0.8392857135784872469 ),
 .UNSPECIFIED. ) 
 CURVE ( )  GEOMETRIC_REPRESENTATION_ITEM ( )  RATIONAL_B_SPLINE_CURVE ( ( 1.000000000000000000, 0.9510565162951535312, 1.000000000000000000, 0.9510565162951535312, 1.000000000000000000, 0.9510565162951535312, 1.000000000000000000, 0.9510565162951535312, 1.000000000000000000, 0.9510565162951535312, 1.000000000000000000 ) ) 
 REPRESENTATION_ITEM ( '' )  );
#6228 = CARTESIAN_POINT ( 'NONE',  ( 3.640576798400471326, -2.645033189763065451, 49.44410708097707641 ) ) ;
#6229 = ORIENTED_EDGE ( 'NONE', *, *, #448, .T. ) ;
#6230 = CARTESIAN_POINT ( 'NONE',  ( 5.562305207913735394, 7.655858294680427001, 33.62335954793313419 ) ) ;
#6231 = DIRECTION ( 'NONE',  ( 0.0000000000000000000, 0.0000000000000000000, 1.000000000000000000 ) ) ;
#6232 = CARTESIAN_POINT ( 'NONE',  ( -1.390576998466163117, 4.279754153142075523, 59.31551635548788681 ) ) ;
#6233 = EDGE_CURVE ( 'NONE', #836, #5598, #6513, .T. ) ;
#6234 = CYLINDRICAL_SURFACE ( 'NONE', #5852, 9.000000398245260769 ) ;
#6235 = CARTESIAN_POINT ( 'NONE',  ( 1.390575950908283787, 4.279754493514263736, 52.43960518410004568 ) ) ;
#6236 = VECTOR ( 'NONE', #361, 1000.000000000000000 ) ;
#6237 =( BOUNDED_CURVE ( )  B_SPLINE_CURVE ( 2, ( #4830, #5569, #4244, #1978, #1470, #5411, #4327, #4278, #6485, #3644, #5359 ),
 .UNSPECIFIED., .F., .F. ) 
 B_SPLINE_CURVE_WITH_KNOTS ( ( 3, 2, 2, 2, 2, 3 ),
 ( 0.6964285707213444532, 0.6999999999999999556, 0.7035714285714286254, 0.7071428571428571841, 0.7107142857142857428, 0.7142857135784873579 ),
 .UNSPECIFIED. ) 
 CURVE ( )  GEOMETRIC_REPRESENTATION_ITEM ( )  RATIONAL_B_SPLINE_CURVE ( ( 1.000000000000000000, 0.9510565162951535312, 1.000000000000000000, 0.9510565162951535312, 1.000000000000000000, 0.9510565162951535312, 1.000000000000000000, 0.9510565162951535312, 1.000000000000000000, 0.9510565162951535312, 1.000000000000000000 ) ) 
 REPRESENTATION_ITEM ( '' )  );
#6238 = CYLINDRICAL_SURFACE ( 'NONE', #2363, 9.000000398245260769 ) ;
#6239 = EDGE_CURVE ( 'NONE', #3783, #4715, #5125, .T. ) ;
#6240 = CARTESIAN_POINT ( 'NONE',  ( 2.781154119997143681, -8.559508685037814146, 53.55494308025139816 ) ) ;
#6241 = CARTESIAN_POINT ( 'NONE',  ( 2.781153417856646826, -3.827928297211952380, 30.89506113471556503 ) ) ;
#6242 = CARTESIAN_POINT ( 'NONE',  ( -2.781152024881189622, -8.559509365782252743, 55.62874945933653237 ) ) ;
#6243 = ORIENTED_EDGE ( 'NONE', *, *, #3320, .T. ) ;
#6244 = CARTESIAN_POINT ( 'NONE',  ( 7.281153918988107598, -5.290066613608847668, 10.00500911946352112 ) ) ;
#6245 = CARTESIAN_POINT ( 'NONE',  ( -1.390575950908261804, -4.279754493514269953, 14.15262187763379487 ) ) ;
#6246 = CARTESIAN_POINT ( 'NONE',  ( -9.000000398245257216, -1.063239678614364001E-15, 2.437829111651377278 ) ) ;
#6247 = FACE_OUTER_BOUND ( 'NONE', #6910, .T. ) ;
#6248 = FACE_OUTER_BOUND ( 'NONE', #2865, .T. ) ;
#6249 = CARTESIAN_POINT ( 'NONE',  ( 4.500000000000000888, -1.434784355027890828E-14, 33.27772510802302719 ) ) ;
#6250 = ORIENTED_EDGE ( 'NONE', *, *, #2518, .F. ) ;
#6251 = CARTESIAN_POINT ( 'NONE',  ( 4.500000178944241647, -1.462138082314216936, 63.38469440704937341 ) ) ;
#6252 = CARTESIAN_POINT ( 'NONE',  ( 4.500000000000000888, -5.784627267522990942E-15, 47.37030065849602067 ) ) ;
#6253 = EDGE_CURVE ( 'NONE', #7313, #5419, #1555, .T. ) ;
#6254 = CARTESIAN_POINT ( 'NONE',  ( 9.000000398245262545, 3.571632292188978650E-14, 56.58721789887440679 ) ) ;
#6255 = CARTESIAN_POINT ( 'NONE',  ( 7.281153918988109375, -5.290066613608844115, 5.663750189179732608 ) ) ;
#6256 = CARTESIAN_POINT ( 'NONE',  ( 1.390576998466209080, -4.279754153142060424, 58.16340170044058766 ) ) ;
#6257 = ADVANCED_FACE ( 'NONE', ( #1625 ), #6524, .T. ) ;
#6258 = DIRECTION ( 'NONE',  ( 0.0000000000000000000, 0.0000000000000000000, 1.000000000000000000 ) ) ;
#6259 = CYLINDRICAL_SURFACE ( 'NONE', #4678, 9.000000398245260769 ) ;
#6260 = ORIENTED_EDGE ( 'NONE', *, *, #3584, .F. ) ;
#6261 = DIRECTION ( 'NONE',  ( 1.000000000000000000, 0.0000000000000000000, 0.0000000000000000000 ) ) ;
#6262 = CARTESIAN_POINT ( 'NONE',  ( 9.000000398245257216, -1.326513829522111016E-14, 17.41531962726625338 ) ) ;
#6263 = ORIENTED_EDGE ( 'NONE', *, *, #555, .F. ) ;
#6264 = FACE_OUTER_BOUND ( 'NONE', #2234, .T. ) ;
#6265 = CARTESIAN_POINT ( 'NONE',  ( 2.781152024881055507, 8.559509365782297152, 8.392048602397302659 ) ) ;
#6266 = CYLINDRICAL_SURFACE ( 'NONE', #6093, 9.000000398245260769 ) ;
#6267 = AXIS2_PLACEMENT_3D ( 'NONE', #1795, #2377, #3550 ) ;
#6268 = CARTESIAN_POINT ( 'NONE',  ( 2.781153417856629062, -3.827928297211965258, 51.36592523566152835 ) ) ;
#6269 = CARTESIAN_POINT ( 'NONE',  ( 7.281153918988067630, -5.290066613608900958, 47.13987777088247100 ) ) ;
#6270 = LINE ( 'NONE', #3003, #1347 ) ;
#6271 = VERTEX_POINT ( 'NONE', #721 ) ;
#6272 = CARTESIAN_POINT ( 'NONE',  ( -2.781153417856670362, 3.827928297211935060, 50.21381058061422920 ) ) ;
#6273 = CARTESIAN_POINT ( 'NONE',  ( 4.500000000000000888, 2.067888540303684498E-14, 58.89144720896899798 ) ) ;
#6274 = CARTESIAN_POINT ( 'NONE',  ( -4.500000000000000888, 1.681199494560097905E-14, 37.00126876307033541 ) ) ;
#6275 = ADVANCED_FACE ( 'NONE', ( #1417 ), #1510, .T. ) ;
#6276 = DIRECTION ( 'NONE',  ( 0.0000000000000000000, 0.0000000000000000000, 1.000000000000000000 ) ) ;
#6277 = CARTESIAN_POINT ( 'NONE',  ( 2.781154119996975815, -8.559508685037869213, 37.69253759949462790 ) ) ;
#6278 = EDGE_LOOP ( 'NONE', ( #4666, #4723, #1801, #7293, #6737, #4885 ) ) ;
#6279 = CARTESIAN_POINT ( 'NONE',  ( 5.562305207913743388, 7.655858294680421672, 42.84027678831152031 ) ) ;
#6280 = DIRECTION ( 'NONE',  ( 0.0000000000000000000, 0.0000000000000000000, 1.000000000000000000 ) ) ;
#6281 = CARTESIAN_POINT ( 'NONE',  ( -9.000000398245260769, 1.102182168003596278E-15, 0.0000000000000000000 ) ) ;
#6282 = FACE_OUTER_BOUND ( 'NONE', #5830, .T. ) ;
#6283 = AXIS2_PLACEMENT_3D ( 'NONE', #1534, #4532, #7272 ) ;
#6284 = DIRECTION ( 'NONE',  ( 1.000000000000000000, 0.0000000000000000000, 0.0000000000000000000 ) ) ;
#6285 = CYLINDRICAL_SURFACE ( 'NONE', #1208, 9.000000398245260769 ) ;
#6286 = ORIENTED_EDGE ( 'NONE', *, *, #910, .T. ) ;
#6287 = DIRECTION ( 'NONE',  ( 0.0000000000000000000, 0.0000000000000000000, 1.000000000000000000 ) ) ;
#6288 = CARTESIAN_POINT ( 'NONE',  ( 5.790758181037992736E-07, -4.731580009072167137, 39.88155544408449060 ) ) ;
#6289 = VERTEX_POINT ( 'NONE', #1263 ) ;
#6290 = CARTESIAN_POINT ( 'NONE',  ( 3.640576150974028202, 2.645034080869116622, 10.73305467138784586 ) ) ;
#6291 = CARTESIAN_POINT ( 'NONE',  ( 2.781152480892388201, 3.827928977956333245, 54.62862302868990838 ) ) ;
#6292 = VECTOR ( 'NONE', #445, 1000.000000000000000 ) ;
#6293 = CARTESIAN_POINT ( 'NONE',  ( 2.781152024881061724, 8.559509365782295376, 15.57193622258649768 ) ) ;
#6294 = CARTESIAN_POINT ( 'NONE',  ( -4.499999821055698845, -1.462139183781896890, 41.72493889216017493 ) ) ;
#6295 = FACE_OUTER_BOUND ( 'NONE', #5165, .T. ) ;
#6296 = EDGE_CURVE ( 'NONE', #1404, #4406, #2990, .T. ) ;
#6297 = VECTOR ( 'NONE', #706, 1000.000000000000000 ) ;
#6298 = EDGE_CURVE ( 'NONE', #3038, #1077, #3939, .T. ) ;
#6299 = VERTEX_POINT ( 'NONE', #3051 ) ;
#6300 = DIRECTION ( 'NONE',  ( 1.000000000000000000, 0.0000000000000000000, 0.0000000000000000000 ) ) ;
#6301 =( BOUNDED_CURVE ( )  B_SPLINE_CURVE ( 2, ( #2980, #4671, #1114, #5746, #1380, #2927, #5850, #3554, #5204, #5417, #1649 ),
 .UNSPECIFIED., .F., .F. ) 
 B_SPLINE_CURVE_WITH_KNOTS ( ( 3, 2, 2, 2, 2, 3 ),
 ( 0.3749999992927730008, 0.3785714285714285587, 0.3821428571428571175, 0.3857142857142857317, 0.3892857142857142905, 0.3928571421499159055 ),
 .UNSPECIFIED. ) 
 CURVE ( )  GEOMETRIC_REPRESENTATION_ITEM ( )  RATIONAL_B_SPLINE_CURVE ( ( 1.000000000000000000, 0.9510565162951535312, 1.000000000000000000, 0.9510565162951535312, 1.000000000000000000, 0.9510565162951535312, 1.000000000000000000, 0.9510565162951535312, 1.000000000000000000, 0.9510565162951535312, 1.000000000000000000 ) ) 
 REPRESENTATION_ITEM ( '' )  );
#6302 = VECTOR ( 'NONE', #4843, 1000.000000000000000 ) ;
#6303 = CARTESIAN_POINT ( 'NONE',  ( -2.781152024881038631, -8.559509365782302481, 23.63673880791758819 ) ) ;
#6304 = CARTESIAN_POINT ( 'NONE',  ( -2.781154119997063745, 8.559508685037840792, 8.889671223312166859 ) ) ;
#6305 = EDGE_CURVE ( 'NONE', #5061, #4192, #3923, .T. ) ;
#6306 = CARTESIAN_POINT ( 'NONE',  ( 4.500000000000000888, 0.0000000000000000000, 0.0000000000000000000 ) ) ;
#6307 = VERTEX_POINT ( 'NONE', #921 ) ;
#6308 =( BOUNDED_CURVE ( )  B_SPLINE_CURVE ( 2, ( #1286, #1197, #646, #5200, #3507, #6890, #3025, #1240, #3595, #4328, #3549 ),
 .UNSPECIFIED., .F., .F. ) 
 B_SPLINE_CURVE_WITH_KNOTS ( ( 3, 2, 2, 2, 2, 3 ),
 ( 0.8214285707213444532, 0.8249999999999999556, 0.8285714285714286254, 0.8321428571428571841, 0.8357142857142857428, 0.8392857135784872469 ),
 .UNSPECIFIED. ) 
 CURVE ( )  GEOMETRIC_REPRESENTATION_ITEM ( )  RATIONAL_B_SPLINE_CURVE ( ( 1.000000000000000000, 0.9510565162951535312, 1.000000000000000000, 0.9510565162951535312, 1.000000000000000000, 0.9510565162951535312, 1.000000000000000000, 0.9510565162951535312, 1.000000000000000000, 0.9510565162951535312, 1.000000000000000000 ) ) 
 REPRESENTATION_ITEM ( '' )  );
#6309 = DIRECTION ( 'NONE',  ( 0.0000000000000000000, 0.0000000000000000000, 1.000000000000000000 ) ) ;
#6310 = CARTESIAN_POINT ( 'NONE',  ( -9.000000398245257216, 7.754206589531009626E-15, 11.65474635202976472 ) ) ;
#6311 = EDGE_CURVE ( 'NONE', #2950, #284, #6997, .T. ) ;
#6312 = CARTESIAN_POINT ( 'NONE',  ( 7.281152624135227569, 5.290068395820939351, 17.64574260167163544 ) ) ;
#6313 = ORIENTED_EDGE ( 'NONE', *, *, #2397, .F. ) ;
#6314 = CARTESIAN_POINT ( 'NONE',  ( -9.000000398245262545, -7.099719759156837703E-14, 53.13087393373250933 ) ) ;
#6315 = LINE ( 'NONE', #6220, #1249 ) ;
#6316 = CARTESIAN_POINT ( 'NONE',  ( 1.390576998466243053, -4.279754153142049766, 51.25071377015679985 ) ) ;
#6317 = ADVANCED_FACE ( 'NONE', ( #1446 ), #1589, .T. ) ;
#6318 = FACE_OUTER_BOUND ( 'NONE', #3518, .T. ) ;
#6319 = ORIENTED_EDGE ( 'NONE', *, *, #6403, .F. ) ;
#6320 = CARTESIAN_POINT ( 'NONE',  ( 3.640576798400469105, -2.645033189763069004, 58.66102432135546252 ) ) ;
#6321 = CARTESIAN_POINT ( 'NONE',  ( 0.0000000000000000000, 0.0000000000000000000, 0.0000000000000000000 ) ) ;
#6322 = VERTEX_POINT ( 'NONE', #2642 ) ;
#6323 = CARTESIAN_POINT ( 'NONE',  ( 9.000000040356653130, 2.924278496961525420, 33.39293661692367010 ) ) ;
#6324 = DIRECTION ( 'NONE',  ( 1.000000000000000000, 0.0000000000000000000, 0.0000000000000000000 ) ) ;
#6325 = DIRECTION ( 'NONE',  ( 1.000000000000000000, 0.0000000000000000000, 0.0000000000000000000 ) ) ;
#6326 = EDGE_CURVE ( 'NONE', #6420, #1335, #4023, .T. ) ;
#6327 = CYLINDRICAL_SURFACE ( 'NONE', #3971, 9.000000398245260769 ) ;
#6328 = CARTESIAN_POINT ( 'NONE',  ( -3.640576150974019320, -2.645034080869129056, 11.88516932643514323 ) ) ;
#6329 = LINE ( 'NONE', #1620, #3684 ) ;
#6330 = DIRECTION ( 'NONE',  ( 0.0000000000000000000, 0.0000000000000000000, 1.000000000000000000 ) ) ;
#6331 = EDGE_LOOP ( 'NONE', ( #4025, #5964, #161, #7256 ) ) ;
#6332 = CARTESIAN_POINT ( 'NONE',  ( -4.500000178944231877, 1.462138082314250020, 8.968105929920952235 ) ) ;
#6333 = CARTESIAN_POINT ( 'NONE',  ( -4.499999821055699734, -1.462139183781894669, 46.33339751234935733 ) ) ;
#6334 = ADVANCED_FACE ( 'NONE', ( #4034 ), #4127, .F. ) ;
#6335 = CARTESIAN_POINT ( 'NONE',  ( -5.562307081842495116, 7.655856933191485858, 40.99689334023584308 ) ) ;
#6336 = ORIENTED_EDGE ( 'NONE', *, *, #1853, .T. ) ;
#6337 = DIRECTION ( 'NONE',  ( 0.0000000000000000000, 0.0000000000000000000, 1.000000000000000000 ) ) ;
#6338 = VERTEX_POINT ( 'NONE', #6508 ) ;
#6339 = DIRECTION ( 'NONE',  ( 0.0000000000000000000, 0.0000000000000000000, 1.000000000000000000 ) ) ;
#6340 = CARTESIAN_POINT ( 'NONE',  ( -9.000000398245260769, 1.102182168003596278E-15, 0.0000000000000000000 ) ) ;
#6341 = CARTESIAN_POINT ( 'NONE',  ( -2.781154119997026442, 8.559508685037851450, 15.80235915359595822 ) ) ;
#6342 = CARTESIAN_POINT ( 'NONE',  ( 2.781152024881063500, 8.559509365782293600, 17.60896584277568877 ) ) ;
#6343 = CARTESIAN_POINT ( 'NONE',  ( 4.500000000000000888, -3.445247984332646484E-14, 40.45761272821222576 ) ) ;
#6344 = AXIS2_PLACEMENT_3D ( 'NONE', #2879, #5513, #6072 ) ;
#6345 = ORIENTED_EDGE ( 'NONE', *, *, #1408, .F. ) ;
#6346 = CARTESIAN_POINT ( 'NONE',  ( -1.390576998466243053, 4.279754153142049766, 17.83938877378514931 ) ) ;
#6347 = FACE_OUTER_BOUND ( 'NONE', #4376, .T. ) ;
#6348 = CARTESIAN_POINT ( 'NONE',  ( -5.562307081842466694, 7.655856933191508062, 11.04191230900608645 ) ) ;
#6349 = CARTESIAN_POINT ( 'NONE',  ( -9.000000398245257216, 1.141126179421490200E-15, 4.742058421745974250 ) ) ;
#6350 = DIRECTION ( 'NONE',  ( 0.0000000000000000000, 0.0000000000000000000, 1.000000000000000000 ) ) ;
#6351 = ORIENTED_EDGE ( 'NONE', *, *, #5415, .T. ) ;
#6352 = CARTESIAN_POINT ( 'NONE',  ( -1.390576998466202863, 4.279754153142062201, 38.57745256463651629 ) ) ;
#6353 = CARTESIAN_POINT ( 'NONE',  ( 0.0000000000000000000, 0.0000000000000000000, 0.0000000000000000000 ) ) ;
#6354 = FACE_OUTER_BOUND ( 'NONE', #3837, .T. ) ;
#6355 = AXIS2_PLACEMENT_3D ( 'NONE', #6413, #1451, #7191 ) ;
#6356 = CARTESIAN_POINT ( 'NONE',  ( 3.640576798400432690, -2.645033189763119186, 54.05256570116626591 ) ) ;
#6357 = DIRECTION ( 'NONE',  ( 1.000000000000000000, 0.0000000000000000000, 0.0000000000000000000 ) ) ;
#6358 = CARTESIAN_POINT ( 'NONE',  ( 0.0000000000000000000, 0.0000000000000000000, 0.0000000000000000000 ) ) ;
#6359 = VERTEX_POINT ( 'NONE', #1907 ) ;
#6360 = CARTESIAN_POINT ( 'NONE',  ( -3.640576798400444680, 2.645033189763102754, 20.37404101488920816 ) ) ;
#6361 = CARTESIAN_POINT ( 'NONE',  ( -1.390576998466241720, 4.279754153142049766, 43.45311087473112366 ) ) ;
#6362 = LINE ( 'NONE', #669, #3988 ) ;
#6363 = CARTESIAN_POINT ( 'NONE',  ( -2.781154119997073071, 8.559508685037837239, 31.93196432425813569 ) ) ;
#6364 = ORIENTED_EDGE ( 'NONE', *, *, #5173, .T. ) ;
#6365 = CARTESIAN_POINT ( 'NONE',  ( -4.500000000000000888, 2.774923260879777854E-15, 9.083317352029762759 ) ) ;
#6366 = EDGE_CURVE ( 'NONE', #7095, #6338, #6374, .T. ) ;
#6367 = ORIENTED_EDGE ( 'NONE', *, *, #3068, .F. ) ;
#6368 = CARTESIAN_POINT ( 'NONE',  ( 4.500000178944223883, -1.462138082314273779, 49.55931854648179780 ) ) ;
#6369 = CYLINDRICAL_SURFACE ( 'NONE', #3033, 9.000000398245260769 ) ;
#6370 = CARTESIAN_POINT ( 'NONE',  ( -9.000000398245260769, 1.102182168003596278E-15, 0.0000000000000000000 ) ) ;
#6371 = CARTESIAN_POINT ( 'NONE',  ( 3.640576150974065062, 2.645034080869065996, 51.94198256318518503 ) ) ;
#6372 = CARTESIAN_POINT ( 'NONE',  ( -9.000000398245260769, 1.102182168003596278E-15, 0.0000000000000000000 ) ) ;
#6373 = CARTESIAN_POINT ( 'NONE',  ( 9.000000398245262545, 4.242103829863659045E-16, 26.36503717773924294 ) ) ;
#6374 = LINE ( 'NONE', #2502, #6584 ) ;
#6375 = ADVANCED_FACE ( 'NONE', ( #3925 ), #4140, .T. ) ;
#6376 = CARTESIAN_POINT ( 'NONE',  ( 4.500000000000000888, 0.0000000000000000000, 0.0000000000000000000 ) ) ;
#6377 = CARTESIAN_POINT ( 'NONE',  ( 0.0000000000000000000, 0.0000000000000000000, 0.0000000000000000000 ) ) ;
#6378 = CARTESIAN_POINT ( 'NONE',  ( -7.281152624135263984, -5.290068395820890501, 48.75283828794869123 ) ) ;
#6379 = VERTEX_POINT ( 'NONE', #431 ) ;
#6380 = CARTESIAN_POINT ( 'NONE',  ( -2.781152024881049734, -8.559509365782298929, 2.898675017066216331 ) ) ;
#6381 = EDGE_CURVE ( 'NONE', #2508, #6322, #6607, .T. ) ;
#6382 = VERTEX_POINT ( 'NONE', #2101 ) ;
#6383 = DIRECTION ( 'NONE',  ( 0.0000000000000000000, 0.0000000000000000000, 1.000000000000000000 ) ) ;
#6384 = CARTESIAN_POINT ( 'NONE',  ( -4.500000000000000888, -5.904884389969432247E-15, 16.26320497221895778 ) ) ;
#6385 = EDGE_CURVE ( 'NONE', #4813, #6420, #611, .T. ) ;
#6386 = LINE ( 'NONE', #5797, #1563 ) ;
#6387 = CARTESIAN_POINT ( 'NONE',  ( 5.790757856749927514E-07, -4.731580009072167137, 14.26783334313852514 ) ) ;
#6388 = CARTESIAN_POINT ( 'NONE',  ( 0.0000000000000000000, 0.0000000000000000000, 0.0000000000000000000 ) ) ;
#6389 = FACE_OUTER_BOUND ( 'NONE', #4095, .T. ) ;
#6390 = VERTEX_POINT ( 'NONE', #4656 ) ;
#6391 = ADVANCED_FACE ( 'NONE', ( #4445 ), #4261, .T. ) ;
#6392 = CARTESIAN_POINT ( 'NONE',  ( -5.790757230444768706E-07, 4.731580009072167137, 61.77173388998315318 ) ) ;
#6393 = EDGE_LOOP ( 'NONE', ( #7015, #5758 ) ) ;
#6394 = CARTESIAN_POINT ( 'NONE',  ( -2.781153417856613519, 3.827928297211975917, 54.82226920080342580 ) ) ;
#6395 = CYLINDRICAL_SURFACE ( 'NONE', #2458, 4.500000000000000888 ) ;
#6396 = EDGE_CURVE ( 'NONE', #6484, #104, #6917, .T. ) ;
#6397 = CYLINDRICAL_SURFACE ( 'NONE', #1118, 4.500000000000000888 ) ;
#6398 = DIRECTION ( 'NONE',  ( 0.0000000000000000000, 0.0000000000000000000, 1.000000000000000000 ) ) ;
#6399 = LINE ( 'NONE', #1423, #1496 ) ;
#6400 = CARTESIAN_POINT ( 'NONE',  ( -1.390576998466233061, 4.279754153142053319, 6.318242223312167560 ) ) ;
#6401 = DIRECTION ( 'NONE',  ( 0.0000000000000000000, 0.0000000000000000000, 1.000000000000000000 ) ) ;
#6402 = VERTEX_POINT ( 'NONE', #2367 ) ;
#6403 = EDGE_CURVE ( 'NONE', #577, #4922, #6820, .T. ) ;
#6404 = CARTESIAN_POINT ( 'NONE',  ( -9.000000398245260769, 1.102182168003596278E-15, 0.0000000000000000000 ) ) ;
#6405 = ORIENTED_EDGE ( 'NONE', *, *, #467, .F. ) ;
#6406 = CARTESIAN_POINT ( 'NONE',  ( 7.281153918988080065, -5.290066613608884971, 23.83038498003110206 ) ) ;
#6407 = VECTOR ( 'NONE', #7012, 1000.000000000000000 ) ;
#6408 = CARTESIAN_POINT ( 'NONE',  ( 1.390576998466241720, -4.279754153142049766, 10.04178587835946601 ) ) ;
#6409 = VECTOR ( 'NONE', #1243, 1000.000000000000000 ) ;
#6410 = CARTESIAN_POINT ( 'NONE',  ( 1.390575950908346625, 4.279754493514242419, 57.04806380428924228 ) ) ;
#6411 = ORIENTED_EDGE ( 'NONE', *, *, #362, .F. ) ;
#6412 = CARTESIAN_POINT ( 'NONE',  ( 9.000000398245257216, -3.894211303019888661E-17, 3.322744076793271439 ) ) ;
#6413 = CARTESIAN_POINT ( 'NONE',  ( 0.0000000000000000000, 0.0000000000000000000, 0.0000000000000000000 ) ) ;
#6414 = CARTESIAN_POINT ( 'NONE',  ( -9.000000398245260769, 1.102182168003596278E-15, 0.0000000000000000000 ) ) ;
#6415 = CARTESIAN_POINT ( 'NONE',  ( 1.390576998466250158, -4.279754153142046214, 58.43060139034599842 ) ) ;
#6416 = DIRECTION ( 'NONE',  ( 0.0000000000000000000, 0.0000000000000000000, 1.000000000000000000 ) ) ;
#6417 = EDGE_CURVE ( 'NONE', #3026, #2508, #1819, .T. ) ;
#6418 = ADVANCED_FACE ( 'NONE', ( #4286 ), #6757, .T. ) ;
#6419 = CARTESIAN_POINT ( 'NONE',  ( -5.562305207913744276, -7.655858294680419895, 11.73318110203446807 ) ) ;
#6420 = VERTEX_POINT ( 'NONE', #1188 ) ;
#6421 = AXIS2_PLACEMENT_3D ( 'NONE', #6074, #2920, #5793 ) ;
#6422 = CARTESIAN_POINT ( 'NONE',  ( -2.781152480892334911, -3.827928977956372325, 21.21729803231826139 ) ) ;
#6423 = LINE ( 'NONE', #1009, #4029 ) ;
#6424 = CARTESIAN_POINT ( 'NONE',  ( 1.390576998466226177, -4.279754153142055095, 21.29573273892704677 ) ) ;
#6425 = CARTESIAN_POINT ( 'NONE',  ( -1.390576998466196867, 4.279754153142063977, 52.40282842520409901 ) ) ;
#6426 = CARTESIAN_POINT ( 'NONE',  ( 4.500000000000000888, 0.0000000000000000000, 0.0000000000000000000 ) ) ;
#6427 = EDGE_CURVE ( 'NONE', #1281, #2891, #4315, .T. ) ;
#6428 = VECTOR ( 'NONE', #2074, 1000.000000000000000 ) ;
#6429 = CYLINDRICAL_SURFACE ( 'NONE', #4748, 4.500000000000000888 ) ;
#6430 = ORIENTED_EDGE ( 'NONE', *, *, #2113, .F. ) ;
#6431 = ORIENTED_EDGE ( 'NONE', *, *, #3605, .T. ) ;
#6432 = CARTESIAN_POINT ( 'NONE',  ( 1.390575950908274239, 4.279754493514265512, 8.392048602397302659 ) ) ;
#6433 = CARTESIAN_POINT ( 'NONE',  ( 9.000000398245262545, 3.571632292188978650E-14, 56.32001820896900313 ) ) ;
#6434 = ORIENTED_EDGE ( 'NONE', *, *, #1392, .T. ) ;
#6435 = CARTESIAN_POINT ( 'NONE',  ( 9.000000398245260769, 0.0000000000000000000, 0.0000000000000000000 ) ) ;
#6436 = VERTEX_POINT ( 'NONE', #1098 ) ;
#6437 = CARTESIAN_POINT ( 'NONE',  ( 4.500000000000000888, 2.261713360437586282E-15, 10.50263169698246557 ) ) ;
#6438 = CARTESIAN_POINT ( 'NONE',  ( -9.000000398245260769, -1.294811377129188417E-15, 13.69177597221895759 ) ) ;
#6439 = VECTOR ( 'NONE', #5978, 1000.000000000000000 ) ;
#6440 = CARTESIAN_POINT ( 'NONE',  ( 9.000000398245262545, 4.894249501244487058E-14, 42.76184203830683117 ) ) ;
#6441 = AXIS2_PLACEMENT_3D ( 'NONE', #2293, #6350, #1764 ) ;
#6442 = ADVANCED_FACE ( 'NONE', ( #4409 ), #2009, .F. ) ;
#6443 = ORIENTED_EDGE ( 'NONE', *, *, #4209, .F. ) ;
#6444 = CARTESIAN_POINT ( 'NONE',  ( 4.499999821055703286, 1.462139183781878238, 24.17601937654528754 ) ) ;
#6445 = VERTEX_POINT ( 'NONE', #4491 ) ;
#6446 = CARTESIAN_POINT ( 'NONE',  ( 5.790758100236680219E-07, -4.731580009072167137, 32.70166782389529914 ) ) ;
#6447 = LINE ( 'NONE', #1901, #1621 ) ;
#6448 =( BOUNDED_CURVE ( )  B_SPLINE_CURVE ( 2, ( #3921, #4422, #2675, #463, #5020, #5616, #6164, #511, #1076, #1617, #2190 ),
 .UNSPECIFIED., .F., .F. ) 
 B_SPLINE_CURVE_WITH_KNOTS ( ( 3, 2, 2, 2, 2, 3 ),
 ( 0.4107142850070587548, 0.4142857142857143127, 0.4178571428571428714, 0.4214285714285714302, 0.4249999999999999889, 0.4285714278642015485 ),
 .UNSPECIFIED. ) 
 CURVE ( )  GEOMETRIC_REPRESENTATION_ITEM ( )  RATIONAL_B_SPLINE_CURVE ( ( 1.000000000000000000, 0.9510565162951535312, 1.000000000000000000, 0.9510565162951535312, 1.000000000000000000, 0.9510565162951535312, 1.000000000000000000, 0.9510565162951535312, 1.000000000000000000, 0.9510565162951535312, 1.000000000000000000 ) ) 
 REPRESENTATION_ITEM ( '' )  );
#6449 = CARTESIAN_POINT ( 'NONE',  ( 5.562305207913771810, 7.655858294680399467, 13.15249544698716910 ) ) ;
#6450 = CARTESIAN_POINT ( 'NONE',  ( -9.000000398245260769, 1.102182168003596278E-15, 0.0000000000000000000 ) ) ;
#6451 = CARTESIAN_POINT ( 'NONE',  ( -9.000000756133731628, 2.924276294026193046, 6.931076309731759366 ) ) ;
#6452 = CARTESIAN_POINT ( 'NONE',  ( -5.562305207913758487, -7.655858294680410125, 28.12998596260204920 ) ) ;
#6453 = ORIENTED_EDGE ( 'NONE', *, *, #3499, .F. ) ;
#6454 =( BOUNDED_CURVE ( )  B_SPLINE_CURVE ( 2, ( #1165, #1891, #2288, #4682, #4511, #1714, #5260, #6394, #2489, #3084, #170 ),
 .UNSPECIFIED., .F., .F. ) 
 B_SPLINE_CURVE_WITH_KNOTS ( ( 3, 2, 2, 2, 2, 3 ),
 ( 0.8214285707213444532, 0.8249999999999999556, 0.8285714285714286254, 0.8321428571428571841, 0.8357142857142857428, 0.8392857135784872469 ),
 .UNSPECIFIED. ) 
 CURVE ( )  GEOMETRIC_REPRESENTATION_ITEM ( )  RATIONAL_B_SPLINE_CURVE ( ( 1.000000000000000000, 0.9510565162951535312, 1.000000000000000000, 0.9510565162951535312, 1.000000000000000000, 0.9510565162951535312, 1.000000000000000000, 0.9510565162951535312, 1.000000000000000000, 0.9510565162951535312, 1.000000000000000000 ) ) 
 REPRESENTATION_ITEM ( '' )  );
#6455 = CARTESIAN_POINT ( 'NONE',  ( 9.000000398245260769, 0.0000000000000000000, 0.0000000000000000000 ) ) ;
#6456 = CARTESIAN_POINT ( 'NONE',  ( 0.0000000000000000000, 0.0000000000000000000, 0.0000000000000000000 ) ) ;
#6457 = ADVANCED_FACE ( 'NONE', ( #1887 ), #1997, .T. ) ;
#6458 = ORIENTED_EDGE ( 'NONE', *, *, #2130, .T. ) ;
#6459 = CARTESIAN_POINT ( 'NONE',  ( 2.781154119997049090, -8.559508685037844344, 23.59996204902163797 ) ) ;
#6460 = ORIENTED_EDGE ( 'NONE', *, *, #4888, .F. ) ;
#6461 =( BOUNDED_CURVE ( )  B_SPLINE_CURVE ( 2, ( #5284, #2512, #970, #4702, #928, #6057, #5339, #5918, #7129, #7074, #4136 ),
 .UNSPECIFIED., .F., .F. ) 
 B_SPLINE_CURVE_WITH_KNOTS ( ( 3, 2, 2, 2, 2, 3 ),
 ( 0.2321428564356301516, 0.2357142857142857095, 0.2392857142857142960, 0.2428571428571428548, 0.2464285714285714413, 0.2499999992927730008 ),
 .UNSPECIFIED. ) 
 CURVE ( )  GEOMETRIC_REPRESENTATION_ITEM ( )  RATIONAL_B_SPLINE_CURVE ( ( 1.000000000000000000, 0.9510565162951535312, 1.000000000000000000, 0.9510565162951535312, 1.000000000000000000, 0.9510565162951535312, 1.000000000000000000, 0.9510565162951535312, 1.000000000000000000, 0.9510565162951535312, 1.000000000000000000 ) ) 
 REPRESENTATION_ITEM ( '' )  );
#6462 = CARTESIAN_POINT ( 'NONE',  ( 9.000000398245257216, -1.326513829522111016E-14, 17.41531962726625338 ) ) ;
#6463 =( BOUNDED_CURVE ( )  B_SPLINE_CURVE ( 2, ( #930, #6517, #4859, #1965, #2558, #3166, #5447, #6010, #2604, #6564, #7131 ),
 .UNSPECIFIED., .F., .F. ) 
 B_SPLINE_CURVE_WITH_KNOTS ( ( 3, 2, 2, 2, 2, 3 ),
 ( 0.8392857135784872469, 0.8428571428571428603, 0.8464285714285714191, 0.8499999999999999778, 0.8535714285714285365, 0.8571428564356301516 ),
 .UNSPECIFIED. ) 
 CURVE ( )  GEOMETRIC_REPRESENTATION_ITEM ( )  RATIONAL_B_SPLINE_CURVE ( ( 1.000000000000000000, 0.9510565162951535312, 1.000000000000000000, 0.9510565162951535312, 1.000000000000000000, 0.9510565162951535312, 1.000000000000000000, 0.9510565162951535312, 1.000000000000000000, 0.9510565162951535312, 1.000000000000000000 ) ) 
 REPRESENTATION_ITEM ( '' )  );
#6464 = DIRECTION ( 'NONE',  ( 1.000000000000000000, 0.0000000000000000000, 0.0000000000000000000 ) ) ;
#6465 = AXIS2_PLACEMENT_3D ( 'NONE', #5055, #2985, #5856 ) ;
#6466 =( BOUNDED_CURVE ( )  B_SPLINE_CURVE ( 2, ( #6613, #4268, #6751, #7336, #550, #2061, #3809, #1111, #2227, #4366, #443 ),
 .UNSPECIFIED., .F., .F. ) 
 B_SPLINE_CURVE_WITH_KNOTS ( ( 3, 2, 2, 2, 2, 3 ),
 ( 0.7142857135784873579, 0.7178571428571428603, 0.7214285714285714191, 0.7249999999999999778, 0.7285714285714285365, 0.7321428564356301516 ),
 .UNSPECIFIED. ) 
 CURVE ( )  GEOMETRIC_REPRESENTATION_ITEM ( )  RATIONAL_B_SPLINE_CURVE ( ( 1.000000000000000000, 0.9510565162951535312, 1.000000000000000000, 0.9510565162951535312, 1.000000000000000000, 0.9510565162951535312, 1.000000000000000000, 0.9510565162951535312, 1.000000000000000000, 0.9510565162951535312, 1.000000000000000000 ) ) 
 REPRESENTATION_ITEM ( '' )  );
#6467 = CARTESIAN_POINT ( 'NONE',  ( -3.640576150974023317, -2.645034080869123727, 25.71054518700272240 ) ) ;
#6468 =( BOUNDED_CURVE ( )  B_SPLINE_CURVE ( 2, ( #6506, #5761, #3572, #1395, #5175, #1353, #870, #4633, #6356, #821, #768 ),
 .UNSPECIFIED., .F., .F. ) 
 B_SPLINE_CURVE_WITH_KNOTS ( ( 3, 2, 2, 2, 2, 3 ),
 ( 0.8103448269033669549, 0.8137931034482758230, 0.8172413793103447954, 0.8206896551724137678, 0.8241379310344827402, 0.8275862062137118169 ),
 .UNSPECIFIED. ) 
 CURVE ( )  GEOMETRIC_REPRESENTATION_ITEM ( )  RATIONAL_B_SPLINE_CURVE ( ( 1.000000000000000000, 0.9510565162951535312, 1.000000000000000000, 0.9510565162951535312, 1.000000000000000000, 0.9510565162951535312, 1.000000000000000000, 0.9510565162951535312, 1.000000000000000000, 0.9510565162951535312, 1.000000000000000000 ) ) 
 REPRESENTATION_ITEM ( '' )  );
#6469 = CARTESIAN_POINT ( 'NONE',  ( 9.000000398245262545, 3.571632292188978650E-14, 56.58721789887440679 ) ) ;
#6470 = AXIS2_PLACEMENT_3D ( 'NONE', #5119, #3332, #7212 ) ;
#6471 = CARTESIAN_POINT ( 'NONE',  ( -4.500000000000000888, 5.705630380119559280E-16, 4.474858731840569703 ) ) ;
#6472 = CARTESIAN_POINT ( 'NONE',  ( 2.781153417856609522, -3.827928297211980357, 56.24158354575612861 ) ) ;
#6473 = ORIENTED_EDGE ( 'NONE', *, *, #177, .F. ) ;
#6474 = CARTESIAN_POINT ( 'NONE',  ( 9.000000040356647801, 2.924278496961536966, 21.87179006645069279 ) ) ;
#6475 = ORIENTED_EDGE ( 'NONE', *, *, #1839, .F. ) ;
#6476 = DIRECTION ( 'NONE',  ( 0.0000000000000000000, 0.0000000000000000000, 1.000000000000000000 ) ) ;
#6477 = CARTESIAN_POINT ( 'NONE',  ( -9.000000398245262545, -3.129640431159949625E-14, 27.51715183278654564 ) ) ;
#6478 = EDGE_CURVE ( 'NONE', #288, #4326, #2250, .T. ) ;
#6479 = ORIENTED_EDGE ( 'NONE', *, *, #5711, .F. ) ;
#6480 = CARTESIAN_POINT ( 'NONE',  ( -9.000000398245260769, 8.427901856910466183E-14, 34.69703945297572290 ) ) ;
#6481 = ADVANCED_FACE ( 'NONE', ( #6784 ), #6618, .F. ) ;
#6482 = EDGE_LOOP ( 'NONE', ( #1488, #235, #6193, #3867 ) ) ;
#6483 = CARTESIAN_POINT ( 'NONE',  ( -2.781152480892331802, -3.827928977956374101, 14.30461010203446826 ) ) ;
#6484 = VERTEX_POINT ( 'NONE', #3 ) ;
#6485 = CARTESIAN_POINT ( 'NONE',  ( 3.640576798400427805, -2.645033189763125403, 46.87267808097706734 ) ) ;
#6486 = VECTOR ( 'NONE', #4407, 1000.000000000000000 ) ;
#6487 = CARTESIAN_POINT ( 'NONE',  ( 3.640576150974029535, 2.645034080869114401, 15.34151329157703714 ) ) ;
#6488 = CYLINDRICAL_SURFACE ( 'NONE', #3267, 4.500000000000000888 ) ;
#6489 = ORIENTED_EDGE ( 'NONE', *, *, #4513, .T. ) ;
#6490 = EDGE_CURVE ( 'NONE', #5296, #2614, #2730, .T. ) ;
#6491 = CARTESIAN_POINT ( 'NONE',  ( 4.500000000000000888, -9.939115194628503854E-15, 24.06080786764463753 ) ) ;
#6492 = CARTESIAN_POINT ( 'NONE',  ( -9.000000756133731628, 2.924276294026192602, 23.06068148039393861 ) ) ;
#6493 = ORIENTED_EDGE ( 'NONE', *, *, #5438, .T. ) ;
#6494 = CARTESIAN_POINT ( 'NONE',  ( -9.000000398245260769, 8.427901856910466183E-14, 34.42983976307032634 ) ) ;
#6495 = EDGE_LOOP ( 'NONE', ( #932, #4963, #2503, #1330 ) ) ;
#6496 = CARTESIAN_POINT ( 'NONE',  ( -9.000000398245262545, -1.807021815897372425E-14, 41.60972738325951781 ) ) ;
#6497 = DIRECTION ( 'NONE',  ( 0.0000000000000000000, 0.0000000000000000000, 1.000000000000000000 ) ) ;
#6498 = EDGE_CURVE ( 'NONE', #7150, #577, #4164, .T. ) ;
#6499 = CARTESIAN_POINT ( 'NONE',  ( 1.158151597101718334E-06, -9.463160436884182403, 39.88155544408449060 ) ) ;
#6500 = CARTESIAN_POINT ( 'NONE',  ( 4.500000000000000000, -8.605351778301561735E-15, 44.79887165849601871 ) ) ;
#6501 = CARTESIAN_POINT ( 'NONE',  ( -1.390576998466240610, 4.279754153142050654, 22.44784739397434237 ) ) ;
#6502 = VERTEX_POINT ( 'NONE', #3016 ) ;
#6503 = CARTESIAN_POINT ( 'NONE',  ( -5.790757972376902248E-07, 4.731580009072167137, 47.94635802941557756 ) ) ;
#6504 = CARTESIAN_POINT ( 'NONE',  ( 0.0000000000000000000, 0.0000000000000000000, 0.0000000000000000000 ) ) ;
#6505 = ORIENTED_EDGE ( 'NONE', *, *, #6574, .F. ) ;
#6506 = CARTESIAN_POINT ( 'NONE',  ( -4.500000000000000888, -7.447129067756927808E-15, 53.13087393373251643 ) ) ;
#6507 = CARTESIAN_POINT ( 'NONE',  ( 2.293044932606150610, 8.702985241022997087, 63.98148518990539912 ) ) ;
#6508 = CARTESIAN_POINT ( 'NONE',  ( -9.000000398245262545, -6.217974015648454797E-14, 62.08059148420549178 ) ) ;
#6509 = CARTESIAN_POINT ( 'NONE',  ( 7.281152624135254214, 5.290068395820904712, 63.46312911365817655 ) ) ;
#6510 = CARTESIAN_POINT ( 'NONE',  ( -3.640576798400446901, 2.645033189763100090, 13.46135308460541502 ) ) ;
#6511 = FACE_OUTER_BOUND ( 'NONE', #1037, .T. ) ;
#6512 = CARTESIAN_POINT ( 'NONE',  ( 3.640576150974018876, 2.645034080869129500, 19.68277222186082653 ) ) ;
#6513 = LINE ( 'NONE', #4024, #4112 ) ;
#6514 = EDGE_LOOP ( 'NONE', ( #4778, #2406, #6587, #449 ) ) ;
#6515 = CARTESIAN_POINT ( 'NONE',  ( -2.781153417856685461, 3.827928297211924846, 34.35140509985745894 ) ) ;
#6516 = CARTESIAN_POINT ( 'NONE',  ( -3.640576798400438019, 2.645033189763111192, 43.41633411583517699 ) ) ;
#6517 = CARTESIAN_POINT ( 'NONE',  ( -9.000000040356672670, -2.924278496961472573, 55.55031475272775054 ) ) ;
#6518 = ORIENTED_EDGE ( 'NONE', *, *, #925, .T. ) ;
#6519 = CARTESIAN_POINT ( 'NONE',  ( 9.000000398245260769, -5.781553898576993545E-14, 40.19041303830680789 ) ) ;
#6520 = EDGE_CURVE ( 'NONE', #344, #6951, #4368, .T. ) ;
#6521 = CARTESIAN_POINT ( 'NONE',  ( 0.0000000000000000000, 0.0000000000000000000, 65.00000000000000000 ) ) ;
#6522 = CARTESIAN_POINT ( 'NONE',  ( -9.000000398245262545, -3.129640431159949625E-14, 27.78435152269194930 ) ) ;
#6523 = CARTESIAN_POINT ( 'NONE',  ( -2.781152480892343348, -3.827928977956366108, 20.95009834241285418 ) ) ;
#6524 = CYLINDRICAL_SURFACE ( 'NONE', #5919, 9.000000398245260769 ) ;
#6525 = ORIENTED_EDGE ( 'NONE', *, *, #267, .T. ) ;
#6526 = AXIS2_PLACEMENT_3D ( 'NONE', #712, #3040, #3608 ) ;
#6527 = CARTESIAN_POINT ( 'NONE',  ( -3.640576798400447789, 2.645033189763097869, 8.852894464416221965 ) ) ;
#6528 = CARTESIAN_POINT ( 'NONE',  ( 0.0000000000000000000, 0.0000000000000000000, 0.0000000000000000000 ) ) ;
#6529 = CARTESIAN_POINT ( 'NONE',  ( -2.781154119997022445, 8.559508685037853226, 20.41081777378515127 ) ) ;
#6530 = CARTESIAN_POINT ( 'NONE',  ( 4.499999821055700622, 1.462139183781891116, 3.705155275599327336 ) ) ;
#6531 = CARTESIAN_POINT ( 'NONE',  ( 2.781153417856665033, -3.827928297211939057, 30.62786144481016137 ) ) ;
#6532 = ORIENTED_EDGE ( 'NONE', *, *, #2222, .T. ) ;
#6533 = CARTESIAN_POINT ( 'NONE',  ( -2.781152024881114126, -8.559509365782277612, 39.49914428867435845 ) ) ;
#6534 = ORIENTED_EDGE ( 'NONE', *, *, #2965, .T. ) ;
#6535 = CARTESIAN_POINT ( 'NONE',  ( 2.781154119997060192, -8.559508685037840792, 12.34601518845406076 ) ) ;
#6536 =( BOUNDED_CURVE ( )  B_SPLINE_CURVE ( 2, ( #2242, #30, #4378, #6160, #1721, #5708, #3328, #6719, #6255, #2672, #5169 ),
 .UNSPECIFIED., .F., .F. ) 
 B_SPLINE_CURVE_WITH_KNOTS ( ( 3, 2, 2, 2, 2, 3 ),
 ( 0.05357142786420156927, 0.05714285714285714107, 0.06071428571428571369, 0.06428571428571427937, 0.06785714285714285199, 0.07142857072134442542 ),
 .UNSPECIFIED. ) 
 CURVE ( )  GEOMETRIC_REPRESENTATION_ITEM ( )  RATIONAL_B_SPLINE_CURVE ( ( 1.000000000000000000, 0.9510565162951535312, 1.000000000000000000, 0.9510565162951535312, 1.000000000000000000, 0.9510565162951535312, 1.000000000000000000, 0.9510565162951535312, 1.000000000000000000, 0.9510565162951535312, 1.000000000000000000 ) ) 
 REPRESENTATION_ITEM ( '' )  );
#6537 = AXIS2_PLACEMENT_3D ( 'NONE', #6358, #4695, #232 ) ;
#6538 = CARTESIAN_POINT ( 'NONE',  ( 0.0000000000000000000, 0.0000000000000000000, 0.0000000000000000000 ) ) ;
#6539 = ADVANCED_FACE ( 'NONE', ( #6725 ), #1800, .F. ) ;
#6540 = EDGE_LOOP ( 'NONE', ( #2301, #573, #2549, #754 ) ) ;
#6541 = CARTESIAN_POINT ( 'NONE',  ( 9.000000756133740509, -2.924276294026172174, 35.46674299600881142 ) ) ;
#6542 = LINE ( 'NONE', #5490, #6699 ) ;
#6543 =( BOUNDED_CURVE ( )  B_SPLINE_CURVE ( 2, ( #764, #1304, #3145, #1856, #2446, #3045, #4167, #5323, #5905, #3706, #815 ),
 .UNSPECIFIED., .F., .F. ) 
 B_SPLINE_CURVE_WITH_KNOTS ( ( 3, 2, 2, 2, 2, 3 ),
 ( 0.3571428564356301516, 0.3607142857142857095, 0.3642857142857142683, 0.3678571428571428825, 0.3714285714285714413, 0.3749999992927730008 ),
 .UNSPECIFIED. ) 
 CURVE ( )  GEOMETRIC_REPRESENTATION_ITEM ( )  RATIONAL_B_SPLINE_CURVE ( ( 1.000000000000000000, 0.9510565162951535312, 1.000000000000000000, 0.9510565162951535312, 1.000000000000000000, 0.9510565162951535312, 1.000000000000000000, 0.9510565162951535312, 1.000000000000000000, 0.9510565162951535312, 1.000000000000000000 ) ) 
 REPRESENTATION_ITEM ( '' )  );
#6544 = CARTESIAN_POINT ( 'NONE',  ( 1.390575950908260694, 4.279754493514271729, 1.746560362018918955 ) ) ;
#6545 = FACE_OUTER_BOUND ( 'NONE', #2903, .T. ) ;
#6546 = CARTESIAN_POINT ( 'NONE',  ( 4.500000178944230989, -1.462138082314250909, 44.68366023638720463 ) ) ;
#6547 = CARTESIAN_POINT ( 'NONE',  ( 4.500000000000000888, -1.375892294427552573E-15, 38.15338341811762035 ) ) ;
#6548 = CARTESIAN_POINT ( 'NONE',  ( 7.281153918988119145, -5.290066613608830792, 21.79335535984191097 ) ) ;
#6549 = CARTESIAN_POINT ( 'NONE',  ( 3.640576798400458003, -2.645033189763083659, 28.70604329012569877 ) ) ;
#6550 = ORIENTED_EDGE ( 'NONE', *, *, #2003, .F. ) ;
#6551 = DIRECTION ( 'NONE',  ( 0.0000000000000000000, 0.0000000000000000000, 1.000000000000000000 ) ) ;
#6552 = CARTESIAN_POINT ( 'NONE',  ( 0.0000000000000000000, 0.0000000000000000000, 0.0000000000000000000 ) ) ;
#6553 = CARTESIAN_POINT ( 'NONE',  ( -9.000000040356640696, -2.924278496961564944, 25.32813403159258669 ) ) ;
#6554 = CARTESIAN_POINT ( 'NONE',  ( 2.781152024881105689, 8.559509365782279389, 63.69355204466763354 ) ) ;
#6555 = EDGE_CURVE ( 'NONE', #4560, #4061, #6536, .T. ) ;
#6556 = CARTESIAN_POINT ( 'NONE',  ( -4.500000000000000888, -6.474055334682263966E-16, 13.69177597221895759 ) ) ;
#6557 = ORIENTED_EDGE ( 'NONE', *, *, #6660, .F. ) ;
#6558 = CARTESIAN_POINT ( 'NONE',  ( -5.562305207913751381, -7.655858294680415455, 18.64586903231825943 ) ) ;
#6559 = AXIS2_PLACEMENT_3D ( 'NONE', #1666, #6630, #617 ) ;
#6560 = CARTESIAN_POINT ( 'NONE',  ( 4.500000000000000888, 0.0000000000000000000, 0.0000000000000000000 ) ) ;
#6561 = ORIENTED_EDGE ( 'NONE', *, *, #6582, .T. ) ;
#6562 = DIRECTION ( 'NONE',  ( 0.0000000000000000000, 0.0000000000000000000, 1.000000000000000000 ) ) ;
#6563 = ADVANCED_FACE ( 'NONE', ( #1952 ), #6747, .T. ) ;
#6564 = CARTESIAN_POINT ( 'NONE',  ( 9.000000756133756497, -2.924276294026128209, 56.47200647676558560 ) ) ;
#6565 = ORIENTED_EDGE ( 'NONE', *, *, #1845, .T. ) ;
#6566 = CARTESIAN_POINT ( 'NONE',  ( -1.390575950908272684, -4.279754493514266400, 4.935704637255408755 ) ) ;
#6567 = CARTESIAN_POINT ( 'NONE',  ( 1.390576998466229064, -4.279754153142053319, 37.69253759949463500 ) ) ;
#6568 = DIRECTION ( 'NONE',  ( 1.000000000000000000, 0.0000000000000000000, 0.0000000000000000000 ) ) ;
#6569 = EDGE_LOOP ( 'NONE', ( #266, #638, #348, #316 ) ) ;
#6570 = CYLINDRICAL_SURFACE ( 'NONE', #6940, 4.500000000000000888 ) ;
#6571 = EDGE_CURVE ( 'NONE', #4936, #2850, #5120, .T. ) ;
#6572 = FACE_OUTER_BOUND ( 'NONE', #1340, .T. ) ;
#6573 = CARTESIAN_POINT ( 'NONE',  ( 4.499999999999967137, 5.507338247172985854E-07, 1.285714500000000093 ) ) ;
#6574 = EDGE_CURVE ( 'NONE', #4660, #6095, #7004, .T. ) ;
#6575 = ORIENTED_EDGE ( 'NONE', *, *, #6644, .F. ) ;
#6576 = CARTESIAN_POINT ( 'NONE',  ( 9.000000398245260769, 0.0000000000000000000, 0.0000000000000000000 ) ) ;
#6577 = CARTESIAN_POINT ( 'NONE',  ( 4.500000178944231877, -1.462138082314244025, 3.474732344589866351 ) ) ;
#6578 = CARTESIAN_POINT ( 'NONE',  ( 4.500000178944230100, -1.462138082314257570, 14.99587889506285165 ) ) ;
#6579 = DIRECTION ( 'NONE',  ( 1.000000000000000000, 0.0000000000000000000, 0.0000000000000000000 ) ) ;
#6580 = CARTESIAN_POINT ( 'NONE',  ( -4.500000000000000888, 5.790173823830402552E-15, 13.95897566212436125 ) ) ;
#6581 = CARTESIAN_POINT ( 'NONE',  ( 7.281153918988085394, -5.290066613608876978, 14.61346773965271417 ) ) ;
#6582 = EDGE_CURVE ( 'NONE', #1454, #3335, #1829, .T. ) ;
#6583 = CARTESIAN_POINT ( 'NONE',  ( -4.500000000000000888, 5.510910596163089556E-16, 0.0000000000000000000 ) ) ;
#6584 = VECTOR ( 'NONE', #5381, 1000.000000000000000 ) ;
#6585 = VERTEX_POINT ( 'NONE', #3873 ) ;
#6586 = CARTESIAN_POINT ( 'NONE',  ( -9.000000398245260769, 1.102182168003596278E-15, 0.0000000000000000000 ) ) ;
#6587 = ORIENTED_EDGE ( 'NONE', *, *, #3499, .T. ) ;
#6588 = EDGE_CURVE ( 'NONE', #1261, #5174, #6843, .T. ) ;
#6589 = DIRECTION ( 'NONE',  ( 0.0000000000000000000, 0.0000000000000000000, 1.000000000000000000 ) ) ;
#6590 = DIRECTION ( 'NONE',  ( 1.000000000000000000, 0.0000000000000000000, 0.0000000000000000000 ) ) ;
#6591 = CARTESIAN_POINT ( 'NONE',  ( 1.158151573923659961E-06, -9.463160436884182403, 62.65664885512506288 ) ) ;
#6592 = ORIENTED_EDGE ( 'NONE', *, *, #2475, .F. ) ;
#6593 = CARTESIAN_POINT ( 'NONE',  ( 4.500000000000000000, -4.196623319253583891E-15, 35.58195441811763260 ) ) ;
#6594 = CARTESIAN_POINT ( 'NONE',  ( 5.562305207913775362, 7.655858294680396803, 15.18952506717636375 ) ) ;
#6595 = B_SPLINE_CURVE_WITH_KNOTS ( 'NONE', 3,
 ( #684, #5681, #2266, #2465, #5234, #247, #736, #5347, #3015, #4144 ),
 .UNSPECIFIED., .F., .F.,
 ( 4, 3, 3, 4 ),
 ( 0.0004500001749872801333, 0.001645354787759133446, 0.003596516344112476483, 0.004950001332561078382 ),
 .UNSPECIFIED. ) ;
#6596 = CARTESIAN_POINT ( 'NONE',  ( 9.000000040356646025, 2.924278496961545404, 12.92207251597771211 ) ) ;
#6597 = CARTESIAN_POINT ( 'NONE',  ( -2.781153417856668586, 3.827928297211935948, 4.129224378722299527 ) ) ;
#6598 = CARTESIAN_POINT ( 'NONE',  ( -5.790757868397531570E-07, 4.731580009072167137, 45.37492902941557560 ) ) ;
#6599 = ORIENTED_EDGE ( 'NONE', *, *, #2853, .T. ) ;
#6600 = CARTESIAN_POINT ( 'NONE',  ( -8.985620677736125828, -0.5085550159577922891, 64.67275398293377009 ) ) ;
#6601 = CARTESIAN_POINT ( 'NONE',  ( 4.500000000000000888, 0.0000000000000000000, 0.0000000000000000000 ) ) ;
#6602 = CARTESIAN_POINT ( 'NONE',  ( -4.500000000000000888, 5.510910596163089556E-16, 0.0000000000000000000 ) ) ;
#6603 = LINE ( 'NONE', #328, #4181 ) ;
#6604 = AXIS2_PLACEMENT_3D ( 'NONE', #1387, #471, #7055 ) ;
#6605 = LINE ( 'NONE', #6661, #4149 ) ;
#6606 = DIRECTION ( 'NONE',  ( 0.0000000000000000000, 0.0000000000000000000, 1.000000000000000000 ) ) ;
#6607 = LINE ( 'NONE', #6601, #1916 ) ;
#6608 = EDGE_CURVE ( 'NONE', #1029, #5907, #4158, .T. ) ;
#6609 = CARTESIAN_POINT ( 'NONE',  ( 4.500000000000000888, 1.872877015820734514E-14, 30.97349579792842889 ) ) ;
#6610 = CARTESIAN_POINT ( 'NONE',  ( 0.0000000000000000000, 0.0000000000000000000, 0.0000000000000000000 ) ) ;
#6611 = EDGE_LOOP ( 'NONE', ( #1640, #4693, #6632, #7189 ) ) ;
#6612 = CARTESIAN_POINT ( 'NONE',  ( 4.500000178944208784, -1.462138082314317078, 49.29211885657640124 ) ) ;
#6613 = CARTESIAN_POINT ( 'NONE',  ( 4.500000000000000000, 2.226686520797158987E-14, 47.10310096859061701 ) ) ;
#6614 = CARTESIAN_POINT ( 'NONE',  ( 9.000000756133728075, -2.924276294026215250, 12.42444989506284614 ) ) ;
#6615 = DIRECTION ( 'NONE',  ( 1.000000000000000000, 0.0000000000000000000, 0.0000000000000000000 ) ) ;
#6616 = LINE ( 'NONE', #1842, #4207 ) ;
#6617 = DIRECTION ( 'NONE',  ( 0.0000000000000000000, 0.0000000000000000000, 1.000000000000000000 ) ) ;
#6618 = CYLINDRICAL_SURFACE ( 'NONE', #4835, 4.500000000000000888 ) ;
#6619 = ORIENTED_EDGE ( 'NONE', *, *, #2482, .T. ) ;
#6620 = ADVANCED_FACE ( 'NONE', ( #6832 ), #4430, .T. ) ;
#6621 = ORIENTED_EDGE ( 'NONE', *, *, #6555, .F. ) ;
#6622 = DIRECTION ( 'NONE',  ( 1.000000000000000000, 0.0000000000000000000, 0.0000000000000000000 ) ) ;
#6623 = CARTESIAN_POINT ( 'NONE',  ( -9.000000398245257216, 3.345488625337251553E-15, 7.046287731840569890 ) ) ;
#6624 = CARTESIAN_POINT ( 'NONE',  ( 9.000000040356647801, 2.924278496961537854, 19.83476044626149815 ) ) ;
#6625 = CARTESIAN_POINT ( 'NONE',  ( -4.500000178944230989, 1.462138082314254239, 41.49451596115071794 ) ) ;
#6626 = CARTESIAN_POINT ( 'NONE',  ( 2.781152480892342904, 3.827928977956366108, 8.544036826797977824 ) ) ;
#6627 = FACE_OUTER_BOUND ( 'NONE', #878, .T. ) ;
#6628 = CARTESIAN_POINT ( 'NONE',  ( -9.000000756133744062, 2.924276294026164180, 59.66115075200207940 ) ) ;
#6629 = EDGE_LOOP ( 'NONE', ( #559, #379, #5794, #892 ) ) ;
#6630 = DIRECTION ( 'NONE',  ( 0.0000000000000000000, 0.0000000000000000000, 1.000000000000000000 ) ) ;
#6631 = CARTESIAN_POINT ( 'NONE',  ( -9.000000398245260769, 1.102182168003596278E-15, 0.0000000000000000000 ) ) ;
#6632 = ORIENTED_EDGE ( 'NONE', *, *, #2196, .T. ) ;
#6633 = CARTESIAN_POINT ( 'NONE',  ( -7.281152624135232898, -5.290068395820932245, 60.27398483842167565 ) ) ;
#6634 = CARTESIAN_POINT ( 'NONE',  ( 7.281153918988071183, -5.290066613608898294, 42.26421946078787073 ) ) ;
#6635 = CARTESIAN_POINT ( 'NONE',  ( -9.000000040356693987, -2.924278496961401963, 62.19580299310612759 ) ) ;
#6636 = CYLINDRICAL_SURFACE ( 'NONE', #2077, 4.500000000000000888 ) ;
#6637 = CARTESIAN_POINT ( 'NONE',  ( 4.500000000000000000, -1.742280869639751427E-14, 63.23270613925279093 ) ) ;
#6638 = LINE ( 'NONE', #7153, #1816 ) ;
#6639 = CARTESIAN_POINT ( 'NONE',  ( -5.562307081842541301, 7.655856933191453884, 52.51803989070882039 ) ) ;
#6640 = CARTESIAN_POINT ( 'NONE',  ( -2.781154119997067298, 8.559508685037837239, 4.014012913217570144 ) ) ;
#6641 = CARTESIAN_POINT ( 'NONE',  ( -9.000000398245262545, -2.247894697991322797E-14, 36.73406907316493175 ) ) ;
#6642 = ORIENTED_EDGE ( 'NONE', *, *, #7104, .T. ) ;
#6643 = CARTESIAN_POINT ( 'NONE',  ( -4.500000000000000000, -6.830744720715900912E-15, 45.95098631354331076 ) ) ;
#6644 = EDGE_CURVE ( 'NONE', #2982, #3038, #6797, .T. ) ;
#6645 = EDGE_LOOP ( 'NONE', ( #3287, #5442, #652, #4598 ) ) ;
#6646 = DIRECTION ( 'NONE',  ( 0.0000000000000000000, 0.0000000000000000000, 1.000000000000000000 ) ) ;
#6647 = CARTESIAN_POINT ( 'NONE',  ( 5.120816253438812637, 7.957929778072201366, 66.17050303449525472 ) ) ;
#6648 = CARTESIAN_POINT ( 'NONE',  ( -1.158151564640721807E-06, 9.463160436884182403, 38.72944078903719856 ) ) ;
#6649 = EDGE_CURVE ( 'NONE', #6748, #4618, #1939, .T. ) ;
#6650 = DIRECTION ( 'NONE',  ( 1.000000000000000000, 0.0000000000000000000, 0.0000000000000000000 ) ) ;
#6651 = VERTEX_POINT ( 'NONE', #4845 ) ;
#6652 = CARTESIAN_POINT ( 'NONE',  ( 3.640576150974035308, 2.645034080869106852, 12.77008429157703695 ) ) ;
#6653 = FACE_OUTER_BOUND ( 'NONE', #2660, .T. ) ;
#6654 = CARTESIAN_POINT ( 'NONE',  ( 1.158151617961970786E-06, -9.463160436884182403, 18.87629196332771642 ) ) ;
#6655 = CARTESIAN_POINT ( 'NONE',  ( 2.781152024881048845, 8.559509365782298929, 1.746560362018918289 ) ) ;
#6656 = ORIENTED_EDGE ( 'NONE', *, *, #4621, .F. ) ;
#6657 = CARTESIAN_POINT ( 'NONE',  ( 2.781154119996892771, -8.559508685037894082, 63.03906001053519503 ) ) ;
#6658 = CARTESIAN_POINT ( 'NONE',  ( 1.390575950908250480, 4.279754493514273506, 45.52691725381625787 ) ) ;
#6659 = VERTEX_POINT ( 'NONE', #6547 ) ;
#6660 = EDGE_CURVE ( 'NONE', #594, #2362, #6902, .T. ) ;
#6661 = CARTESIAN_POINT ( 'NONE',  ( -4.500000000000000888, 5.510910596163089556E-16, 0.0000000000000000000 ) ) ;
#6662 = CARTESIAN_POINT ( 'NONE',  ( -7.281152624135204476, -5.290068395820972214, 9.313740326435141270 ) ) ;
#6663 = ORIENTED_EDGE ( 'NONE', *, *, #5698, .T. ) ;
#6664 = DIRECTION ( 'NONE',  ( 0.0000000000000000000, 0.0000000000000000000, 1.000000000000000000 ) ) ;
#6665 = EDGE_CURVE ( 'NONE', #577, #5584, #4384, .T. ) ;
#6666 = CARTESIAN_POINT ( 'NONE',  ( 4.500000000000001776, 1.319678505115842145E-14, 61.19567651906360339 ) ) ;
#6667 = ORIENTED_EDGE ( 'NONE', *, *, #2941, .T. ) ;
#6668 = CARTESIAN_POINT ( 'NONE',  ( -2.781153417856706778, 3.827928297211908859, 50.48101027051963996 ) ) ;
#6669 = ORIENTED_EDGE ( 'NONE', *, *, #3042, .T. ) ;
#6670 = CARTESIAN_POINT ( 'NONE',  ( 1.390575950908288894, 4.279754493514261071, 40.65125894372165760 ) ) ;
#6671 = FACE_OUTER_BOUND ( 'NONE', #3281, .T. ) ;
#6672 = DIRECTION ( 'NONE',  ( 1.000000000000000000, 0.0000000000000000000, 0.0000000000000000000 ) ) ;
#6673 = CARTESIAN_POINT ( 'NONE',  ( 9.000000398245257216, -1.987823111304005947E-14, 24.32800755755004474 ) ) ;
#6674 = VECTOR ( 'NONE', #4211, 1000.000000000000000 ) ;
#6675 = CARTESIAN_POINT ( 'NONE',  ( 4.500000000000000888, 0.0000000000000000000, 0.0000000000000000000 ) ) ;
#6676 = EDGE_CURVE ( 'NONE', #1419, #6748, #6933, .T. ) ;
#6677 = CARTESIAN_POINT ( 'NONE',  ( -9.000000756133731628, 2.924276294026193046, 6.663876619826354819 ) ) ;
#6678 = ADVANCED_FACE ( 'NONE', ( #6954 ), #4658, .F. ) ;
#6679 = AXIS2_PLACEMENT_3D ( 'NONE', #3658, #130, #2396 ) ;
#6680 = ORIENTED_EDGE ( 'NONE', *, *, #4374, .T. ) ;
#6681 = CARTESIAN_POINT ( 'NONE',  ( 7.281153918988135132, -5.290066613608808588, 60.96525363145005372 ) ) ;
#6682 =( BOUNDED_CURVE ( )  B_SPLINE_CURVE ( 2, ( #5944, #7053, #862, #1385, #3579, #3764, #4753, #189, #3626, #391, #4182 ),
 .UNSPECIFIED., .F., .F. ) 
 B_SPLINE_CURVE_WITH_KNOTS ( ( 3, 2, 2, 2, 2, 3 ),
 ( 0.3928571421499159055, 0.3964285714285714080, 0.4000000000000000222, 0.4035714285714285809, 0.4071428571428571397, 0.4107142850070587548 ),
 .UNSPECIFIED. ) 
 CURVE ( )  GEOMETRIC_REPRESENTATION_ITEM ( )  RATIONAL_B_SPLINE_CURVE ( ( 1.000000000000000000, 0.9510565162951535312, 1.000000000000000000, 0.9510565162951535312, 1.000000000000000000, 0.9510565162951535312, 1.000000000000000000, 0.9510565162951535312, 1.000000000000000000, 0.9510565162951535312, 1.000000000000000000 ) ) 
 REPRESENTATION_ITEM ( '' )  );
#6683 = CARTESIAN_POINT ( 'NONE',  ( -7.281152624135217799, -5.290068395820954450, 32.35603342738110655 ) ) ;
#6684 = DIRECTION ( 'NONE',  ( 0.0000000000000000000, 0.0000000000000000000, 1.000000000000000000 ) ) ;
#6685 = VECTOR ( 'NONE', #1981, 1000.000000000000000 ) ;
#6686 =( BOUNDED_CURVE ( )  B_SPLINE_CURVE ( 2, ( #2933, #1850, #711, #1251, #5858, #6446, #4161, #1758, #4057, #4737, #6249 ),
 .UNSPECIFIED., .F., .F. ) 
 B_SPLINE_CURVE_WITH_KNOTS ( ( 3, 2, 2, 2, 2, 3 ),
 ( 0.4821428564356302071, 0.4857142857142857095, 0.4892857142857142683, 0.4928571428571428825, 0.4964285714285714413, 0.4999999992927730008 ),
 .UNSPECIFIED. ) 
 CURVE ( )  GEOMETRIC_REPRESENTATION_ITEM ( )  RATIONAL_B_SPLINE_CURVE ( ( 1.000000000000000000, 0.9510565162951535312, 1.000000000000000000, 0.9510565162951535312, 1.000000000000000000, 0.9510565162951535312, 1.000000000000000000, 0.9510565162951535312, 1.000000000000000000, 0.9510565162951535312, 1.000000000000000000 ) ) 
 REPRESENTATION_ITEM ( '' )  );
#6687 = CARTESIAN_POINT ( 'NONE',  ( -5.790758120107730114E-07, 4.731580009072167137, 1.861771827523648781 ) ) ;
#6688 = CARTESIAN_POINT ( 'NONE',  ( -5.790757845219474467E-07, 4.731580009072167137, 49.98338764960477221 ) ) ;
#6689 = CARTESIAN_POINT ( 'NONE',  ( 9.000000040356646025, 2.924278496961545404, 12.65487282607230313 ) ) ;
#6690 = DIRECTION ( 'NONE',  ( 1.000000000000000000, 0.0000000000000000000, 0.0000000000000000000 ) ) ;
#6691 = ORIENTED_EDGE ( 'NONE', *, *, #397, .T. ) ;
#6692 =( BOUNDED_CURVE ( )  B_SPLINE_CURVE ( 2, ( #3315, #6110, #2114, #6291, #2711, #3276, #4006, #5104, #1598, #3908, #6803 ),
 .UNSPECIFIED., .F., .F. ) 
 B_SPLINE_CURVE_WITH_KNOTS ( ( 3, 2, 2, 2, 2, 3 ),
 ( 0.8275862062137118169, 0.8310344827586206851, 0.8344827586206896575, 0.8379310344827586299, 0.8413793103448276023, 0.8448275855240567900 ),
 .UNSPECIFIED. ) 
 CURVE ( )  GEOMETRIC_REPRESENTATION_ITEM ( )  RATIONAL_B_SPLINE_CURVE ( ( 1.000000000000000000, 0.9510565162951535312, 1.000000000000000000, 0.9510565162951535312, 1.000000000000000000, 0.9510565162951535312, 1.000000000000000000, 0.9510565162951535312, 1.000000000000000000, 0.9510565162951535312, 1.000000000000000000 ) ) 
 REPRESENTATION_ITEM ( '' )  );
#6693 = CARTESIAN_POINT ( 'NONE',  ( 2.781152480892325141, 3.827928977956379875, 31.58632992774394666 ) ) ;
#6694 =( BOUNDED_CURVE ( )  B_SPLINE_CURVE ( 2, ( #5084, #2792, #4987, #3397, #3299, #5993, #6043, #7228, #6548, #325, #427 ),
 .UNSPECIFIED., .F., .F. ) 
 B_SPLINE_CURVE_WITH_KNOTS ( ( 3, 2, 2, 2, 2, 3 ),
 ( 0.3035714278642015485, 0.3071428571428571619, 0.3107142857142857206, 0.3142857142857142794, 0.3178571428571428381, 0.3214285707213444532 ),
 .UNSPECIFIED. ) 
 CURVE ( )  GEOMETRIC_REPRESENTATION_ITEM ( )  RATIONAL_B_SPLINE_CURVE ( ( 1.000000000000000000, 0.9510565162951535312, 1.000000000000000000, 0.9510565162951535312, 1.000000000000000000, 0.9510565162951535312, 1.000000000000000000, 0.9510565162951535312, 1.000000000000000000, 0.9510565162951535312, 1.000000000000000000 ) ) 
 REPRESENTATION_ITEM ( '' )  );
#6695 = DIRECTION ( 'NONE',  ( 1.000000000000000000, 0.0000000000000000000, 0.0000000000000000000 ) ) ;
#6696 = DIRECTION ( 'NONE',  ( 0.0000000000000000000, 0.0000000000000000000, 1.000000000000000000 ) ) ;
#6697 = ORIENTED_EDGE ( 'NONE', *, *, #996, .F. ) ;
#6698 = EDGE_CURVE ( 'NONE', #3967, #676, #7147, .T. ) ;
#6699 = VECTOR ( 'NONE', #871, 1000.000000000000000 ) ;
#6700 =( BOUNDED_CURVE ( )  B_SPLINE_CURVE ( 2, ( #2952, #1817, #4132, #5279, #4077, #5870, #6408, #3216, #5547, #6701, #3308 ),
 .UNSPECIFIED., .F., .F. ) 
 B_SPLINE_CURVE_WITH_KNOTS ( ( 3, 2, 2, 2, 2, 3 ),
 ( 0.1551724131102635851, 0.1586206896551724255, 0.1620689655172413701, 0.1655172413793103425, 0.1689655172413793149, 0.1724137924206084194 ),
 .UNSPECIFIED. ) 
 CURVE ( )  GEOMETRIC_REPRESENTATION_ITEM ( )  RATIONAL_B_SPLINE_CURVE ( ( 1.000000000000000000, 0.9510565162951535312, 1.000000000000000000, 0.9510565162951535312, 1.000000000000000000, 0.9510565162951535312, 1.000000000000000000, 0.9510565162951535312, 1.000000000000000000, 0.9510565162951535312, 1.000000000000000000 ) ) 
 REPRESENTATION_ITEM ( '' )  );
#6701 = CARTESIAN_POINT ( 'NONE',  ( 4.500000178944230100, -1.462138082314255128, 10.38742027487365682 ) ) ;
#6702 =( BOUNDED_CURVE ( )  B_SPLINE_CURVE ( 2, ( #4957, #4911, #5920, #7078, #339, #5557, #973, #2605, #1026, #3312, #2707 ),
 .UNSPECIFIED., .F., .F. ) 
 B_SPLINE_CURVE_WITH_KNOTS ( ( 3, 2, 2, 2, 2, 3 ),
 ( 0.2678571421499159055, 0.2714285714285714080, 0.2750000000000000222, 0.2785714285714285809, 0.2821428571428571397, 0.2857142850070586992 ),
 .UNSPECIFIED. ) 
 CURVE ( )  GEOMETRIC_REPRESENTATION_ITEM ( )  RATIONAL_B_SPLINE_CURVE ( ( 1.000000000000000000, 0.9510565162951535312, 1.000000000000000000, 0.9510565162951535312, 1.000000000000000000, 0.9510565162951535312, 1.000000000000000000, 0.9510565162951535312, 1.000000000000000000, 0.9510565162951535312, 1.000000000000000000 ) ) 
 REPRESENTATION_ITEM ( '' )  );
#6703 = ORIENTED_EDGE ( 'NONE', *, *, #624, .F. ) ;
#6704 = CARTESIAN_POINT ( 'NONE',  ( 9.000000398245262545, -2.602816161207244035E-14, 54.01578889887440482 ) ) ;
#6705 = DIRECTION ( 'NONE',  ( 0.0000000000000000000, 0.0000000000000000000, 1.000000000000000000 ) ) ;
#6706 = DIRECTION ( 'NONE',  ( 1.000000000000000000, 0.0000000000000000000, 0.0000000000000000000 ) ) ;
#6707 = DIRECTION ( 'NONE',  ( 0.0000000000000000000, 0.0000000000000000000, 1.000000000000000000 ) ) ;
#6708 = CARTESIAN_POINT ( 'NONE',  ( 2.781152480892354451, 3.827928977956357226, 38.49901785802774157 ) ) ;
#6709 = VECTOR ( 'NONE', #1956, 1000.000000000000000 ) ;
#6710 = AXIS2_PLACEMENT_3D ( 'NONE', #2525, #7085, #345 ) ;
#6711 = FACE_OUTER_BOUND ( 'NONE', #5010, .T. ) ;
#6712 = VERTEX_POINT ( 'NONE', #6962 ) ;
#6713 = CARTESIAN_POINT ( 'NONE',  ( -2.781152024881054619, -8.559509365782297152, 7.507133637255408942 ) ) ;
#6714 = FACE_OUTER_BOUND ( 'NONE', #4893, .T. ) ;
#6715 = CARTESIAN_POINT ( 'NONE',  ( -5.562305207913746052, -7.655858294680418119, 14.30461010203446826 ) ) ;
#6716 = EDGE_CURVE ( 'NONE', #4582, #5061, #6543, .T. ) ;
#6717 = VECTOR ( 'NONE', #604, 1000.000000000000000 ) ;
#6718 = CARTESIAN_POINT ( 'NONE',  ( -4.500000000000000000, -3.990734995060066662E-14, 43.64675700344871956 ) ) ;
#6719 = CARTESIAN_POINT ( 'NONE',  ( 5.562307081842484457, -7.655856933191495628, 5.548538723675002338 ) ) ;
#6720 = CARTESIAN_POINT ( 'NONE',  ( 3.640576150974018432, 2.645034080869130388, 8.428825361293249330 ) ) ;
#6721 = AXIS2_PLACEMENT_3D ( 'NONE', #85, #4853, #2348 ) ;
#6722 = CARTESIAN_POINT ( 'NONE',  ( 0.0000000000000000000, 0.0000000000000000000, 0.0000000000000000000 ) ) ;
#6723 = DIRECTION ( 'NONE',  ( 1.000000000000000000, 0.0000000000000000000, 0.0000000000000000000 ) ) ;
#6724 = CARTESIAN_POINT ( 'NONE',  ( -9.000000040356647801, -2.924278496961543183, 48.37042713253855908 ) ) ;
#6725 = FACE_OUTER_BOUND ( 'NONE', #7001, .T. ) ;
#6726 = EDGE_LOOP ( 'NONE', ( #2494, #332, #4959, #4418 ) ) ;
#6727 = CARTESIAN_POINT ( 'NONE',  ( 2.781154119997077068, -8.559508685037835463, 60.73483070044058962 ) ) ;
#6728 = CARTESIAN_POINT ( 'NONE',  ( 4.500000000000000888, 4.466075392763034456E-15, 5.894173076793273403 ) ) ;
#6729 = FACE_OUTER_BOUND ( 'NONE', #5772, .T. ) ;
#6730 = EDGE_CURVE ( 'NONE', #4073, #2681, #7179, .T. ) ;
#6731 = CARTESIAN_POINT ( 'NONE',  ( 4.500000000000000888, 4.256928142328989264E-14, 51.71155958877980652 ) ) ;
#6732 = CYLINDRICAL_SURFACE ( 'NONE', #1738, 9.000000398245260769 ) ;
#6733 = CARTESIAN_POINT ( 'NONE',  ( -2.781154119996992691, 8.559508685037862108, 52.40282842520409901 ) ) ;
#6734 = CARTESIAN_POINT ( 'NONE',  ( 5.562305207913746052, 7.655858294680418119, 47.44873540850071691 ) ) ;
#6735 = CARTESIAN_POINT ( 'NONE',  ( 4.499999821055718385, 1.462139183781836715, 44.91408316739666162 ) ) ;
#6736 = ADVANCED_FACE ( 'NONE', ( #2244 ), #2056, .T. ) ;
#6737 = ORIENTED_EDGE ( 'NONE', *, *, #5095, .T. ) ;
#6738 = CARTESIAN_POINT ( 'NONE',  ( -2.781152024881118123, -8.559509365782275836, 44.37480259876895872 ) ) ;
#6739 = CARTESIAN_POINT ( 'NONE',  ( 0.0000000000000000000, 0.0000000000000000000, 0.0000000000000000000 ) ) ;
#6740 = CARTESIAN_POINT ( 'NONE',  ( 0.0000000000000000000, 0.0000000000000000000, 0.0000000000000000000 ) ) ;
#6741 = CARTESIAN_POINT ( 'NONE',  ( -4.499999821055703286, -1.462139183781879348, 11.76995786093041296 ) ) ;
#6742 = VECTOR ( 'NONE', #2019, 1000.000000000000000 ) ;
#6743 = CYLINDRICAL_SURFACE ( 'NONE', #874, 4.500000000000000888 ) ;
#6744 = EDGE_CURVE ( 'NONE', #633, #3976, #126, .T. ) ;
#6745 = CARTESIAN_POINT ( 'NONE',  ( 3.640576798400449121, -2.645033189763096981, 39.95999015069327953 ) ) ;
#6746 = CARTESIAN_POINT ( 'NONE',  ( 3.640576798400438907, -2.645033189763110304, 31.01027260022030063 ) ) ;
#6747 = CYLINDRICAL_SURFACE ( 'NONE', #5647, 9.000000398245260769 ) ;
#6748 = VERTEX_POINT ( 'NONE', #6641 ) ;
#6749 = DIRECTION ( 'NONE',  ( 0.0000000000000000000, 0.0000000000000000000, 1.000000000000000000 ) ) ;
#6750 = EDGE_CURVE ( 'NONE', #5897, #3101, #1078, .T. ) ;
#6751 = CARTESIAN_POINT ( 'NONE',  ( 3.640576150974026426, 2.645034080869119286, 47.33352394299598842 ) ) ;
#6752 = CARTESIAN_POINT ( 'NONE',  ( -1.158151634198326706E-06, 9.463160436884182403, 36.15801178903719659 ) ) ;
#6753 = CARTESIAN_POINT ( 'NONE',  ( -1.158151652740773023E-06, 9.463160436884182403, 17.72417730828042082 ) ) ;
#6754 = LINE ( 'NONE', #300, #1824 ) ;
#6755 = CYLINDRICAL_SURFACE ( 'NONE', #5474, 9.000000398245260769 ) ;
#6756 = CARTESIAN_POINT ( 'NONE',  ( -2.781154119997081064, 8.559508685037833686, 22.71504708387974958 ) ) ;
#6757 = CYLINDRICAL_SURFACE ( 'NONE', #7132, 9.000000398245260769 ) ;
#6758 = ORIENTED_EDGE ( 'NONE', *, *, #3246, .T. ) ;
#6759 = CARTESIAN_POINT ( 'NONE',  ( -5.562305207913741611, -7.655858294680424336, 7.391922171750679560 ) ) ;
#6760 = CARTESIAN_POINT ( 'NONE',  ( -2.781153417856681020, 3.827928297211927955, 48.17678096042504166 ) ) ;
#6761 = EDGE_CURVE ( 'NONE', #6402, #1281, #3928, .T. ) ;
#6762 = CARTESIAN_POINT ( 'NONE',  ( -5.790757891575589731E-07, 4.731580009072167137, 40.76647040922639320 ) ) ;
#6763 = VECTOR ( 'NONE', #6276, 1000.000000000000000 ) ;
#6764 = CARTESIAN_POINT ( 'NONE',  ( 4.500000000000000000, 2.226686520797158987E-14, 47.10310096859061701 ) ) ;
#6765 = CARTESIAN_POINT ( 'NONE',  ( 4.500000000000000888, 2.134099277970844489E-14, 17.41531962726625693 ) ) ;
#6766 = AXIS2_PLACEMENT_3D ( 'NONE', #4258, #4794, #4852 ) ;
#6767 = EDGE_CURVE ( 'NONE', #344, #1419, #1519, .T. ) ;
#6768 = CARTESIAN_POINT ( 'NONE',  ( -9.000000398245257216, -1.540273981978424174E-14, 20.60446390250274362 ) ) ;
#6769 = CARTESIAN_POINT ( 'NONE',  ( 9.000000398245257216, -1.326513829522111016E-14, 17.14811993736085327 ) ) ;
#6770 = VECTOR ( 'NONE', #507, 1000.000000000000000 ) ;
#6771 = CARTESIAN_POINT ( 'NONE',  ( 1.158151509001666907E-06, -9.463160436884182403, 60.61961923493586113 ) ) ;
#6772 = CYLINDRICAL_SURFACE ( 'NONE', #4566, 4.500000000000000888 ) ;
#6773 = CARTESIAN_POINT ( 'NONE',  ( -2.781152024881105689, -8.559509365782279389, 30.28222704829597234 ) ) ;
#6774 = VECTOR ( 'NONE', #4271, 1000.000000000000000 ) ;
#6775 = CARTESIAN_POINT ( 'NONE',  ( 5.790757335126489575E-07, -4.731580009072167137, 51.13550230465207136 ) ) ;
#6776 = ADVANCED_FACE ( 'NONE', ( #7136 ), #4704, .T. ) ;
#6777 = CIRCLE ( 'NONE', #532, 4.500000000000000888 ) ;
#6778 = CARTESIAN_POINT ( 'NONE',  ( -7.281152624135224904, -5.290068395820943792, 46.44860897785409293 ) ) ;
#6779 = AXIS2_PLACEMENT_3D ( 'NONE', #2372, #4096, #5839 ) ;
#6780 = CARTESIAN_POINT ( 'NONE',  ( 7.281152624135200924, 5.290068395820976654, 3.553167051198650839 ) ) ;
#6781 = CARTESIAN_POINT ( 'NONE',  ( -9.000000398245262545, -9.252843752145473688E-15, 50.82664462363791813 ) ) ;
#6782 = CARTESIAN_POINT ( 'NONE',  ( -2.781153417856658372, 3.827928297211944830, 36.65563440995206435 ) ) ;
#6783 = CARTESIAN_POINT ( 'NONE',  ( 0.0000000000000000000, 0.0000000000000000000, 0.0000000000000000000 ) ) ;
#6784 = FACE_OUTER_BOUND ( 'NONE', #3323, .T. ) ;
#6785 = ORIENTED_EDGE ( 'NONE', *, *, #1105, .T. ) ;
#6786 = CARTESIAN_POINT ( 'NONE',  ( -5.562307081842447154, 7.655856933191523161, 34.08420540995205528 ) ) ;
#6787 = CARTESIAN_POINT ( 'NONE',  ( 4.500000178944237206, -1.462138082314229814, 24.21279613544123421 ) ) ;
#6788 = VERTEX_POINT ( 'NONE', #4533 ) ;
#6789 = DIRECTION ( 'NONE',  ( 0.0000000000000000000, 0.0000000000000000000, 1.000000000000000000 ) ) ;
#6790 = FACE_OUTER_BOUND ( 'NONE', #1718, .T. ) ;
#6791 = VECTOR ( 'NONE', #3237, 1000.000000000000000 ) ;
#6792 = DIRECTION ( 'NONE',  ( 0.0000000000000000000, 0.0000000000000000000, 1.000000000000000000 ) ) ;
#6793 = AXIS2_PLACEMENT_3D ( 'NONE', #122, #2984, #1427 ) ;
#6794 = CARTESIAN_POINT ( 'NONE',  ( 7.281153918988026774, -5.290066613608958690, 53.78536601126085515 ) ) ;
#6795 = CARTESIAN_POINT ( 'NONE',  ( 0.0000000000000000000, 0.0000000000000000000, 0.0000000000000000000 ) ) ;
#6796 = ADVANCED_FACE ( 'NONE', ( #7093 ), #6999, .T. ) ;
#6797 = LINE ( 'NONE', #6450, #4479 ) ;
#6798 = ORIENTED_EDGE ( 'NONE', *, *, #6730, .F. ) ;
#6799 = AXIS2_PLACEMENT_3D ( 'NONE', #4367, #5156, #495 ) ;
#6800 = DIRECTION ( 'NONE',  ( 0.0000000000000000000, 0.0000000000000000000, -1.000000000000000000 ) ) ;
#6801 = DIRECTION ( 'NONE',  ( 1.000000000000000000, 0.0000000000000000000, 0.0000000000000000000 ) ) ;
#6802 = VECTOR ( 'NONE', #4677, 1000.000000000000000 ) ;
#6803 = CARTESIAN_POINT ( 'NONE',  ( -4.500000000000001776, 3.497138751903461675E-17, 55.43510324382710763 ) ) ;
#6804 = ORIENTED_EDGE ( 'NONE', *, *, #1172, .F. ) ;
#6805 = CARTESIAN_POINT ( 'NONE',  ( -5.562307081842459588, 7.655856933191513392, 17.95460023928988136 ) ) ;
#6806 = VECTOR ( 'NONE', #6953, 1000.000000000000000 ) ;
#6807 = AXIS2_PLACEMENT_3D ( 'NONE', #2666, #7300, #403 ) ;
#6808 = EDGE_LOOP ( 'NONE', ( #6250, #3855, #213, #5313 ) ) ;
#6809 = CARTESIAN_POINT ( 'NONE',  ( 9.000000040356646025, 2.924278496961546292, 10.35064351597771015 ) ) ;
#6810 = AXIS2_PLACEMENT_3D ( 'NONE', #3633, #2116, #5966 ) ;
#6811 = CYLINDRICAL_SURFACE ( 'NONE', #3463, 4.500000000000000888 ) ;
#6812 = CARTESIAN_POINT ( 'NONE',  ( -9.000000398245257216, 3.345488625337251553E-15, 7.046287731840569890 ) ) ;
#6813 = CARTESIAN_POINT ( 'NONE',  ( 5.562307081842490675, -7.655856933191491187, 14.76545596405338756 ) ) ;
#6814 = FACE_OUTER_BOUND ( 'NONE', #6138, .T. ) ;
#6815 = CARTESIAN_POINT ( 'NONE',  ( -9.000000040356662012, -2.924278496961502771, 23.29110441140339560 ) ) ;
#6816 = CARTESIAN_POINT ( 'NONE',  ( 5.562305207913769145, 7.655858294680402132, 8.544036826797977824 ) ) ;
#6817 = FACE_OUTER_BOUND ( 'NONE', #937, .T. ) ;
#6818 = DIRECTION ( 'NONE',  ( 1.000000000000000000, 0.0000000000000000000, 0.0000000000000000000 ) ) ;
#6819 = CARTESIAN_POINT ( 'NONE',  ( -3.640576150974039304, -2.645034080869101079, 60.00678514851627199 ) ) ;
#6820 = LINE ( 'NONE', #2961, #1843 ) ;
#6821 = ORIENTED_EDGE ( 'NONE', *, *, #1397, .T. ) ;
#6822 = EDGE_CURVE ( 'NONE', #6651, #216, #371, .T. ) ;
#6823 = CARTESIAN_POINT ( 'NONE',  ( 4.500000000000000888, 0.0000000000000000000, 0.0000000000000000000 ) ) ;
#6824 = CARTESIAN_POINT ( 'NONE',  ( 9.000000398245257216, -2.869568844472633721E-14, 33.27772510802302719 ) ) ;
#6825 = EDGE_CURVE ( 'NONE', #3277, #7095, #4713, .T. ) ;
#6826 = CARTESIAN_POINT ( 'NONE',  ( -9.000000756133713864, 2.924276294026261436, 27.40194041067772091 ) ) ;
#6827 = CYLINDRICAL_SURFACE ( 'NONE', #1058, 9.000000398245260769 ) ;
#6828 = EDGE_CURVE ( 'NONE', #6445, #5351, #2131, .T. ) ;
#6829 = CARTESIAN_POINT ( 'NONE',  ( -9.000000398245257216, -1.981147701592761480E-14, 15.99600528231355590 ) ) ;
#6830 = CARTESIAN_POINT ( 'NONE',  ( -5.562305207913743388, -7.655858294680421672, 9.696151481845275200 ) ) ;
#6831 = CARTESIAN_POINT ( 'NONE',  ( -3.640576150974025094, -2.645034080869121063, 9.313740326435141270 ) ) ;
#6832 = FACE_OUTER_BOUND ( 'NONE', #887, .T. ) ;
#6833 = CARTESIAN_POINT ( 'NONE',  ( -1.390576998466218628, 4.279754153142057760, 27.32350570406894263 ) ) ;
#6834 = EDGE_CURVE ( 'NONE', #7075, #2950, #1525, .T. ) ;
#6835 = VERTEX_POINT ( 'NONE', #1271 ) ;
#6836 = CARTESIAN_POINT ( 'NONE',  ( 3.640576798400443792, -2.645033189763103199, 12.57643811946352308 ) ) ;
#6837 = LINE ( 'NONE', #5346, #6742 ) ;
#6838 = ADVANCED_FACE ( 'NONE', ( #4557 ), #2044, .F. ) ;
#6839 = LINE ( 'NONE', #5259, #6806 ) ;
#6840 = CARTESIAN_POINT ( 'NONE',  ( 2.781152024881013318, 8.559509365782311363, 29.39731208315408040 ) ) ;
#6841 = EDGE_CURVE ( 'NONE', #458, #4073, #3481, .T. ) ;
#6842 = CARTESIAN_POINT ( 'NONE',  ( 4.499999821055703286, 1.462139183781876017, 28.78447799673448415 ) ) ;
#6843 = LINE ( 'NONE', #6119, #6770 ) ;
#6844 = ORIENTED_EDGE ( 'NONE', *, *, #6385, .F. ) ;
#6845 = CARTESIAN_POINT ( 'NONE',  ( 0.0000000000000000000, 0.0000000000000000000, 0.0000000000000000000 ) ) ;
#6846 = LINE ( 'NONE', #2680, #1968 ) ;
#6847 = CARTESIAN_POINT ( 'NONE',  ( 9.000000398245260769, 0.0000000000000000000, 65.00000000000000000 ) ) ;
#6848 = CARTESIAN_POINT ( 'NONE',  ( 0.0000000000000000000, 0.0000000000000000000, 0.0000000000000000000 ) ) ;
#6849 = CARTESIAN_POINT ( 'NONE',  ( 4.500000000000000888, 1.693226426896167087E-14, 26.63223686764464659 ) ) ;
#6850 = FACE_OUTER_BOUND ( 'NONE', #3363, .T. ) ;
#6851 = VECTOR ( 'NONE', #2610, 1000.000000000000000 ) ;
#6852 = ADVANCED_FACE ( 'NONE', ( #6988 ), #2208, .T. ) ;
#6853 = ORIENTED_EDGE ( 'NONE', *, *, #6129, .T. ) ;
#6854 = AXIS2_PLACEMENT_3D ( 'NONE', #3437, #36, #3975 ) ;
#6855 = DIRECTION ( 'NONE',  ( 0.0000000000000000000, 0.0000000000000000000, 1.000000000000000000 ) ) ;
#6856 = CARTESIAN_POINT ( 'NONE',  ( -1.158151659694190789E-06, 9.463160436884182403, 10.81148937799662946 ) ) ;
#6857 = ORIENTED_EDGE ( 'NONE', *, *, #4697, .T. ) ;
#6858 = EDGE_CURVE ( 'NONE', #6951, #3960, #4624, .T. ) ;
#6859 = VECTOR ( 'NONE', #719, 1000.000000000000000 ) ;
#6860 = CARTESIAN_POINT ( 'NONE',  ( 4.500000000000000888, 5.568260544828900983E-15, 3.589943766698676875 ) ) ;
#6861 = DIRECTION ( 'NONE',  ( 1.000000000000000000, 0.0000000000000000000, 0.0000000000000000000 ) ) ;
#6862 = CARTESIAN_POINT ( 'NONE',  ( -4.500000000000000000, -4.211171415427525904E-14, 39.03829838325953006 ) ) ;
#6863 = EDGE_LOOP ( 'NONE', ( #6867, #4317, #6903, #7173 ) ) ;
#6864 = CARTESIAN_POINT ( 'NONE',  ( -9.000000398245262545, -2.247894697991322797E-14, 36.73406907316493175 ) ) ;
#6865 = CARTESIAN_POINT ( 'NONE',  ( 0.0000000000000000000, 0.0000000000000000000, 0.0000000000000000000 ) ) ;
#6866 = DIRECTION ( 'NONE',  ( 0.0000000000000000000, 0.0000000000000000000, 1.000000000000000000 ) ) ;
#6867 = ORIENTED_EDGE ( 'NONE', *, *, #2491, .T. ) ;
#6868 = CARTESIAN_POINT ( 'NONE',  ( -9.000000040356670894, -2.924278496961481455, 46.06619782244395367 ) ) ;
#6869 = AXIS2_PLACEMENT_3D ( 'NONE', #1062, #4001, #5645 ) ;
#6870 = FACE_OUTER_BOUND ( 'NONE', #980, .T. ) ;
#6871 = CARTESIAN_POINT ( 'NONE',  ( 9.000000398245257216, -4.447680963534829263E-15, 7.931202696982466271 ) ) ;
#6872 = CYLINDRICAL_SURFACE ( 'NONE', #6721, 9.000000398245260769 ) ;
#6873 = CARTESIAN_POINT ( 'NONE',  ( 7.281152624135235563, 5.290068395820930469, 31.47111846223921106 ) ) ;
#6874 = VERTEX_POINT ( 'NONE', #6469 ) ;
#6875 = CARTESIAN_POINT ( 'NONE',  ( 9.000000398245257216, -1.546950270569086518E-14, 19.45234924745544447 ) ) ;
#6876 = CARTESIAN_POINT ( 'NONE',  ( 0.0000000000000000000, 0.0000000000000000000, 0.0000000000000000000 ) ) ;
#6877 = CARTESIAN_POINT ( 'NONE',  ( 3.640576150974016656, 2.645034080869132609, 36.07957708242841477 ) ) ;
#6878 = EDGE_LOOP ( 'NONE', ( #1900, #2665, #6785, #4305 ) ) ;
#6879 = CARTESIAN_POINT ( 'NONE',  ( -1.390575950908260694, -4.279754493514271729, 35.15788535839057261 ) ) ;
#6880 = CARTESIAN_POINT ( 'NONE',  ( -3.640576798400449565, 2.645033189763096093, 27.55392863507840318 ) ) ;
#6881 = DIRECTION ( 'NONE',  ( 1.000000000000000000, 0.0000000000000000000, 0.0000000000000000000 ) ) ;
#6882 = EDGE_LOOP ( 'NONE', ( #6260, #5635, #2040, #1433 ) ) ;
#6883 = AXIS2_PLACEMENT_3D ( 'NONE', #2782, #3927, #5667 ) ;
#6884 = DIRECTION ( 'NONE',  ( 0.0000000000000000000, 0.0000000000000000000, 1.000000000000000000 ) ) ;
#6885 = LINE ( 'NONE', #3993, #2355 ) ;
#6886 = VERTEX_POINT ( 'NONE', #7023 ) ;
#6887 = CARTESIAN_POINT ( 'NONE',  ( -4.500000000000000000, 3.065456513507497961E-14, 57.47213286401629517 ) ) ;
#6888 = CARTESIAN_POINT ( 'NONE',  ( -4.500000000000000888, 2.774923260879777854E-15, 9.083317352029762759 ) ) ;
#6889 = CARTESIAN_POINT ( 'NONE',  ( -9.000000040356640696, -2.924278496961556062, 34.81225096187638002 ) ) ;
#6890 = CARTESIAN_POINT ( 'NONE',  ( -1.158151481176282012E-06, 9.463160436884182403, 54.85904595969936537 ) ) ;
#6891 = ORIENTED_EDGE ( 'NONE', *, *, #2422, .F. ) ;
#6892 = CARTESIAN_POINT ( 'NONE',  ( 2.781154119996959384, -8.559508685037874542, 55.85917239034599646 ) ) ;
#6893 = CARTESIAN_POINT ( 'NONE',  ( 0.0000000000000000000, 0.0000000000000000000, 0.0000000000000000000 ) ) ;
#6894 = DIRECTION ( 'NONE',  ( 0.0000000000000000000, 0.0000000000000000000, 1.000000000000000000 ) ) ;
#6895 = CARTESIAN_POINT ( 'NONE',  ( -9.000000756133736957, 2.924276294026186385, 16.14799355011014725 ) ) ;
#6896 = LINE ( 'NONE', #6675, #4561 ) ;
#6897 = EDGE_CURVE ( 'NONE', #6502, #2935, #2166, .T. ) ;
#6898 = ADVANCED_FACE ( 'NONE', ( #7049 ), #7026, .T. ) ;
#6899 = ORIENTED_EDGE ( 'NONE', *, *, #6911, .F. ) ;
#6900 = DIRECTION ( 'NONE',  ( 0.0000000000000000000, 0.0000000000000000000, 1.000000000000000000 ) ) ;
#6901 = CARTESIAN_POINT ( 'NONE',  ( -4.499999821055711280, -1.462139183781856477, 36.84928058206556756 ) ) ;
#6902 = LINE ( 'NONE', #3611, #1974 ) ;
#6903 = ORIENTED_EDGE ( 'NONE', *, *, #6750, .F. ) ;
#6904 = CARTESIAN_POINT ( 'NONE',  ( -7.281152624135227569, -5.290068395820939351, 50.78986790813787877 ) ) ;
#6905 = CARTESIAN_POINT ( 'NONE',  ( 5.562305207913770921, 7.655858294680401244, 10.58106644698716714 ) ) ;
#6906 = LINE ( 'NONE', #2622, #1923 ) ;
#6907 = VECTOR ( 'NONE', #825, 1000.000000000000000 ) ;
#6908 = CARTESIAN_POINT ( 'NONE',  ( -2.781154119997060192, 8.559508685037840792, 45.75734018482571486 ) ) ;
#6909 = CARTESIAN_POINT ( 'NONE',  ( -4.500000178944227436, 1.462138082314263787, 38.92308696115070887 ) ) ;
#6910 = EDGE_LOOP ( 'NONE', ( #5230, #4447, #2468, #2535 ) ) ;
#6911 = EDGE_CURVE ( 'NONE', #5818, #1335, #2484, .T. ) ;
#6912 = CARTESIAN_POINT ( 'NONE',  ( 4.500000178944231877, -1.462138082314247134, 61.08046509695478221 ) ) ;
#6913 =( BOUNDED_CURVE ( )  B_SPLINE_CURVE ( 2, ( #207, #6333, #1373, #2373, #4199, #1332, #4769, #5356, #1934, #4240, #4825 ),
 .UNSPECIFIED., .F., .F. ) 
 B_SPLINE_CURVE_WITH_KNOTS ( ( 3, 2, 2, 2, 2, 3 ),
 ( 0.7068965510412981157, 0.7103448275862068728, 0.7137931034482758452, 0.7172413793103448176, 0.7206896551724137900, 0.7241379303516428667 ),
 .UNSPECIFIED. ) 
 CURVE ( )  GEOMETRIC_REPRESENTATION_ITEM ( )  RATIONAL_B_SPLINE_CURVE ( ( 1.000000000000000000, 0.9510565162951535312, 1.000000000000000000, 0.9510565162951535312, 1.000000000000000000, 0.9510565162951535312, 1.000000000000000000, 0.9510565162951535312, 1.000000000000000000, 0.9510565162951535312, 1.000000000000000000 ) ) 
 REPRESENTATION_ITEM ( '' )  );
#6914 = DIRECTION ( 'NONE',  ( 0.0000000000000000000, 0.0000000000000000000, 1.000000000000000000 ) ) ;
#6915 = CARTESIAN_POINT ( 'NONE',  ( -9.000000040356690434, -2.924278496961410845, 53.24608544263315224 ) ) ;
#6916 = ADVANCED_FACE ( 'NONE', ( #2094 ), #7079, .F. ) ;
#6917 = CIRCLE ( 'NONE', #1256, 9.000000398245260769 ) ;
#6918 = ORIENTED_EDGE ( 'NONE', *, *, #1190, .F. ) ;
#6919 = EDGE_CURVE ( 'NONE', #4715, #5598, #6308, .T. ) ;
#6920 = CARTESIAN_POINT ( 'NONE',  ( 9.000000398245262545, 4.453373196690685983E-14, 47.10310096859061701 ) ) ;
#6921 =( BOUNDED_CURVE ( )  B_SPLINE_CURVE ( 2, ( #6609, #5445, #7128, #6007, #1868, #7190, #188, #4229, #2057, #2459, #3271 ),
 .UNSPECIFIED., .F., .F. ) 
 B_SPLINE_CURVE_WITH_KNOTS ( ( 3, 2, 2, 2, 2, 3 ),
 ( 0.4642857135784873024, 0.4678571428571428603, 0.4714285714285714191, 0.4749999999999999778, 0.4785714285714285920, 0.4821428564356302071 ),
 .UNSPECIFIED. ) 
 CURVE ( )  GEOMETRIC_REPRESENTATION_ITEM ( )  RATIONAL_B_SPLINE_CURVE ( ( 1.000000000000000000, 0.9510565162951535312, 1.000000000000000000, 0.9510565162951535312, 1.000000000000000000, 0.9510565162951535312, 1.000000000000000000, 0.9510565162951535312, 1.000000000000000000, 0.9510565162951535312, 1.000000000000000000 ) ) 
 REPRESENTATION_ITEM ( '' )  );
#6922 = CARTESIAN_POINT ( 'NONE',  ( -1.390576998466211522, 4.279754153142060424, 20.14361808387974406 ) ) ;
#6923 = CYLINDRICAL_SURFACE ( 'NONE', #6883, 9.000000398245260769 ) ;
#6924 = ORIENTED_EDGE ( 'NONE', *, *, #6064, .T. ) ;
#6925 = CARTESIAN_POINT ( 'NONE',  ( -7.281153918988135132, 5.290066613608808588, 27.28672894517299596 ) ) ;
#6926 = VECTOR ( 'NONE', #2046, 1000.000000000000000 ) ;
#6927 = CARTESIAN_POINT ( 'NONE',  ( 4.500000000000000888, 0.0000000000000000000, 0.0000000000000000000 ) ) ;
#6928 = VERTEX_POINT ( 'NONE', #6580 ) ;
#6929 =( BOUNDED_CURVE ( )  B_SPLINE_CURVE ( 2, ( #32, #3478, #3523, #6816, #1765, #1809, #6304, #4570, #4063, #2347, #5759 ),
 .UNSPECIFIED., .F., .F. ) 
 B_SPLINE_CURVE_WITH_KNOTS ( ( 3, 2, 2, 2, 2, 3 ),
 ( 0.1071428564356301377, 0.1107142857142857095, 0.1142857142857142821, 0.1178571428571428548, 0.1214285714285714274, 0.1249999992927730008 ),
 .UNSPECIFIED. ) 
 CURVE ( )  GEOMETRIC_REPRESENTATION_ITEM ( )  RATIONAL_B_SPLINE_CURVE ( ( 1.000000000000000000, 0.9510565162951535312, 1.000000000000000000, 0.9510565162951535312, 1.000000000000000000, 0.9510565162951535312, 1.000000000000000000, 0.9510565162951535312, 1.000000000000000000, 0.9510565162951535312, 1.000000000000000000 ) ) 
 REPRESENTATION_ITEM ( '' )  );
#6930 = CARTESIAN_POINT ( 'NONE',  ( -2.781154119997069518, 8.559508685037837239, 1.709783603122973172 ) ) ;
#6931 =( BOUNDED_CURVE ( )  B_SPLINE_CURVE ( 2, ( #3482, #2677, #1571, #2245, #2831, #3292, #6122, #4380, #4975, #6677, #2132 ),
 .UNSPECIFIED., .F., .F. ) 
 B_SPLINE_CURVE_WITH_KNOTS ( ( 3, 2, 2, 2, 2, 3 ),
 ( 0.07142857072134442542, 0.07499999999999999722, 0.07857142857142856984, 0.08214285714285714246, 0.08571428571428571508, 0.08928571357848728851 ),
 .UNSPECIFIED. ) 
 CURVE ( )  GEOMETRIC_REPRESENTATION_ITEM ( )  RATIONAL_B_SPLINE_CURVE ( ( 1.000000000000000000, 0.9510565162951535312, 1.000000000000000000, 0.9510565162951535312, 1.000000000000000000, 0.9510565162951535312, 1.000000000000000000, 0.9510565162951535312, 1.000000000000000000, 0.9510565162951535312, 1.000000000000000000 ) ) 
 REPRESENTATION_ITEM ( '' )  );
#6932 = CARTESIAN_POINT ( 'NONE',  ( 0.0000000000000000000, 0.0000000000000000000, 0.0000000000000000000 ) ) ;
#6933 = LINE ( 'NONE', #4253, #4468 ) ;
#6934 = ORIENTED_EDGE ( 'NONE', *, *, #6117, .F. ) ;
#6935 =( BOUNDED_CURVE ( )  B_SPLINE_CURVE ( 2, ( #2444, #5948, #4295, #5266, #4891, #866, #1855, #2495, #4215, #227, #814 ),
 .UNSPECIFIED., .F., .F. ) 
 B_SPLINE_CURVE_WITH_KNOTS ( ( 3, 2, 2, 2, 2, 3 ),
 ( 0.2321428564356301516, 0.2357142857142857095, 0.2392857142857142960, 0.2428571428571428548, 0.2464285714285714413, 0.2499999992927730008 ),
 .UNSPECIFIED. ) 
 CURVE ( )  GEOMETRIC_REPRESENTATION_ITEM ( )  RATIONAL_B_SPLINE_CURVE ( ( 1.000000000000000000, 0.9510565162951535312, 1.000000000000000000, 0.9510565162951535312, 1.000000000000000000, 0.9510565162951535312, 1.000000000000000000, 0.9510565162951535312, 1.000000000000000000, 0.9510565162951535312, 1.000000000000000000 ) ) 
 REPRESENTATION_ITEM ( '' )  );
#6936 = CARTESIAN_POINT ( 'NONE',  ( -3.640576150974028202, -2.645034080869116178, 20.83488687690812569 ) ) ;
#6937 = CARTESIAN_POINT ( 'NONE',  ( 0.0000000000000000000, 0.0000000000000000000, 0.0000000000000000000 ) ) ;
#6938 = EDGE_CURVE ( 'NONE', #3954, #3979, #365, .T. ) ;
#6939 = DIRECTION ( 'NONE',  ( 1.000000000000000000, 0.0000000000000000000, 0.0000000000000000000 ) ) ;
#6940 = AXIS2_PLACEMENT_3D ( 'NONE', #5952, #2049, #2001 ) ;
#6941 = ORIENTED_EDGE ( 'NONE', *, *, #2841, .T. ) ;
#6942 = CARTESIAN_POINT ( 'NONE',  ( 5.562307081842473799, -7.655856933191503622, 35.50351975490475098 ) ) ;
#6943 = CARTESIAN_POINT ( 'NONE',  ( -2.781152024881122120, -8.559509365782274060, 48.98326121895814822 ) ) ;
#6944 = ORIENTED_EDGE ( 'NONE', *, *, #741, .F. ) ;
#6945 = CARTESIAN_POINT ( 'NONE',  ( 7.281152624135254214, 5.290068395820904712, 63.73032880356356600 ) ) ;
#6946 = DIRECTION ( 'NONE',  ( 0.0000000000000000000, 0.0000000000000000000, 1.000000000000000000 ) ) ;
#6947 = CYLINDRICAL_SURFACE ( 'NONE', #4764, 4.500000000000000888 ) ;
#6948 = CARTESIAN_POINT ( 'NONE',  ( 4.500000000000000888, 1.472790022038344647E-14, 31.24069548783384320 ) ) ;
#6949 = CARTESIAN_POINT ( 'NONE',  ( -2.781153417856666366, 3.827928297211938169, 15.91757061910069027 ) ) ;
#6950 = FACE_OUTER_BOUND ( 'NONE', #4779, .T. ) ;
#6951 = VERTEX_POINT ( 'NONE', #1793 ) ;
#6952 = CARTESIAN_POINT ( 'NONE',  ( 2.781153417856669030, -3.827928297211935060, 19.10671489433717340 ) ) ;
#6953 = DIRECTION ( 'NONE',  ( 0.0000000000000000000, 0.0000000000000000000, 1.000000000000000000 ) ) ;
#6954 = FACE_OUTER_BOUND ( 'NONE', #5973, .T. ) ;
#6955 = VERTEX_POINT ( 'NONE', #4606 ) ;
#6956 = CARTESIAN_POINT ( 'NONE',  ( -2.781152024881063500, -8.559509365782293600, 51.02029083914734287 ) ) ;
#6957 = DIRECTION ( 'NONE',  ( 0.0000000000000000000, 0.0000000000000000000, 1.000000000000000000 ) ) ;
#6958 = ORIENTED_EDGE ( 'NONE', *, *, #5607, .T. ) ;
#6959 = CARTESIAN_POINT ( 'NONE',  ( 9.000000040356647801, 2.924278496961537854, 3.705155275599325559 ) ) ;
#6960 = VECTOR ( 'NONE', #1099, 1000.000000000000000 ) ;
#6961 = CARTESIAN_POINT ( 'NONE',  ( -7.281153918988105822, 5.290066613608850332, 13.72855277451082046 ) ) ;
#6962 = CARTESIAN_POINT ( 'NONE',  ( -4.500000000000000888, -3.292649670951633310E-15, 29.82138114288113329 ) ) ;
#6963 = DIRECTION ( 'NONE',  ( 0.0000000000000000000, 0.0000000000000000000, 1.000000000000000000 ) ) ;
#6964 = ADVANCED_FACE ( 'NONE', ( #2191 ), #6982, .T. ) ;
#6965 = ORIENTED_EDGE ( 'NONE', *, *, #4110, .T. ) ;
#6966 = CARTESIAN_POINT ( 'NONE',  ( -4.500000000000000888, 1.240327548214232523E-14, 27.78435152269194575 ) ) ;
#6967 = ORIENTED_EDGE ( 'NONE', *, *, #1101, .F. ) ;
#6968 = AXIS2_PLACEMENT_3D ( 'NONE', #1796, #6946, #14 ) ;
#6969 = CARTESIAN_POINT ( 'NONE',  ( -7.281152624135224904, -5.290068395820943792, 46.18140928794868216 ) ) ;
#6970 = CARTESIAN_POINT ( 'NONE',  ( -1.390576998466174663, 4.279754153142071083, 57.27848673529869927 ) ) ;
#6971 = VECTOR ( 'NONE', #989, 1000.000000000000000 ) ;
#6972 = CARTESIAN_POINT ( 'NONE',  ( -4.500000000000000888, 5.510910596163089556E-16, 0.0000000000000000000 ) ) ;
#6973 = ORIENTED_EDGE ( 'NONE', *, *, #1157, .F. ) ;
#6974 = CARTESIAN_POINT ( 'NONE',  ( 5.790757879606097273E-07, -4.731580009072167137, 32.96886751380070990 ) ) ;
#6975 = CARTESIAN_POINT ( 'NONE',  ( -4.500000000000001776, -3.083726963869111284E-14, 57.73933255392170594 ) ) ;
#6976 = CARTESIAN_POINT ( 'NONE',  ( -5.790757694123063888E-07, 4.731580009072167137, 36.42521147894260025 ) ) ;
#6977 = ADVANCED_FACE ( 'NONE', ( #2083 ), #2034, .F. ) ;
#6978 = ORIENTED_EDGE ( 'NONE', *, *, #3663, .F. ) ;
#6979 = CARTESIAN_POINT ( 'NONE',  ( -4.499999821055703286, -1.462139183781875129, 20.98687510130880085 ) ) ;
#6980 = CARTESIAN_POINT ( 'NONE',  ( -9.000000398245262545, -4.353518856679617788E-16, 60.04356186401629714 ) ) ;
#6981 = CARTESIAN_POINT ( 'NONE',  ( -2.781153417856696120, 3.827928297211916409, 52.51803989070882039 ) ) ;
#6982 = CYLINDRICAL_SURFACE ( 'NONE', #4448, 9.000000398245260769 ) ;
#6983 = CARTESIAN_POINT ( 'NONE',  ( 7.281152624135247997, 5.290068395820911817, 54.24621187327977623 ) ) ;
#6984 = ORIENTED_EDGE ( 'NONE', *, *, #4193, .T. ) ;
#6985 = CARTESIAN_POINT ( 'NONE',  ( -3.640576798400454450, 2.645033189763087655, 6.815864844227031760 ) ) ;
#6986 = CARTESIAN_POINT ( 'NONE',  ( -4.500000000000001776, -4.373757278324096556E-15, 46.21818600344873573 ) ) ;
#6987 = CARTESIAN_POINT ( 'NONE',  ( -5.562305207913720295, -7.655858294680437659, 48.86804975345341973 ) ) ;
#6988 = FACE_OUTER_BOUND ( 'NONE', #4953, .T. ) ;
#6989 = ORIENTED_EDGE ( 'NONE', *, *, #6381, .F. ) ;
#6990 = CARTESIAN_POINT ( 'NONE',  ( 3.640576798400462444, -2.645033189763077885, 14.88066742955811783 ) ) ;
#6991 = EDGE_CURVE ( 'NONE', #6585, #4660, #2154, .T. ) ;
#6992 = CYLINDRICAL_SURFACE ( 'NONE', #664, 9.000000398245260769 ) ;
#6993 = CARTESIAN_POINT ( 'NONE',  ( -4.500000000000000888, -5.017171716958190137E-15, 4.742058421745974250 ) ) ;
#6994 = EDGE_CURVE ( 'NONE', #6835, #4101, #134, .T. ) ;
#6995 = CARTESIAN_POINT ( 'NONE',  ( 9.000000040356658459, 2.924278496961516538, 42.87705354720746698 ) ) ;
#6996 = ORIENTED_EDGE ( 'NONE', *, *, #2382, .F. ) ;
#6997 =( BOUNDED_CURVE ( )  B_SPLINE_CURVE ( 2, ( #964, #1541, #3849, #3152, #2695, #3210, #4993, #3261, #5589, #3712, #6050 ),
 .UNSPECIFIED., .F., .F. ) 
 B_SPLINE_CURVE_WITH_KNOTS ( ( 3, 2, 2, 2, 2, 3 ),
 ( 0.8965517234550911541, 0.9000000000000000222, 0.9034482758620689946, 0.9068965517241379670, 0.9103448275862069394, 0.9137931027654360161 ),
 .UNSPECIFIED. ) 
 CURVE ( )  GEOMETRIC_REPRESENTATION_ITEM ( )  RATIONAL_B_SPLINE_CURVE ( ( 1.000000000000000000, 0.9510565162951535312, 1.000000000000000000, 0.9510565162951535312, 1.000000000000000000, 0.9510565162951535312, 1.000000000000000000, 0.9510565162951535312, 1.000000000000000000, 0.9510565162951535312, 1.000000000000000000 ) ) 
 REPRESENTATION_ITEM ( '' )  );
#6998 = DIRECTION ( 'NONE',  ( 1.000000000000000000, 0.0000000000000000000, 0.0000000000000000000 ) ) ;
#6999 = CYLINDRICAL_SURFACE ( 'NONE', #936, 9.000000398245260769 ) ;
#7000 = ADVANCED_FACE ( 'NONE', ( #7109 ), #2248, .F. ) ;
#7001 = EDGE_LOOP ( 'NONE', ( #6313, #3771, #3920, #3875 ) ) ;
#7002 = CARTESIAN_POINT ( 'NONE',  ( 9.000000398245260769, 0.0000000000000000000, 0.0000000000000000000 ) ) ;
#7003 = EDGE_CURVE ( 'NONE', #6359, #7267, #1085, .T. ) ;
#7004 =( BOUNDED_CURVE ( )  B_SPLINE_CURVE ( 2, ( #3919, #6815, #4516, #5064, #6303, #987, #2187, #567, #2295, #4018, #6673 ),
 .UNSPECIFIED., .F., .F. ) 
 B_SPLINE_CURVE_WITH_KNOTS ( ( 3, 2, 2, 2, 2, 3 ),
 ( 0.3392857135784873579, 0.3428571428571428603, 0.3464285714285714191, 0.3499999999999999778, 0.3535714285714285920, 0.3571428564356301516 ),
 .UNSPECIFIED. ) 
 CURVE ( )  GEOMETRIC_REPRESENTATION_ITEM ( )  RATIONAL_B_SPLINE_CURVE ( ( 1.000000000000000000, 0.9510565162951535312, 1.000000000000000000, 0.9510565162951535312, 1.000000000000000000, 0.9510565162951535312, 1.000000000000000000, 0.9510565162951535312, 1.000000000000000000, 0.9510565162951535312, 1.000000000000000000 ) ) 
 REPRESENTATION_ITEM ( '' )  );
#7005 = CARTESIAN_POINT ( 'NONE',  ( 9.000000040356674447, 2.924278496961467244, 26.74744837654529306 ) ) ;
#7006 = CARTESIAN_POINT ( 'NONE',  ( -2.781152480892384204, -3.827928977956336354, 53.20930868373721268 ) ) ;
#7007 = DIRECTION ( 'NONE',  ( 1.000000000000000000, 0.0000000000000000000, 0.0000000000000000000 ) ) ;
#7008 = ORIENTED_EDGE ( 'NONE', *, *, #2676, .F. ) ;
#7009 = CARTESIAN_POINT ( 'NONE',  ( 7.281153918988078289, -5.290066613608886747, 28.70604329012570233 ) ) ;
#7010 = EDGE_CURVE ( 'NONE', #4996, #3970, #1769, .T. ) ;
#7011 = CARTESIAN_POINT ( 'NONE',  ( 9.000000398245260769, 0.0000000000000000000, 0.0000000000000000000 ) ) ;
#7012 = DIRECTION ( 'NONE',  ( 0.0000000000000000000, 0.0000000000000000000, 1.000000000000000000 ) ) ;
#7013 = MECHANICAL_DESIGN_GEOMETRIC_PRESENTATION_REPRESENTATION (  '', ( #4628 ), #2861 ) ;
#7014 = ORIENTED_EDGE ( 'NONE', *, *, #2965, .F. ) ;
#7015 = ORIENTED_EDGE ( 'NONE', *, *, #5700, .F. ) ;
#7016 = CARTESIAN_POINT ( 'NONE',  ( -2.781152024881059504, -8.559509365782295376, 46.41183221895815336 ) ) ;
#7017 = CARTESIAN_POINT ( 'NONE',  ( 2.781152024881013318, 8.559509365782311363, 29.13011239324867319 ) ) ;
#7018 = CYLINDRICAL_SURFACE ( 'NONE', #4060, 9.000000398245260769 ) ;
#7019 = DIRECTION ( 'NONE',  ( 0.0000000000000000000, 0.0000000000000000000, 1.000000000000000000 ) ) ;
#7020 = ADVANCED_FACE ( 'NONE', ( #4675 ), #7039, .T. ) ;
#7021 = EDGE_LOOP ( 'NONE', ( #4742, #7037, #913, #1090 ) ) ;
#7022 = CARTESIAN_POINT ( 'NONE',  ( -1.390575950908256475, -4.279754493514272617, 25.94096811801218649 ) ) ;
#7023 = CARTESIAN_POINT ( 'NONE',  ( 4.500000000000000888, 3.363895565672463791E-15, 8.198402386887869042 ) ) ;
#7024 = CARTESIAN_POINT ( 'NONE',  ( 9.000000398245257216, -8.856400892282580803E-15, 12.80686100707706032 ) ) ;
#7025 = EDGE_CURVE ( 'NONE', #2691, #1548, #3703, .T. ) ;
#7026 = CYLINDRICAL_SURFACE ( 'NONE', #1425, 9.000000398245260769 ) ;
#7027 = CARTESIAN_POINT ( 'NONE',  ( -9.000000040356658459, -2.924278496961513873, 11.50275817102500753 ) ) ;
#7028 = ORIENTED_EDGE ( 'NONE', *, *, #199, .F. ) ;
#7029 = ORIENTED_EDGE ( 'NONE', *, *, #5622, .T. ) ;
#7030 = CARTESIAN_POINT ( 'NONE',  ( -4.500000000000000888, 5.510910596163089556E-16, 0.0000000000000000000 ) ) ;
#7031 = CARTESIAN_POINT ( 'NONE',  ( -9.000000398245260769, 1.102182168003596278E-15, 0.0000000000000000000 ) ) ;
#7032 = VECTOR ( 'NONE', #5491, 1000.000000000000000 ) ;
#7033 = VERTEX_POINT ( 'NONE', #1587 ) ;
#7034 = CARTESIAN_POINT ( 'NONE',  ( 9.000000756133740509, -2.924276294026172174, 35.73394268591421508 ) ) ;
#7035 = ADVANCED_FACE ( 'NONE', ( #7084 ), #7140, .T. ) ;
#7036 = ORIENTED_EDGE ( 'NONE', *, *, #2378, .T. ) ;
#7037 = ORIENTED_EDGE ( 'NONE', *, *, #6571, .F. ) ;
#7038 = CARTESIAN_POINT ( 'NONE',  ( 1.390576998466239722, -4.279754153142049766, 14.65024449854866084 ) ) ;
#7039 = CYLINDRICAL_SURFACE ( 'NONE', #1024, 9.000000398245260769 ) ;
#7040 = CARTESIAN_POINT ( 'NONE',  ( -9.000000398245257216, -1.099401120563988957E-14, 25.48012221259734744 ) ) ;
#7041 = DIRECTION ( 'NONE',  ( 0.0000000000000000000, 0.0000000000000000000, 1.000000000000000000 ) ) ;
#7042 = CARTESIAN_POINT ( 'NONE',  ( 3.640576798400451342, -2.645033189763093429, 30.74307291031488987 ) ) ;
#7043 = LINE ( 'NONE', #4928, #4604 ) ;
#7044 = EDGE_CURVE ( 'NONE', #387, #5396, #2303, .T. ) ;
#7045 = CARTESIAN_POINT ( 'NONE',  ( -9.000000398245260769, 1.102182168003596278E-15, 0.0000000000000000000 ) ) ;
#7046 = ORIENTED_EDGE ( 'NONE', *, *, #5152, .T. ) ;
#7047 = CARTESIAN_POINT ( 'NONE',  ( 5.790757833571870411E-07, -4.731580009072167137, 18.87629196332771642 ) ) ;
#7048 = CARTESIAN_POINT ( 'NONE',  ( -7.281152624135222240, -5.290068395820946456, 41.57295066775949977 ) ) ;
#7049 = FACE_OUTER_BOUND ( 'NONE', #509, .T. ) ;
#7050 = EDGE_LOOP ( 'NONE', ( #4799, #6680, #7344, #1699 ) ) ;
#7051 = ORIENTED_EDGE ( 'NONE', *, *, #3134, .T. ) ;
#7052 = CARTESIAN_POINT ( 'NONE',  ( -7.281152624135181384, -5.290068395821005076, 34.66026273747570485 ) ) ;
#7053 = CARTESIAN_POINT ( 'NONE',  ( 4.499999821055715721, 1.462139183781845375, 26.48024868663988940 ) ) ;
#7054 = CYLINDRICAL_SURFACE ( 'NONE', #3167, 9.000000398245260769 ) ;
#7055 = DIRECTION ( 'NONE',  ( 1.000000000000000000, 0.0000000000000000000, 0.0000000000000000000 ) ) ;
#7056 = AXIS2_PLACEMENT_3D ( 'NONE', #3264, #3713, #2053 ) ;
#7057 = CARTESIAN_POINT ( 'NONE',  ( -1.158151657376384867E-06, 9.463160436884182403, 13.38291837799663142 ) ) ;
#7058 = CARTESIAN_POINT ( 'NONE',  ( -4.500000178944229212, 1.462138082314256016, 22.79348179048853140 ) ) ;
#7059 = CARTESIAN_POINT ( 'NONE',  ( 2.781152480892358891, 3.827928977956354561, 47.71593509840612057 ) ) ;
#7060 = AXIS2_PLACEMENT_3D ( 'NONE', #158, #307, #1375 ) ;
#7061 = ORIENTED_EDGE ( 'NONE', *, *, #1313, .T. ) ;
#7062 = CARTESIAN_POINT ( 'NONE',  ( 9.000000756133722746, -2.924276294026230349, 28.82125475563043082 ) ) ;
#7063 = CARTESIAN_POINT ( 'NONE',  ( -2.781152480892328693, -3.827928977956376322, 7.391922171750679560 ) ) ;
#7064 = CARTESIAN_POINT ( 'NONE',  ( -4.500000000000000888, 5.510910596163089556E-16, 0.0000000000000000000 ) ) ;
#7065 = CARTESIAN_POINT ( 'NONE',  ( 0.0000000000000000000, 0.0000000000000000000, 0.0000000000000000000 ) ) ;
#7066 = CARTESIAN_POINT ( 'NONE',  ( 1.390576998466158010, -4.279754153142076412, 60.73483070044059673 ) ) ;
#7067 = ADVANCED_FACE ( 'NONE', ( #7097 ), #7251, .T. ) ;
#7068 = EDGE_LOOP ( 'NONE', ( #1663, #1757, #1602, #4995 ) ) ;
#7069 = ORIENTED_EDGE ( 'NONE', *, *, #6381, .T. ) ;
#7070 = DIRECTION ( 'NONE',  ( 1.000000000000000000, 0.0000000000000000000, 0.0000000000000000000 ) ) ;
#7071 = LINE ( 'NONE', #3876, #6971 ) ;
#7072 = ORIENTED_EDGE ( 'NONE', *, *, #3229, .T. ) ;
#7073 = CARTESIAN_POINT ( 'NONE',  ( 7.281153918988111151, -5.290066613608842339, 3.092321189179731089 ) ) ;
#7074 = CARTESIAN_POINT ( 'NONE',  ( 9.000000756133728075, -2.924276294026219247, 17.30010820515744641 ) ) ;
#7075 = VERTEX_POINT ( 'NONE', #4490 ) ;
#7076 = CARTESIAN_POINT ( 'NONE',  ( 4.500000000000000888, 1.693226426896167087E-14, 26.63223686764464659 ) ) ;
#7077 = CARTESIAN_POINT ( 'NONE',  ( -1.158151629562714861E-06, 9.463160436884182403, 40.76647040922639320 ) ) ;
#7078 = CARTESIAN_POINT ( 'NONE',  ( -5.562305207913751381, -7.655858294680415455, 18.91306872222365953 ) ) ;
#7079 = CYLINDRICAL_SURFACE ( 'NONE', #6421, 4.500000000000000888 ) ;
#7080 = DIRECTION ( 'NONE',  ( -0.0000000000000000000, 0.0000000000000000000, 1.000000000000000000 ) ) ;
#7081 = EDGE_LOOP ( 'NONE', ( #7114, #1940, #2256, #4746 ) ) ;
#7082 = ORIENTED_EDGE ( 'NONE', *, *, #3643, .T. ) ;
#7083 = CARTESIAN_POINT ( 'NONE',  ( -2.620164409477967915, -3.658515883156034487, 64.99985808877012516 ) ) ;
#7084 = FACE_OUTER_BOUND ( 'NONE', #2277, .T. ) ;
#7085 = DIRECTION ( 'NONE',  ( 0.0000000000000000000, 0.0000000000000000000, 1.000000000000000000 ) ) ;
#7086 = LINE ( 'NONE', #6306, #7032 ) ;
#7087 = CYLINDRICAL_SURFACE ( 'NONE', #2062, 4.500000000000000888 ) ;
#7088 = ORIENTED_EDGE ( 'NONE', *, *, #4913, .T. ) ;
#7089 = ADVANCED_FACE ( 'NONE', ( #7165 ), #7054, .T. ) ;
#7090 = ORIENTED_EDGE ( 'NONE', *, *, #3396, .F. ) ;
#7091 = EDGE_CURVE ( 'NONE', #2437, #250, #6595, .T. ) ;
#7092 = EDGE_CURVE ( 'NONE', #7242, #1029, #4632, .T. ) ;
#7093 = FACE_OUTER_BOUND ( 'NONE', #2136, .T. ) ;
#7094 = ORIENTED_EDGE ( 'NONE', *, *, #6994, .T. ) ;
#7095 = VERTEX_POINT ( 'NONE', #6980 ) ;
#7096 = CARTESIAN_POINT ( 'NONE',  ( 9.000000398245257216, -3.894211303019888661E-17, 3.589943766698675987 ) ) ;
#7097 = FACE_OUTER_BOUND ( 'NONE', #2781, .T. ) ;
#7098 = DIRECTION ( 'NONE',  ( 0.0000000000000000000, 0.0000000000000000000, 1.000000000000000000 ) ) ;
#7099 = CARTESIAN_POINT ( 'NONE',  ( 5.562305207913743388, 7.655858294680421672, 43.10747647821693818 ) ) ;
#7100 = FACE_OUTER_BOUND ( 'NONE', #5594, .T. ) ;
#7101 = VERTEX_POINT ( 'NONE', #196 ) ;
#7102 = CARTESIAN_POINT ( 'NONE',  ( 9.000000398245257216, -1.106077367795619885E-14, 15.11109031717166040 ) ) ;
#7103 = EDGE_LOOP ( 'NONE', ( #7220, #813 ) ) ;
#7104 = EDGE_CURVE ( 'NONE', #4560, #7101, #2121, .T. ) ;
#7105 = CARTESIAN_POINT ( 'NONE',  ( -4.500000000000000888, 1.901635930437194263E-14, 41.60972738325952491 ) ) ;
#7106 = ORIENTED_EDGE ( 'NONE', *, *, #1083, .F. ) ;
#7107 = ORIENTED_EDGE ( 'NONE', *, *, #4093, .F. ) ;
#7108 = CARTESIAN_POINT ( 'NONE',  ( 9.000000398245260769, 0.0000000000000000000, 0.0000000000000000000 ) ) ;
#7109 = FACE_OUTER_BOUND ( 'NONE', #6331, .T. ) ;
#7110 = EDGE_CURVE ( 'NONE', #762, #5689, #4528, .T. ) ;
#7111 = VECTOR ( 'NONE', #5813, 1000.000000000000000 ) ;
#7112 = CARTESIAN_POINT ( 'NONE',  ( 2.781152024881059504, 8.559509365782295376, 13.26770691249190115 ) ) ;
#7113 = CARTESIAN_POINT ( 'NONE',  ( -4.500000178944229212, 1.462138082314255572, 4.359647309731759179 ) ) ;
#7114 = ORIENTED_EDGE ( 'NONE', *, *, #3519, .T. ) ;
#7115 = ORIENTED_EDGE ( 'NONE', *, *, #6117, .T. ) ;
#7116 = CARTESIAN_POINT ( 'NONE',  ( 4.500000178944235429, -1.462138082314232479, 28.82125475563043082 ) ) ;
#7117 = DIRECTION ( 'NONE',  ( 0.0000000000000000000, 0.0000000000000000000, 1.000000000000000000 ) ) ;
#7118 = CARTESIAN_POINT ( 'NONE',  ( -4.500000000000000888, 5.510910596163089556E-16, 0.0000000000000000000 ) ) ;
#7119 = CARTESIAN_POINT ( 'NONE',  ( -7.281152624135176055, -5.290068395821011293, 25.44334549709731874 ) ) ;
#7120 = CARTESIAN_POINT ( 'NONE',  ( -2.781152480892377543, -3.827928977956341683, 60.38919630392640414 ) ) ;
#7121 = EDGE_LOOP ( 'NONE', ( #5262, #3238, #1363, #1522 ) ) ;
#7122 = EDGE_LOOP ( 'NONE', ( #4986, #5879, #6125, #3681 ) ) ;
#7123 = VECTOR ( 'NONE', #1749, 1000.000000000000000 ) ;
#7124 = DIRECTION ( 'NONE',  ( 0.0000000000000000000, 0.0000000000000000000, 1.000000000000000000 ) ) ;
#7125 = DIRECTION ( 'NONE',  ( 0.0000000000000000000, 0.0000000000000000000, 1.000000000000000000 ) ) ;
#7126 = FACE_OUTER_BOUND ( 'NONE', #1971, .T. ) ;
#7127 = EDGE_CURVE ( 'NONE', #5325, #6585, #4547, .T. ) ;
#7128 = CARTESIAN_POINT ( 'NONE',  ( 3.640576150974041081, 2.645034080869099746, 31.20391877233380740 ) ) ;
#7129 = CARTESIAN_POINT ( 'NONE',  ( 7.281153918988121809, -5.290066613608826351, 17.18489673965271436 ) ) ;
#7130 = ORIENTED_EDGE ( 'NONE', *, *, #3012, .F. ) ;
#7131 = CARTESIAN_POINT ( 'NONE',  ( 9.000000398245262545, 3.571632292188978650E-14, 56.58721789887440679 ) ) ;
#7132 = AXIS2_PLACEMENT_3D ( 'NONE', #5834, #3458, #4091 ) ;
#7133 = CARTESIAN_POINT ( 'NONE',  ( 5.790757987155788057E-07, -4.731580009072167137, 5.050916102760137250 ) ) ;
#7134 = EDGE_CURVE ( 'NONE', #5656, #2614, #4571, .T. ) ;
#7135 = CARTESIAN_POINT ( 'NONE',  ( -2.781152480892367773, -3.827928977956348344, 37.34690320298043531 ) ) ;
#7136 = FACE_OUTER_BOUND ( 'NONE', #690, .T. ) ;
#7137 = CARTESIAN_POINT ( 'NONE',  ( 4.500000000000000888, -5.784627267522990942E-15, 47.37030065849602067 ) ) ;
#7138 = ORIENTED_EDGE ( 'NONE', *, *, #4174, .T. ) ;
#7139 = EDGE_LOOP ( 'NONE', ( #4210, #6619, #5785, #1583 ) ) ;
#7140 = CYLINDRICAL_SURFACE ( 'NONE', #6162, 9.000000398245260769 ) ;
#7141 = CARTESIAN_POINT ( 'NONE',  ( 9.000000040356660236, 2.924278496961512097, 47.48551216739667069 ) ) ;
#7142 = ADVANCED_FACE ( 'NONE', ( #2314 ), #6992, .T. ) ;
#7143 = ORIENTED_EDGE ( 'NONE', *, *, #2567, .F. ) ;
#7144 = AXIS2_PLACEMENT_3D ( 'NONE', #4549, #5688, #1152 ) ;
#7145 = CARTESIAN_POINT ( 'NONE',  ( 0.0000000000000000000, 0.0000000000000000000, 0.0000000000000000000 ) ) ;
#7146 = DIRECTION ( 'NONE',  ( 0.0000000000000000000, 0.0000000000000000000, 1.000000000000000000 ) ) ;
#7147 = LINE ( 'NONE', #2544, #4506 ) ;
#7148 = EDGE_LOOP ( 'NONE', ( #6319, #1500, #4153, #4758 ) ) ;
#7149 = AXIS2_PLACEMENT_3D ( 'NONE', #3128, #7041, #4612 ) ;
#7150 = VERTEX_POINT ( 'NONE', #4234 ) ;
#7151 = CARTESIAN_POINT ( 'NONE',  ( -5.562305207913751381, -7.655858294680415455, 2.783463551561486060 ) ) ;
#7152 = VECTOR ( 'NONE', #6476, 1000.000000000000000 ) ;
#7153 = CARTESIAN_POINT ( 'NONE',  ( 9.000000398245260769, 0.0000000000000000000, 0.0000000000000000000 ) ) ;
#7154 = CARTESIAN_POINT ( 'NONE',  ( 4.499999821055703286, 1.462139183781881568, 40.57282423711287578 ) ) ;
#7155 = CARTESIAN_POINT ( 'NONE',  ( -5.562307081842443601, 7.655856933191524938, 38.69266403014123767 ) ) ;
#7156 = CARTESIAN_POINT ( 'NONE',  ( -4.500000000000000000, -2.005694219537652417E-14, 18.30023459240814887 ) ) ;
#7157 = ORIENTED_EDGE ( 'NONE', *, *, #6991, .F. ) ;
#7158 = ADVANCED_FACE ( 'NONE', ( #4600 ), #4718, .T. ) ;
#7159 = ORIENTED_EDGE ( 'NONE', *, *, #5968, .T. ) ;
#7160 = CARTESIAN_POINT ( 'NONE',  ( -4.500000178944229212, 1.462138082314257126, 25.09771110058312615 ) ) ;
#7161 = CARTESIAN_POINT ( 'NONE',  ( 7.281152624135192042, 5.290068395820989977, 19.68277222186082653 ) ) ;
#7162 = ORIENTED_EDGE ( 'NONE', *, *, #4412, .T. ) ;
#7163 = EDGE_LOOP ( 'NONE', ( #1960, #4523, #3992, #4724 ) ) ;
#7164 = CARTESIAN_POINT ( 'NONE',  ( -5.562305207913817107, -7.655858294680368381, 34.77547420298042624 ) ) ;
#7165 = FACE_OUTER_BOUND ( 'NONE', #5873, .T. ) ;
#7166 = CARTESIAN_POINT ( 'NONE',  ( 4.499999821055716609, 1.462139183781840934, 35.69716592701826841 ) ) ;
#7167 =( BOUNDED_CURVE ( )  B_SPLINE_CURVE ( 2, ( #2142, #7268, #5481, #3296, #4287, #3195, #6037, #3700, #6128, #1043, #909 ),
 .UNSPECIFIED., .F., .F. ) 
 B_SPLINE_CURVE_WITH_KNOTS ( ( 3, 2, 2, 2, 2, 3 ),
 ( 0.1607142850070587270, 0.1642857142857142849, 0.1678571428571428437, 0.1714285714285714302, 0.1749999999999999889, 0.1785714278642015762 ),
 .UNSPECIFIED. ) 
 CURVE ( )  GEOMETRIC_REPRESENTATION_ITEM ( )  RATIONAL_B_SPLINE_CURVE ( ( 1.000000000000000000, 0.9510565162951535312, 1.000000000000000000, 0.9510565162951535312, 1.000000000000000000, 0.9510565162951535312, 1.000000000000000000, 0.9510565162951535312, 1.000000000000000000, 0.9510565162951535312, 1.000000000000000000 ) ) 
 REPRESENTATION_ITEM ( '' )  );
#7168 = CARTESIAN_POINT ( 'NONE',  ( -1.158151685213484863E-06, 9.463160436884182403, 52.28761695969936341 ) ) ;
#7169 = LINE ( 'NONE', #6372, #2454 ) ;
#7170 = CARTESIAN_POINT ( 'NONE',  ( 0.0000000000000000000, 0.0000000000000000000, 0.0000000000000000000 ) ) ;
#7171 = CARTESIAN_POINT ( 'NONE',  ( 3.640576150974023317, 2.645034080869123283, 3.553167051198650839 ) ) ;
#7172 = CARTESIAN_POINT ( 'NONE',  ( 9.000000398245260769, 0.0000000000000000000, 0.0000000000000000000 ) ) ;
#7173 = ORIENTED_EDGE ( 'NONE', *, *, #5533, .F. ) ;
#7174 = ORIENTED_EDGE ( 'NONE', *, *, #4336, .T. ) ;
#7175 = CARTESIAN_POINT ( 'NONE',  ( 3.784220318377649495, -2.435092725539987235, 65.59444570697162646 ) ) ;
#7176 = DIRECTION ( 'NONE',  ( 0.0000000000000000000, 0.0000000000000000000, 1.000000000000000000 ) ) ;
#7177 = CARTESIAN_POINT ( 'NONE',  ( -8.820381136433397273, -3.428160157031935995, 64.78796544843851279 ) ) ;
#7178 = DIRECTION ( 'NONE',  ( 0.0000000000000000000, 0.0000000000000000000, 1.000000000000000000 ) ) ;
#7179 = LINE ( 'NONE', #2634, #4580 ) ;
#7180 = ORIENTED_EDGE ( 'NONE', *, *, #4999, .T. ) ;
#7181 = ORIENTED_EDGE ( 'NONE', *, *, #6608, .T. ) ;
#7182 = AXIS2_PLACEMENT_3D ( 'NONE', #1717, #6963, #4787 ) ;
#7183 = CARTESIAN_POINT ( 'NONE',  ( -9.000000398245260769, 1.102182168003596278E-15, 0.0000000000000000000 ) ) ;
#7184 =( BOUNDED_CURVE ( )  B_SPLINE_CURVE ( 2, ( #6666, #2931, #6113, #1116, #7252, #6392, #5804, #4056, #123, #4962, #6154 ),
 .UNSPECIFIED., .F., .F. ) 
 B_SPLINE_CURVE_WITH_KNOTS ( ( 3, 2, 2, 2, 2, 3 ),
 ( 0.9310344820757808781, 0.9344827586206896353, 0.9379310344827586077, 0.9413793103448275801, 0.9448275862068965525, 0.9482758613861256292 ),
 .UNSPECIFIED. ) 
 CURVE ( )  GEOMETRIC_REPRESENTATION_ITEM ( )  RATIONAL_B_SPLINE_CURVE ( ( 1.000000000000000000, 0.9510565162951535312, 1.000000000000000000, 0.9510565162951535312, 1.000000000000000000, 0.9510565162951535312, 1.000000000000000000, 0.9510565162951535312, 1.000000000000000000, 0.9510565162951535312, 1.000000000000000000 ) ) 
 REPRESENTATION_ITEM ( '' )  );
#7185 = CARTESIAN_POINT ( 'NONE',  ( -1.158151675942261598E-06, 9.463160436884182403, 61.77173388998316028 ) ) ;
#7186 =( BOUNDED_CURVE ( )  B_SPLINE_CURVE ( 2, ( #1389, #958, #1486, #5428, #2042, #2992, #6400, #5861, #763, #273, #49 ),
 .UNSPECIFIED., .F., .F. ) 
 B_SPLINE_CURVE_WITH_KNOTS ( ( 3, 2, 2, 2, 2, 3 ),
 ( 0.07142857072134442542, 0.07499999999999999722, 0.07857142857142856984, 0.08214285714285714246, 0.08571428571428571508, 0.08928571357848728851 ),
 .UNSPECIFIED. ) 
 CURVE ( )  GEOMETRIC_REPRESENTATION_ITEM ( )  RATIONAL_B_SPLINE_CURVE ( ( 1.000000000000000000, 0.9510565162951535312, 1.000000000000000000, 0.9510565162951535312, 1.000000000000000000, 0.9510565162951535312, 1.000000000000000000, 0.9510565162951535312, 1.000000000000000000, 0.9510565162951535312, 1.000000000000000000 ) ) 
 REPRESENTATION_ITEM ( '' )  );
#7187 = EDGE_CURVE ( 'NONE', #1029, #6307, #4775, .T. ) ;
#7188 = CARTESIAN_POINT ( 'NONE',  ( 9.000000398245262545, -2.602816161207244035E-14, 54.28298858877981559 ) ) ;
#7189 = ORIENTED_EDGE ( 'NONE', *, *, #1561, .F. ) ;
#7190 = CARTESIAN_POINT ( 'NONE',  ( -5.790757937931702878E-07, 4.731580009072167137, 31.54955316884799998 ) ) ;
#7191 = DIRECTION ( 'NONE',  ( 1.000000000000000000, 0.0000000000000000000, 0.0000000000000000000 ) ) ;
#7192 = EDGE_LOOP ( 'NONE', ( #2193, #2776, #410, #2119 ) ) ;
#7193 =( BOUNDED_CURVE ( )  B_SPLINE_CURVE ( 2, ( #979, #6901, #5605, #451, #1028, #2118, #2767, #2389, #2067, #4679, #5655 ),
 .UNSPECIFIED., .F., .F. ) 
 B_SPLINE_CURVE_WITH_KNOTS ( ( 3, 2, 2, 2, 2, 3 ),
 ( 0.5535714278642016595, 0.5571428571428571619, 0.5607142857142857206, 0.5642857142857142794, 0.5678571428571428381, 0.5714285707213444532 ),
 .UNSPECIFIED. ) 
 CURVE ( )  GEOMETRIC_REPRESENTATION_ITEM ( )  RATIONAL_B_SPLINE_CURVE ( ( 1.000000000000000000, 0.9510565162951535312, 1.000000000000000000, 0.9510565162951535312, 1.000000000000000000, 0.9510565162951535312, 1.000000000000000000, 0.9510565162951535312, 1.000000000000000000, 0.9510565162951535312, 1.000000000000000000 ) ) 
 REPRESENTATION_ITEM ( '' )  );
#7194 =( BOUNDED_CURVE ( )  B_SPLINE_CURVE ( 2, ( #299, #1924, #3632, #4270, #5923, #3678, #1459, #6472, #4864, #1509, #886 ),
 .UNSPECIFIED., .F., .F. ) 
 B_SPLINE_CURVE_WITH_KNOTS ( ( 3, 2, 2, 2, 2, 3 ),
 ( 0.8448275855240567900, 0.8482758620689655471, 0.8517241379310345195, 0.8551724137931034919, 0.8586206896551724643, 0.8620689648344014300 ),
 .UNSPECIFIED. ) 
 CURVE ( )  GEOMETRIC_REPRESENTATION_ITEM ( )  RATIONAL_B_SPLINE_CURVE ( ( 1.000000000000000000, 0.9510565162951535312, 1.000000000000000000, 0.9510565162951535312, 1.000000000000000000, 0.9510565162951535312, 1.000000000000000000, 0.9510565162951535312, 1.000000000000000000, 0.9510565162951535312, 1.000000000000000000 ) ) 
 REPRESENTATION_ITEM ( '' )  );
#7195 = CARTESIAN_POINT ( 'NONE',  ( 4.500000178944207896, -1.462138082314321297, 58.50903609695478025 ) ) ;
#7196 = ORIENTED_EDGE ( 'NONE', *, *, #6086, .T. ) ;
#7197 = VECTOR ( 'NONE', #5967, 1000.000000000000000 ) ;
#7198 = EDGE_CURVE ( 'NONE', #5627, #3783, #4630, .T. ) ;
#7199 = CARTESIAN_POINT ( 'NONE',  ( -2.781154119996997132, 8.559508685037862108, 48.06156949492031316 ) ) ;
#7200 = LINE ( 'NONE', #5022, #2269 ) ;
#7201 = ORIENTED_EDGE ( 'NONE', *, *, #5240, .F. ) ;
#7202 = ORIENTED_EDGE ( 'NONE', *, *, #2422, .T. ) ;
#7203 = EDGE_CURVE ( 'NONE', #7253, #4813, #2098, .T. ) ;
#7204 = DIRECTION ( 'NONE',  ( 0.0000000000000000000, 0.0000000000000000000, 1.000000000000000000 ) ) ;
#7205 = CARTESIAN_POINT ( 'NONE',  ( 2.781154119997064633, -8.559508685037839015, 7.737556568264868595 ) ) ;
#7206 = ORIENTED_EDGE ( 'NONE', *, *, #3313, .T. ) ;
#7207 = CARTESIAN_POINT ( 'NONE',  ( 2.781152024881076379, 8.559509365782290047, 31.43434170334327149 ) ) ;
#7208 = DIRECTION ( 'NONE',  ( 0.0000000000000000000, 0.0000000000000000000, 1.000000000000000000 ) ) ;
#7209 = DIRECTION ( 'NONE',  ( 0.0000000000000000000, 0.0000000000000000000, 1.000000000000000000 ) ) ;
#7210 = CARTESIAN_POINT ( 'NONE',  ( 4.500000000000000888, 3.363895565672463791E-15, 8.198402386887869042 ) ) ;
#7211 = EDGE_CURVE ( 'NONE', #2211, #6299, #2264, .T. ) ;
#7212 = DIRECTION ( 'NONE',  ( -1.000000000000000000, 0.0000000000000000000, 0.0000000000000000000 ) ) ;
#7213 = LINE ( 'NONE', #4994, #2392 ) ;
#7214 = EDGE_LOOP ( 'NONE', ( #4567, #7094, #5666, #2754 ) ) ;
#7215 = CARTESIAN_POINT ( 'NONE',  ( 5.562307081842488898, -7.655856933191492963, 16.80248558424257865 ) ) ;
#7216 = ORIENTED_EDGE ( 'NONE', *, *, #1105, .F. ) ;
#7217 = EDGE_CURVE ( 'NONE', #5598, #1136, #2287, .T. ) ;
#7218 = CARTESIAN_POINT ( 'NONE',  ( -4.500000000000000888, -5.497005396024787704E-15, 25.21292252269194023 ) ) ;
#7219 = DIRECTION ( 'NONE',  ( 0.0000000000000000000, 0.0000000000000000000, 1.000000000000000000 ) ) ;
#7220 = ORIENTED_EDGE ( 'NONE', *, *, #3743, .F. ) ;
#7221 = CARTESIAN_POINT ( 'NONE',  ( 5.562307081842450707, -7.655856933191518721, 62.88707178613451987 ) ) ;
#7222 = VECTOR ( 'NONE', #4221, 1000.000000000000000 ) ;
#7223 = CARTESIAN_POINT ( 'NONE',  ( -2.781154119997068186, 8.559508685037837239, 36.54042294444732875 ) ) ;
#7224 = CARTESIAN_POINT ( 'NONE',  ( 4.499999821055700622, 1.462139183781892005, 1.400925965504729920 ) ) ;
#7225 = VECTOR ( 'NONE', #1744, 1000.000000000000000 ) ;
#7226 = CARTESIAN_POINT ( 'NONE',  ( 4.500000000000001776, -1.326672756770254415E-14, 49.67452996859061898 ) ) ;
#7227 = CARTESIAN_POINT ( 'NONE',  ( 7.281152624135199147, 5.290068395820979319, 33.77534777233380936 ) ) ;
#7228 = CARTESIAN_POINT ( 'NONE',  ( 5.562307081842484457, -7.655856933191495628, 21.67814389433717537 ) ) ;
#7229 = ORIENTED_EDGE ( 'NONE', *, *, #3998, .F. ) ;
#7230 = ADVANCED_FACE ( 'NONE', ( #7237 ), #6755, .T. ) ;
#7231 = ORIENTED_EDGE ( 'NONE', *, *, #1490, .T. ) ;
#7232 = DIRECTION ( 'NONE',  ( 0.0000000000000000000, 0.0000000000000000000, 1.000000000000000000 ) ) ;
#7233 = CARTESIAN_POINT ( 'NONE',  ( 2.293044932606150610, 8.702985241022997087, 66.28571450000001164 ) ) ;
#7234 = CARTESIAN_POINT ( 'NONE',  ( -9.000000398245262545, -8.422343182406819715E-14, 39.30549807316494082 ) ) ;
#7235 = ORIENTED_EDGE ( 'NONE', *, *, #3416, .F. ) ;
#7236 = CARTESIAN_POINT ( 'NONE',  ( 1.390575950908276237, 4.279754493514265512, 13.00050722258649571 ) ) ;
#7237 = FACE_OUTER_BOUND ( 'NONE', #7081, .T. ) ;
#7238 = CARTESIAN_POINT ( 'NONE',  ( 5.562307081842487122, -7.655856933191493852, 19.10671489433717340 ) ) ;
#7239 = DIRECTION ( 'NONE',  ( 1.000000000000000000, 0.0000000000000000000, 0.0000000000000000000 ) ) ;
#7240 = VECTOR ( 'NONE', #5617, 1000.000000000000000 ) ;
#7241 = EDGE_CURVE ( 'NONE', #2020, #1394, #4172, .T. ) ;
#7242 = VERTEX_POINT ( 'NONE', #4992 ) ;
#7243 = CARTESIAN_POINT ( 'NONE',  ( -4.500000178944228324, 1.462138082314259568, 29.70616972077232276 ) ) ;
#7244 = DIRECTION ( 'NONE',  ( 0.0000000000000000000, 0.0000000000000000000, 1.000000000000000000 ) ) ;
#7245 = VERTEX_POINT ( 'NONE', #3665 ) ;
#7246 = DIRECTION ( 'NONE',  ( 1.000000000000000000, 0.0000000000000000000, 0.0000000000000000000 ) ) ;
#7247 = CARTESIAN_POINT ( 'NONE',  ( 2.781152480892398859, 3.827928977956325696, 56.66565264887910303 ) ) ;
#7248 = DIRECTION ( 'NONE',  ( 0.0000000000000000000, 0.0000000000000000000, 1.000000000000000000 ) ) ;
#7249 = ORIENTED_EDGE ( 'NONE', *, *, #839, .T. ) ;
#7250 = DIRECTION ( 'NONE',  ( 0.0000000000000000000, 0.0000000000000000000, 1.000000000000000000 ) ) ;
#7251 = CYLINDRICAL_SURFACE ( 'NONE', #5370, 9.000000398245260769 ) ;
#7252 = CARTESIAN_POINT ( 'NONE',  ( 1.390575950908288005, 4.279754493514261959, 61.65652242447843889 ) ) ;
#7253 = VERTEX_POINT ( 'NONE', #4899 ) ;
#7254 = EDGE_LOOP ( 'NONE', ( #3848, #3002, #4427, #2175 ) ) ;
#7255 = CARTESIAN_POINT ( 'NONE',  ( -3.640576798400442904, 2.645033189763104531, 50.59622173602436845 ) ) ;
#7256 = ORIENTED_EDGE ( 'NONE', *, *, #1853, .F. ) ;
#7257 = CARTESIAN_POINT ( 'NONE',  ( 9.000000398245257216, -1.106077367795619885E-14, 15.11109031717166040 ) ) ;
#7258 = DIRECTION ( 'NONE',  ( 1.000000000000000000, 0.0000000000000000000, 0.0000000000000000000 ) ) ;
#7259 = DIRECTION ( 'NONE',  ( 1.000000000000000000, 0.0000000000000000000, 0.0000000000000000000 ) ) ;
#7260 =( BOUNDED_CURVE ( )  B_SPLINE_CURVE ( 2, ( #3578, #2955, #6873, #4644, #1628, #3444, #6363, #3533, #582, #2840, #4081 ),
 .UNSPECIFIED., .F., .F. ) 
 B_SPLINE_CURVE_WITH_KNOTS ( ( 3, 2, 2, 2, 2, 3 ),
 ( 0.4642857135784873024, 0.4678571428571428603, 0.4714285714285714191, 0.4749999999999999778, 0.4785714285714285920, 0.4821428564356302071 ),
 .UNSPECIFIED. ) 
 CURVE ( )  GEOMETRIC_REPRESENTATION_ITEM ( )  RATIONAL_B_SPLINE_CURVE ( ( 1.000000000000000000, 0.9510565162951535312, 1.000000000000000000, 0.9510565162951535312, 1.000000000000000000, 0.9510565162951535312, 1.000000000000000000, 0.9510565162951535312, 1.000000000000000000, 0.9510565162951535312, 1.000000000000000000 ) ) 
 REPRESENTATION_ITEM ( '' )  );
#7261 = ORIENTED_EDGE ( 'NONE', *, *, #347, .F. ) ;
#7262 = CARTESIAN_POINT ( 'NONE',  ( 2.781152024881164309, 8.559509365782261625, 61.38932273457302102 ) ) ;
#7263 = ORIENTED_EDGE ( 'NONE', *, *, #5629, .F. ) ;
#7264 = CARTESIAN_POINT ( 'NONE',  ( 9.000000756133713864, -2.924276294026261436, 61.08046509695478221 ) ) ;
#7265 =( BOUNDED_CURVE ( )  B_SPLINE_CURVE ( 2, ( #5179, #3981, #5722, #4527, #3489, #6775, #6316, #6268, #523, #5628, #6731 ),
 .UNSPECIFIED., .F., .F. ) 
 B_SPLINE_CURVE_WITH_KNOTS ( ( 3, 2, 2, 2, 2, 3 ),
 ( 0.7678571421499159610, 0.7714285714285714635, 0.7750000000000000222, 0.7785714285714285809, 0.7821428571428571397, 0.7857142850070588658 ),
 .UNSPECIFIED. ) 
 CURVE ( )  GEOMETRIC_REPRESENTATION_ITEM ( )  RATIONAL_B_SPLINE_CURVE ( ( 1.000000000000000000, 0.9510565162951535312, 1.000000000000000000, 0.9510565162951535312, 1.000000000000000000, 0.9510565162951535312, 1.000000000000000000, 0.9510565162951535312, 1.000000000000000000, 0.9510565162951535312, 1.000000000000000000 ) ) 
 REPRESENTATION_ITEM ( '' )  );
#7266 = CARTESIAN_POINT ( 'NONE',  ( 2.781154119997101937, -8.559508685037826581, 32.81687928940002763 ) ) ;
#7267 = VERTEX_POINT ( 'NONE', #4301 ) ;
#7268 = CARTESIAN_POINT ( 'NONE',  ( -4.499999821055706839, -1.462139183781868246, 11.50275817102500753 ) ) ;
#7269 = CARTESIAN_POINT ( 'NONE',  ( 5.562305207913792238, 7.655858294680387033, 36.19478854793314326 ) ) ;
#7270 = CARTESIAN_POINT ( 'NONE',  ( -9.000000756133681890, 2.924276294026349365, 52.74846282171828449 ) ) ;
#7271 = VECTOR ( 'NONE', #1618, 1000.000000000000000 ) ;
#7272 = DIRECTION ( 'NONE',  ( 1.000000000000000000, 0.0000000000000000000, 0.0000000000000000000 ) ) ;
#7273 = CARTESIAN_POINT ( 'NONE',  ( 7.281152624135224904, 5.290068395820943792, 12.77008429157703695 ) ) ;
#7274 = CARTESIAN_POINT ( 'NONE',  ( -3.640576798400453562, 2.645033189763090320, 13.72855277451082223 ) ) ;
#7275 = ORIENTED_EDGE ( 'NONE', *, *, #4965, .T. ) ;
#7276 = ORIENTED_EDGE ( 'NONE', *, *, #4358, .F. ) ;
#7277 = EDGE_CURVE ( 'NONE', #1060, #5907, #1730, .T. ) ;
#7278 = APPLICATION_CONTEXT ( 'automotive_design' ) ;
#7279 = CARTESIAN_POINT ( 'NONE',  ( 4.500000000000000000, 1.785816063376426808E-14, 56.32001820896900313 ) ) ;
#7280 = CARTESIAN_POINT ( 'NONE',  ( -5.562307081842439160, 7.655856933191528491, 43.30112265033043428 ) ) ;
#7281 = CARTESIAN_POINT ( 'NONE',  ( 0.0000000000000000000, 0.0000000000000000000, 0.0000000000000000000 ) ) ;
#7282 = AXIS2_PLACEMENT_3D ( 'NONE', #7298, #7339, #1709 ) ;
#7283 = CARTESIAN_POINT ( 'NONE',  ( 1.390576998466237724, -4.279754153142050654, 19.25870311873785568 ) ) ;
#7284 = ORIENTED_EDGE ( 'NONE', *, *, #4174, .F. ) ;
#7285 = CARTESIAN_POINT ( 'NONE',  ( 0.0000000000000000000, 0.0000000000000000000, 0.0000000000000000000 ) ) ;
#7286 = CYLINDRICAL_SURFACE ( 'NONE', #2270, 9.000000398245260769 ) ;
#7287 = CARTESIAN_POINT ( 'NONE',  ( 9.000000040356663789, 2.924278496961499219, 61.31088802796423920 ) ) ;
#7288 = LINE ( 'NONE', #5767, #6907 ) ;
#7289 = CARTESIAN_POINT ( 'NONE',  ( 9.000000040356651354, 2.924278496961529417, 29.05167768663988426 ) ) ;
#7290 = ORIENTED_EDGE ( 'NONE', *, *, #5892, .F. ) ;
#7291 = CARTESIAN_POINT ( 'NONE',  ( 2.781152480892334022, 3.827928977956373213, 29.01490092774394469 ) ) ;
#7292 = ADVANCED_FACE ( 'NONE', ( #6511 ), #6570, .F. ) ;
#7293 = ORIENTED_EDGE ( 'NONE', *, *, #1020, .T. ) ;
#7294 = EDGE_CURVE ( 'NONE', #4163, #5664, #6542, .T. ) ;
#7295 = DIRECTION ( 'NONE',  ( 0.0000000000000000000, 0.0000000000000000000, 1.000000000000000000 ) ) ;
#7296 = CARTESIAN_POINT ( 'NONE',  ( -4.500000000000000888, 7.994547023094337917E-15, 18.56743428231354898 ) ) ;
#7297 = ORIENTED_EDGE ( 'NONE', *, *, #6396, .T. ) ;
#7298 = CARTESIAN_POINT ( 'NONE',  ( 0.0000000000000000000, 0.0000000000000000000, 0.0000000000000000000 ) ) ;
#7299 = EDGE_CURVE ( 'NONE', #104, #5689, #6603, .T. ) ;
#7300 = DIRECTION ( 'NONE',  ( 0.0000000000000000000, 0.0000000000000000000, 1.000000000000000000 ) ) ;
#7301 = LINE ( 'NONE', #5236, #4912 ) ;
#7302 = ORIENTED_EDGE ( 'NONE', *, *, #5173, .F. ) ;
#7303 = EDGE_LOOP ( 'NONE', ( #2120, #860, #2152, #3427 ) ) ;
#7304 = CARTESIAN_POINT ( 'NONE',  ( 9.000000040356676223, 2.924278496961463691, 31.08870730682907535 ) ) ;
#7305 = CARTESIAN_POINT ( 'NONE',  ( 9.000000398245260769, -5.781553898576993545E-14, 40.45761272821221866 ) ) ;
#7306 = CARTESIAN_POINT ( 'NONE',  ( -4.500000000000000888, 7.994547023094337917E-15, 18.56743428231354898 ) ) ;
#7307 = CYLINDRICAL_SURFACE ( 'NONE', #2912, 9.000000398245260769 ) ;
#7308 = DIRECTION ( 'NONE',  ( 1.000000000000000000, 0.0000000000000000000, 0.0000000000000000000 ) ) ;
#7309 = EDGE_CURVE ( 'NONE', #5253, #5132, #4246, .T. ) ;
#7310 = ORIENTED_EDGE ( 'NONE', *, *, #1020, .F. ) ;
#7311 = CARTESIAN_POINT ( 'NONE',  ( 5.790757613380326876E-07, -4.731580009072167137, 62.65664885512506288 ) ) ;
#7312 = CARTESIAN_POINT ( 'NONE',  ( -3.640576798400446457, 2.645033189763100534, 15.76558239470001332 ) ) ;
#7313 = VERTEX_POINT ( 'NONE', #2501 ) ;
#7314 = CARTESIAN_POINT ( 'NONE',  ( -1.390575950908262248, -4.279754493514270841, 5.202904327160813303 ) ) ;
#7315 = EDGE_LOOP ( 'NONE', ( #5312, #2109, #493, #5180 ) ) ;
#7316 = DIRECTION ( 'NONE',  ( 0.0000000000000000000, 0.0000000000000000000, 1.000000000000000000 ) ) ;
#7317 = DIRECTION ( 'NONE',  ( 0.0000000000000000000, 0.0000000000000000000, 1.000000000000000000 ) ) ;
#7318 = DIRECTION ( 'NONE',  ( 0.0000000000000000000, 0.0000000000000000000, 1.000000000000000000 ) ) ;
#7319 = LINE ( 'NONE', #3924, #86 ) ;
#7320 = FACE_OUTER_BOUND ( 'NONE', #4935, .T. ) ;
#7321 = CARTESIAN_POINT ( 'NONE',  ( 2.781152024881059504, 8.559509365782295376, 13.00050722258649571 ) ) ;
#7322 = CARTESIAN_POINT ( 'NONE',  ( 1.390575950908290892, 4.279754493514260183, 45.25971756391084710 ) ) ;
#7323 = ORIENTED_EDGE ( 'NONE', *, *, #981, .T. ) ;
#7324 = ORIENTED_EDGE ( 'NONE', *, *, #2771, .T. ) ;
#7325 = CARTESIAN_POINT ( 'NONE',  ( 7.281152624135204476, 5.290068395820972214, 42.72506532280679181 ) ) ;
#7326 = DIRECTION ( 'NONE',  ( 1.000000000000000000, 0.0000000000000000000, 0.0000000000000000000 ) ) ;
#7327 = CARTESIAN_POINT ( 'NONE',  ( -4.500000000000000888, 5.510910596163089556E-16, 64.99985808877012516 ) ) ;
#7328 = AXIS2_PLACEMENT_3D ( 'NONE', #6041, #1303, #3144 ) ;
#7329 = ORIENTED_EDGE ( 'NONE', *, *, #5054, .F. ) ;
#7330 = CARTESIAN_POINT ( 'NONE',  ( 4.500000178944230100, -1.462138082314256016, 12.69164958496825157 ) ) ;
#7331 = VECTOR ( 'NONE', #1775, 1000.000000000000000 ) ;
#7332 = ADVANCED_FACE ( 'NONE', ( #1794 ), #1743, .T. ) ;
#7333 = CARTESIAN_POINT ( 'NONE',  ( -9.000000398245257216, -6.585299652096002638E-15, 30.08858083278653339 ) ) ;
#7334 = CARTESIAN_POINT ( 'NONE',  ( -9.000000040356693987, -2.924278496961401963, 62.46300268301153835 ) ) ;
#7335 = VERTEX_POINT ( 'NONE', #5998 ) ;
#7336 = CARTESIAN_POINT ( 'NONE',  ( 2.781152480892341572, 3.827928977956368328, 47.44873540850071691 ) ) ;
#7337 = CARTESIAN_POINT ( 'NONE',  ( 0.0000000000000000000, 0.0000000000000000000, 0.0000000000000000000 ) ) ;
#7338 = ORIENTED_EDGE ( 'NONE', *, *, #5836, .T. ) ;
#7339 = DIRECTION ( 'NONE',  ( 0.0000000000000000000, 0.0000000000000000000, 1.000000000000000000 ) ) ;
#7340 = LINE ( 'NONE', #4698, #4976 ) ;
#7341 = LINE ( 'NONE', #724, #44 ) ;
#7342 = CYLINDRICAL_SURFACE ( 'NONE', #7352, 4.500000000000000888 ) ;
#7343 = ADVANCED_FACE ( 'NONE', ( #4360 ), #4352, .F. ) ;
#7344 = ORIENTED_EDGE ( 'NONE', *, *, #3571, .F. ) ;
#7345 = DIRECTION ( 'NONE',  ( 1.000000000000000000, 0.0000000000000000000, 0.0000000000000000000 ) ) ;
#7346 = EDGE_LOOP ( 'NONE', ( #683, #714, #516, #5661 ) ) ;
#7347 = CARTESIAN_POINT ( 'NONE',  ( -4.500000000000000888, 5.510910596163089556E-16, 0.0000000000000000000 ) ) ;
#7348 = EDGE_CURVE ( 'NONE', #5500, #4820, #4297, .T. ) ;
#7349 = CARTESIAN_POINT ( 'NONE',  ( 0.0000000000000000000, 0.0000000000000000000, 0.0000000000000000000 ) ) ;
#7350 = CARTESIAN_POINT ( 'NONE',  ( 4.499999821055700622, 1.462139183781892449, 17.53053113616691050 ) ) ;
#7351 = DIRECTION ( 'NONE',  ( 1.000000000000000000, 0.0000000000000000000, 0.0000000000000000000 ) ) ;
#7352 = AXIS2_PLACEMENT_3D ( 'NONE', #6740, #6696, #5733 ) ;
#7353 = CARTESIAN_POINT ( 'NONE',  ( 1.390576998466234615, -4.279754153142052431, 2.861898258170271436 ) ) ;
#7354 = LINE ( 'NONE', #6426, #2381 ) ;
#7355 = ORIENTED_EDGE ( 'NONE', *, *, #2858, .F. ) ;
#7356 = CARTESIAN_POINT ( 'NONE',  ( -9.000000398245260769, 1.102182168003596278E-15, 0.0000000000000000000 ) ) ;
#7357 = CARTESIAN_POINT ( 'NONE',  ( 0.0000000000000000000, 0.0000000000000000000, 0.0000000000000000000 ) ) ;
#7358 = ORIENTED_EDGE ( 'NONE', *, *, #6841, .F. ) ;
#7359 = CARTESIAN_POINT ( 'NONE',  ( -2.781153417856653043, 3.827928297211947939, 24.86728816957366206 ) ) ;
#7360 = CARTESIAN_POINT ( 'NONE',  ( 1.158151671294934653E-06, -9.463160436884182403, 32.70166782389529914 ) ) ;
#7361 = CARTESIAN_POINT ( 'NONE',  ( -5.562307081842507550, 7.655856933191478753, 27.17151747966827102 ) ) ;
#7362 = FACE_OUTER_BOUND ( 'NONE', #7214, .T. ) ;
#7363 = EDGE_CURVE ( 'NONE', #3954, #3570, #4403, .T. ) ;
#7364 = CARTESIAN_POINT ( 'NONE',  ( 9.000000398245262545, 4.453373196690685983E-14, 47.10310096859061701 ) ) ;
#7365 = CARTESIAN_POINT ( 'NONE',  ( 1.158151657388099968E-06, -9.463160436884182403, 46.79424337436828552 ) ) ;
#7366 = FACE_OUTER_BOUND ( 'NONE', #5096, .T. ) ;
#7367 = CARTESIAN_POINT ( 'NONE',  ( -1.158151649837658229E-06, 9.463160436884182403, 3.898801447712839874 ) ) ;
#7368 = CARTESIAN_POINT ( 'NONE',  ( 5.790757415927802092E-07, -4.731580009072167137, 58.31538992484126283 ) ) ;
#7369 = AXIS2_PLACEMENT_3D ( 'NONE', #5908, #4298, #5994 ) ;
#7370 = CARTESIAN_POINT ( 'NONE',  ( -4.500000178944227436, 1.462138082314261789, 34.31462834096151227 ) ) ;
#7371 = ORIENTED_EDGE ( 'NONE', *, *, #2619, .F. ) ;
#7372 = ORIENTED_EDGE ( 'NONE', *, *, #2858, .T. ) ;
ENDSEC;
END-ISO-10303-21;
